np_str_id;durchschnitt_besetzung_tag;jahr;tage
10000;1416,606;2010;Mo-Fr
10004;1092,724;2010;Mo-Fr
10006;1248,905;2010;Mo-Fr
10014;2509,675;2010;Mo-Fr
10026;8272,944;2010;Mo-Fr
10030;8214,59;2010;Mo-Fr
10040;5636,27;2010;Mo-Fr
10042;5436,137;2010;Mo-Fr
10044;5497,051;2010;Mo-Fr
10046;5178,088;2010;Mo-Fr
10050;5252,166;2010;Mo-Fr
10052;6634,147;2010;Mo-Fr
10054;5357,911;2010;Mo-Fr
10056;2251,338;2010;Mo-Fr
10058;1587,91;2010;Mo-Fr
10060;1321,233;2010;Mo-Fr
10062;1206,803;2010;Mo-Fr
10068;143,972;2010;Mo-Fr
10072;819,457;2010;Mo-Fr
10074;1163,738;2010;Mo-Fr
10076;1278,622;2010;Mo-Fr
10080;1639,929;2010;Mo-Fr
10084;1500,801;2010;Mo-Fr
10086;1492,154;2010;Mo-Fr
10088;1429,491;2010;Mo-Fr
10090;1430,553;2010;Mo-Fr
10092;1266,548;2010;Mo-Fr
10094;1257,986;2010;Mo-Fr
10096;1258,106;2010;Mo-Fr
10098;2289,905;2010;Mo-Fr
10100;2290,367;2010;Mo-Fr
10102;2668,287;2010;Mo-Fr
10104;13009,546;2010;Mo-Fr
10108;3073,768;2010;Mo-Fr
10110;3146,173;2010;Mo-Fr
10114;2565,272;2010;Mo-Fr
10122;1327,851;2010;Mo-Fr
10124;1603,381;2010;Mo-Fr
10126;1520,485;2010;Mo-Fr
10130;1516,77;2010;Mo-Fr
10132;1762,166;2010;Mo-Fr
10134;1863,025;2010;Mo-Fr
10136;2036,987;2010;Mo-Fr
10140;2129,195;2010;Mo-Fr
10142;4432,389;2010;Mo-Fr
10144;4967,004;2010;Mo-Fr
10146;488,581;2010;Mo-Fr
10150;406,095;2010;Mo-Fr
10152;6811,92;2010;Mo-Fr
10160;4957,785;2010;Mo-Fr
10162;5877,423;2010;Mo-Fr
10164;5991,35;2010;Mo-Fr
10166;6508,827;2010;Mo-Fr
10168;7083,714;2010;Mo-Fr
10170;6896,802;2010;Mo-Fr
10172;6435,302;2010;Mo-Fr
10174;5873,368;2010;Mo-Fr
10176;6659,525;2010;Mo-Fr
10180;7979,565;2010;Mo-Fr
10182;8871,746;2010;Mo-Fr
10184;1970,173;2010;Mo-Fr
10188;1931,793;2010;Mo-Fr
10190;1929,517;2010;Mo-Fr
10192;1554,559;2010;Mo-Fr
10194;1454,063;2010;Mo-Fr
10202;2112,584;2010;Mo-Fr
10204;2026,651;2010;Mo-Fr
10206;1801,363;2010;Mo-Fr
10208;1777,433;2010;Mo-Fr
10210;1702,188;2010;Mo-Fr
10212;1262,851;2010;Mo-Fr
10216;7319,862;2010;Mo-Fr
10218;6271,95;2010;Mo-Fr
10220;6022,584;2010;Mo-Fr
10222;5946,826;2010;Mo-Fr
10226;1048,338;2010;Mo-Fr
10228;770,637;2010;Mo-Fr
10230;378,75;2010;Mo-Fr
10232;361,669;2010;Mo-Fr
10234;344,418;2010;Mo-Fr
10236;347,463;2010;Mo-Fr
10238;403,21;2010;Mo-Fr
10242;522,538;2010;Mo-Fr
10244;549,187;2010;Mo-Fr
10246;4016,556;2010;Mo-Fr
10248;3865,192;2010;Mo-Fr
10250;3898,75;2010;Mo-Fr
10254;4244,763;2010;Mo-Fr
10258;758,721;2010;Mo-Fr
10260;749,913;2010;Mo-Fr
10262;749,201;2010;Mo-Fr
10266;730,461;2010;Mo-Fr
10288;305,845;2010;Mo-Fr
10290;312,077;2010;Mo-Fr
10292;351,775;2010;Mo-Fr
10294;334,504;2010;Mo-Fr
10296;308,239;2010;Mo-Fr
10298;304,889;2010;Mo-Fr
10304;9236,198;2010;Mo-Fr
10306;9296,302;2010;Mo-Fr
10312;27231,846;2010;Mo-Fr
10314;27490,529;2010;Mo-Fr
10318;25248,018;2010;Mo-Fr
10352;32792,239;2010;Mo-Fr
10358;13393,727;2010;Mo-Fr
10360;259,694;2010;Mo-Fr
10370;32961,477;2010;Mo-Fr
10376;31210,781;2010;Mo-Fr
10396;3246,104;2010;Mo-Fr
10402;558,222;2010;Mo-Fr
10404;990,843;2010;Mo-Fr
10406;992,065;2010;Mo-Fr
10408;1048,877;2010;Mo-Fr
10410;1054,065;2010;Mo-Fr
10412;1056,092;2010;Mo-Fr
10414;1107,805;2010;Mo-Fr
10416;1126,395;2010;Mo-Fr
10422;2732,701;2010;Mo-Fr
10424;3419,217;2010;Mo-Fr
10426;1814,018;2010;Mo-Fr
10428;990,1;2010;Mo-Fr
10430;3699,978;2010;Mo-Fr
10432;4031,122;2010;Mo-Fr
10434;762,605;2010;Mo-Fr
10436;762,605;2010;Mo-Fr
10442;762,605;2010;Mo-Fr
10446;7899,259;2010;Mo-Fr
10450;286,263;2010;Mo-Fr
10452;7485,685;2010;Mo-Fr
10454;6275,453;2010;Mo-Fr
10456;1715,525;2010;Mo-Fr
10476;6548,707;2010;Mo-Fr
10478;6541,307;2010;Mo-Fr
10480;5219,02;2010;Mo-Fr
10482;5052,172;2010;Mo-Fr
10484;2092,436;2010;Mo-Fr
10490;3471,122;2010;Mo-Fr
10492;3232,107;2010;Mo-Fr
10494;2541,561;2010;Mo-Fr
10496;3150,148;2010;Mo-Fr
10498;3111,684;2010;Mo-Fr
10500;2955,82;2010;Mo-Fr
10502;2956,188;2010;Mo-Fr
10504;2959,945;2010;Mo-Fr
10506;17286,283;2010;Mo-Fr
10508;17341,152;2010;Mo-Fr
10524;2874,677;2010;Mo-Fr
10528;3524,772;2010;Mo-Fr
10530;2959,787;2010;Mo-Fr
10536;250,93;2010;Mo-Fr
10544;26063,294;2010;Mo-Fr
10545;26063,294;2010;Mo-Fr
10549;7042,071;2010;Mo-Fr
10565;2189,417;2010;Mo-Fr
10569;3543,386;2010;Mo-Fr
10573;1500,059;2010;Mo-Fr
10578;253,418;2010;Mo-Fr
10687;4415,513;2010;Mo-Fr
10688;1139,398;2010;Mo-Fr
10691;3276,115;2010;Mo-Fr
10698;4838,807;2010;Mo-Fr
10701;3045,244;2010;Mo-Fr
10710;29,478;2010;Mo-Fr
10740;991,915;2010;Mo-Fr
10760;740,597;2010;Mo-Fr
10762;740,597;2010;Mo-Fr
10764;749,96;2010;Mo-Fr
10766;749,96;2010;Mo-Fr
10768;333,91;2010;Mo-Fr
10770;282,604;2010;Mo-Fr
10772;2114,051;2010;Mo-Fr
10774;2139,255;2010;Mo-Fr
10788;7042,071;2010;Mo-Fr
10789;7042,071;2010;Mo-Fr
10792;7385,92;2010;Mo-Fr
10793;7385,92;2010;Mo-Fr
10796;10699,714;2010;Mo-Fr
10797;10699,714;2010;Mo-Fr
10800;10504,534;2010;Mo-Fr
10801;10504,534;2010;Mo-Fr
10804;10249,585;2010;Mo-Fr
10805;10249,585;2010;Mo-Fr
10808;4496,854;2010;Mo-Fr
10809;4496,854;2010;Mo-Fr
10812;4174,827;2010;Mo-Fr
10816;4174,827;2010;Mo-Fr
10817;4174,827;2010;Mo-Fr
10821;5512,577;2010;Mo-Fr
10824;5512,577;2010;Mo-Fr
10825;5512,577;2010;Mo-Fr
10828;386,864;2010;Mo-Fr
10829;386,864;2010;Mo-Fr
10833;7089,369;2010;Mo-Fr
10836;4404,927;2010;Mo-Fr
10837;4404,927;2010;Mo-Fr
10844;7343,449;2010;Mo-Fr
10845;7343,449;2010;Mo-Fr
10848;1500,059;2010;Mo-Fr
10849;1500,059;2010;Mo-Fr
10853;2706,655;2010;Mo-Fr
10856;11732,087;2010;Mo-Fr
10857;11732,087;2010;Mo-Fr
10861;8653,8;2010;Mo-Fr
10869;2893,457;2010;Mo-Fr
10876;2914,547;2010;Mo-Fr
10877;2914,547;2010;Mo-Fr
10880;1952,591;2010;Mo-Fr
10881;1952,591;2010;Mo-Fr
10885;9641,195;2010;Mo-Fr
10888;9641,195;2010;Mo-Fr
10889;9641,195;2010;Mo-Fr
10892;1234,026;2010;Mo-Fr
10893;1234,026;2010;Mo-Fr
10896;1631,224;2010;Mo-Fr
10897;1631,224;2010;Mo-Fr
10904;9778,619;2010;Mo-Fr
10905;9778,619;2010;Mo-Fr
10908;3950,805;2010;Mo-Fr
10909;3950,805;2010;Mo-Fr
10936;2189,417;2010;Mo-Fr
10937;2189,417;2010;Mo-Fr
10940;3543,386;2010;Mo-Fr
10941;3543,386;2010;Mo-Fr
10944;1741,797;2010;Mo-Fr
10945;1741,797;2010;Mo-Fr
10948;250,93;2010;Mo-Fr
10952;1220,957;2010;Mo-Fr
10953;1220,957;2010;Mo-Fr
10956;250,93;2010;Mo-Fr
10957;250,93;2010;Mo-Fr
10960;868,261;2010;Mo-Fr
10961;868,261;2010;Mo-Fr
10964;3156,079;2010;Mo-Fr
10965;3156,079;2010;Mo-Fr
10968;1118,536;2010;Mo-Fr
10969;1118,536;2010;Mo-Fr
10972;3160,826;2010;Mo-Fr
10973;3160,826;2010;Mo-Fr
10976;416,874;2010;Mo-Fr
10977;416,874;2010;Mo-Fr
10980;1087,291;2010;Mo-Fr
10981;1087,291;2010;Mo-Fr
10984;9778,619;2010;Mo-Fr
10985;9778,619;2010;Mo-Fr
10988;3200,287;2010;Mo-Fr
10989;3200,287;2010;Mo-Fr
10992;8381,772;2010;Mo-Fr
10993;8381,772;2010;Mo-Fr
10996;286,36;2010;Mo-Fr
10997;286,36;2010;Mo-Fr
11010;25465,768;2010;Mo-Fr
11021;25465,768;2010;Mo-Fr
11023;9630,761;2010;Mo-Fr
11025;15902,147;2010;Mo-Fr
11027;15902,147;2010;Mo-Fr
11029;31379,263;2010;Mo-Fr
11031;6943,48;2010;Mo-Fr
11037;6318,546;2010;Mo-Fr
11038;6318,546;2010;Mo-Fr
11051;8653,8;2010;Mo-Fr
11129;6660,609;2010;Mo-Fr
11130;344,358;2010;Mo-Fr
11133;334,419;2010;Mo-Fr
11135;6316,251;2010;Mo-Fr
11173;12,964;2010;Mo-Fr
11174;12,957;2010;Mo-Fr
11211;2893,457;2010;Mo-Fr
11213;5091,21;2010;Mo-Fr
11237;2706,655;2010;Mo-Fr
11269;902,211;2010;Mo-Fr
11270;304,433;2010;Mo-Fr
11274;89,572;2010;Mo-Fr
11278;89,572;2010;Mo-Fr
11282;89,572;2010;Mo-Fr
11286;151,051;2010;Mo-Fr
11289;151,051;2010;Mo-Fr
11290;151,051;2010;Mo-Fr
11294;7089,369;2010;Mo-Fr
11301;19911,302;2010;Mo-Fr
11302;19910,204;2010;Mo-Fr
11309;833,234;2010;Mo-Fr
11311;83,821;2010;Mo-Fr
11413;7091,493;2010;Mo-Fr
11417;7091,493;2010;Mo-Fr
11423;2352,043;2010;Mo-Fr
11424;2352,043;2010;Mo-Fr
11433;2893,457;2010;Mo-Fr
11435;2893,457;2010;Mo-Fr
11441;2137,142;2010;Mo-Fr
11443;2137,142;2010;Mo-Fr
11493;2137,142;2010;Mo-Fr
11509;2137,142;2010;Mo-Fr
11511;2137,142;2010;Mo-Fr
11551;1793,563;2010;Mo-Fr
11553;1793,563;2010;Mo-Fr
11555;1793,563;2010;Mo-Fr
11631;1414,343;2010;Mo-Fr
11709;8757,792;2010;Mo-Fr
11729;1414,343;2010;Mo-Fr
11869;759,609;2010;Mo-Fr
10000;1363,744;2010;Mo-So
10004;1039,45;2010;Mo-So
10006;1151,365;2010;Mo-So
10014;2458,518;2010;Mo-So
10026;7856,235;2010;Mo-So
10030;7791,62;2010;Mo-So
10040;5491,756;2010;Mo-So
10042;5314,32;2010;Mo-So
10044;5327,81;2010;Mo-So
10046;4964,203;2010;Mo-So
10050;4948,308;2010;Mo-So
10052;6170,464;2010;Mo-So
10054;5041,001;2010;Mo-So
10056;2506,163;2010;Mo-So
10058;1832,486;2010;Mo-So
10060;1569,966;2010;Mo-So
10062;1463,179;2010;Mo-So
10068;295,502;2010;Mo-So
10072;2756,193;2010;Mo-So
10074;3593,765;2010;Mo-So
10076;3791,004;2010;Mo-So
10080;1707,863;2010;Mo-So
10084;1594,109;2010;Mo-So
10086;1586,823;2010;Mo-So
10088;1524,488;2010;Mo-So
10090;1525,086;2010;Mo-So
10092;1391,153;2010;Mo-So
10094;1385,475;2010;Mo-So
10096;1386,081;2010;Mo-So
10098;2510,895;2010;Mo-So
10100;2511,225;2010;Mo-So
10102;2918,986;2010;Mo-So
10104;12184,429;2010;Mo-So
10108;3003,258;2010;Mo-So
10110;3035,675;2010;Mo-So
10114;2230,097;2010;Mo-So
10122;1210,191;2010;Mo-So
10124;1340,767;2010;Mo-So
10126;1278,13;2010;Mo-So
10130;1276,665;2010;Mo-So
10132;1474,243;2010;Mo-So
10134;1570,223;2010;Mo-So
10136;1712,141;2010;Mo-So
10140;1792,341;2010;Mo-So
10142;3794,538;2010;Mo-So
10144;4223,045;2010;Mo-So
10146;416,828;2010;Mo-So
10150;350,431;2010;Mo-So
10152;5760,977;2010;Mo-So
10160;4259,179;2010;Mo-So
10162;4777,316;2010;Mo-So
10164;4871,337;2010;Mo-So
10166;5291,103;2010;Mo-So
10168;5744,862;2010;Mo-So
10170;5634,709;2010;Mo-So
10172;5462,025;2010;Mo-So
10174;5003,967;2010;Mo-So
10176;5654,51;2010;Mo-So
10180;6810,375;2010;Mo-So
10182;7536,067;2010;Mo-So
10184;1830,465;2010;Mo-So
10188;1797,416;2010;Mo-So
10190;1796,774;2010;Mo-So
10192;1421,498;2010;Mo-So
10194;1331,929;2010;Mo-So
10202;1771,083;2010;Mo-So
10204;1706,462;2010;Mo-So
10206;1522,262;2010;Mo-So
10208;1502,716;2010;Mo-So
10210;1441,121;2010;Mo-So
10212;1066,906;2010;Mo-So
10216;7032,66;2010;Mo-So
10218;6178,755;2010;Mo-So
10220;5985,876;2010;Mo-So
10222;5923,097;2010;Mo-So
10226;917,639;2010;Mo-So
10228;690,334;2010;Mo-So
10230;370,729;2010;Mo-So
10232;355,162;2010;Mo-So
10234;337,549;2010;Mo-So
10236;338,58;2010;Mo-So
10238;377,494;2010;Mo-So
10242;476,225;2010;Mo-So
10244;496,484;2010;Mo-So
10246;4257,469;2010;Mo-So
10248;4151,09;2010;Mo-So
10250;4195,62;2010;Mo-So
10254;4503,389;2010;Mo-So
10258;716,122;2010;Mo-So
10260;710,639;2010;Mo-So
10262;716,654;2010;Mo-So
10266;705,068;2010;Mo-So
10288;305,845;2010;Mo-So
10290;312,077;2010;Mo-So
10292;351,775;2010;Mo-So
10294;334,504;2010;Mo-So
10296;308,239;2010;Mo-So
10298;304,889;2010;Mo-So
10304;7804,491;2010;Mo-So
10306;7871,874;2010;Mo-So
10312;25048,508;2010;Mo-So
10314;25260,534;2010;Mo-So
10318;23493,258;2010;Mo-So
10352;29092,126;2010;Mo-So
10358;13387,079;2010;Mo-So
10360;259,694;2010;Mo-So
10370;29215,675;2010;Mo-So
10376;27737,147;2010;Mo-So
10396;3545,129;2010;Mo-So
10402;512,866;2010;Mo-So
10404;889,819;2010;Mo-So
10406;888,436;2010;Mo-So
10408;936,984;2010;Mo-So
10410;942,808;2010;Mo-So
10412;944,726;2010;Mo-So
10414;1002,482;2010;Mo-So
10416;1016,252;2010;Mo-So
10422;2887,361;2010;Mo-So
10424;3648,276;2010;Mo-So
10426;1920,609;2010;Mo-So
10428;886,986;2010;Mo-So
10430;3863,985;2010;Mo-So
10432;4117,669;2010;Mo-So
10434;825,085;2010;Mo-So
10436;825,085;2010;Mo-So
10442;825,085;2010;Mo-So
10446;7589,668;2010;Mo-So
10450;271,941;2010;Mo-So
10452;7246,945;2010;Mo-So
10454;6262,77;2010;Mo-So
10456;1823,931;2010;Mo-So
10476;6107,019;2010;Mo-So
10478;6097,452;2010;Mo-So
10480;5028,457;2010;Mo-So
10482;4894,815;2010;Mo-So
10484;2192,555;2010;Mo-So
10490;3636,543;2010;Mo-So
10492;3451,072;2010;Mo-So
10494;2650,707;2010;Mo-So
10496;3390,685;2010;Mo-So
10498;3359,281;2010;Mo-So
10500;3176,595;2010;Mo-So
10502;3177,075;2010;Mo-So
10504;3179,829;2010;Mo-So
10506;15897,737;2010;Mo-So
10508;15948,512;2010;Mo-So
10524;3095,751;2010;Mo-So
10528;3623,519;2010;Mo-So
10530;3179,548;2010;Mo-So
10536;264,157;2010;Mo-So
10544;23309,027;2010;Mo-So
10545;23309,027;2010;Mo-So
10549;6000,89;2010;Mo-So
10565;2334,688;2010;Mo-So
10569;3691,233;2010;Mo-So
10573;1592,734;2010;Mo-So
10578;281,208;2010;Mo-So
10687;4568,838;2010;Mo-So
10688;1026,156;2010;Mo-So
10691;3542,682;2010;Mo-So
10698;4828,472;2010;Mo-So
10701;3095,445;2010;Mo-So
10710;31,384;2010;Mo-So
10740;875,227;2010;Mo-So
10760;710,93;2010;Mo-So
10762;710,93;2010;Mo-So
10764;707,096;2010;Mo-So
10766;707,096;2010;Mo-So
10768;549,779;2010;Mo-So
10770;491,582;2010;Mo-So
10772;1775,436;2010;Mo-So
10774;1800,581;2010;Mo-So
10788;6000,89;2010;Mo-So
10789;6000,89;2010;Mo-So
10792;7084,134;2010;Mo-So
10793;7084,134;2010;Mo-So
10796;10429,914;2010;Mo-So
10797;10429,914;2010;Mo-So
10800;10273,483;2010;Mo-So
10801;10273,483;2010;Mo-So
10804;10069,58;2010;Mo-So
10805;10069,58;2010;Mo-So
10808;3872,253;2010;Mo-So
10809;3872,253;2010;Mo-So
10812;3598,031;2010;Mo-So
10816;3598,031;2010;Mo-So
10817;3598,031;2010;Mo-So
10821;4480,367;2010;Mo-So
10824;4480,367;2010;Mo-So
10825;4480,367;2010;Mo-So
10828;332,308;2010;Mo-So
10829;332,308;2010;Mo-So
10833;6583,828;2010;Mo-So
10836;4288,18;2010;Mo-So
10837;4288,18;2010;Mo-So
10844;7555,536;2010;Mo-So
10845;7555,536;2010;Mo-So
10848;1592,734;2010;Mo-So
10849;1592,734;2010;Mo-So
10853;2658,82;2010;Mo-So
10856;11143,825;2010;Mo-So
10857;11143,825;2010;Mo-So
10861;8175,539;2010;Mo-So
10869;2825,763;2010;Mo-So
10876;2832,274;2010;Mo-So
10877;2832,274;2010;Mo-So
10880;1814,977;2010;Mo-So
10881;1814,977;2010;Mo-So
10885;9559,152;2010;Mo-So
10888;9559,152;2010;Mo-So
10889;9559,152;2010;Mo-So
10892;1115,61;2010;Mo-So
10893;1115,61;2010;Mo-So
10896;1364,149;2010;Mo-So
10897;1364,149;2010;Mo-So
10904;9661,527;2010;Mo-So
10905;9661,527;2010;Mo-So
10908;4245,781;2010;Mo-So
10909;4245,781;2010;Mo-So
10936;2334,688;2010;Mo-So
10937;2334,688;2010;Mo-So
10940;3691,233;2010;Mo-So
10941;3691,233;2010;Mo-So
10944;1847,755;2010;Mo-So
10945;1847,755;2010;Mo-So
10948;264,157;2010;Mo-So
10952;1125,936;2010;Mo-So
10953;1125,936;2010;Mo-So
10956;264,157;2010;Mo-So
10957;264,157;2010;Mo-So
10960;929,811;2010;Mo-So
10961;929,811;2010;Mo-So
10964;3322,471;2010;Mo-So
10965;3322,471;2010;Mo-So
10968;1108,384;2010;Mo-So
10969;1108,384;2010;Mo-So
10972;3466,848;2010;Mo-So
10973;3466,848;2010;Mo-So
10976;387,576;2010;Mo-So
10977;387,576;2010;Mo-So
10980;949,475;2010;Mo-So
10981;949,475;2010;Mo-So
10984;9661,527;2010;Mo-So
10985;9661,527;2010;Mo-So
10988;3252,924;2010;Mo-So
10989;3252,924;2010;Mo-So
10992;7923,062;2010;Mo-So
10993;7923,062;2010;Mo-So
10996;271,937;2010;Mo-So
10997;271,937;2010;Mo-So
11010;23559,756;2010;Mo-So
11021;23559,756;2010;Mo-So
11023;9105,127;2010;Mo-So
11025;16046,062;2010;Mo-So
11027;16046,062;2010;Mo-So
11029;27933,395;2010;Mo-So
11031;6289,317;2010;Mo-So
11037;5838,451;2010;Mo-So
11038;5838,451;2010;Mo-So
11051;8175,539;2010;Mo-So
11129;6483,477;2010;Mo-So
11130;321,793;2010;Mo-So
11133;313,849;2010;Mo-So
11135;6161,684;2010;Mo-So
11173;17,002;2010;Mo-So
11174;16,929;2010;Mo-So
11211;2825,763;2010;Mo-So
11213;4949,37;2010;Mo-So
11237;2658,82;2010;Mo-So
11269;1104,202;2010;Mo-So
11270;518,395;2010;Mo-So
11274;273,478;2010;Mo-So
11278;273,478;2010;Mo-So
11282;273,478;2010;Mo-So
11286;342,185;2010;Mo-So
11289;342,185;2010;Mo-So
11290;342,185;2010;Mo-So
11294;6583,828;2010;Mo-So
11301;18069,338;2010;Mo-So
11302;18067,62;2010;Mo-So
11309;812,308;2010;Mo-So
11311;196,911;2010;Mo-So
11413;6586,488;2010;Mo-So
11417;6586,488;2010;Mo-So
11423;2351,042;2010;Mo-So
11424;2351,042;2010;Mo-So
11433;2825,763;2010;Mo-So
11435;2825,763;2010;Mo-So
11441;2041,31;2010;Mo-So
11443;2041,31;2010;Mo-So
11493;2041,31;2010;Mo-So
11509;2041,31;2010;Mo-So
11511;2041,31;2010;Mo-So
11551;1733,027;2010;Mo-So
11553;1733,027;2010;Mo-So
11555;1733,027;2010;Mo-So
11631;3993,01;2010;Mo-So
11709;11548,546;2010;Mo-So
11729;3993,01;2010;Mo-So
11869;821,288;2010;Mo-So
10000;1283,596;2010;Sa
10004;980,468;2010;Sa
10006;1016,468;2010;Sa
10014;2105,784;2010;Sa
10026;7246,232;2010;Sa
10030;7031,452;2010;Sa
10040;4940,395;2010;Sa
10042;4846,21;2010;Sa
10044;4745,345;2010;Sa
10046;4424,287;2010;Sa
10050;4345,48;2010;Sa
10052;5486,3;2010;Sa
10054;4440,787;2010;Sa
10056;2609,76;2010;Sa
10058;2006,046;2010;Sa
10060;1749,535;2010;Sa
10062;1646,337;2010;Sa
10068;328,548;2010;Sa
10072;2611;2010;Sa
10074;3304,999;2010;Sa
10076;3460,383;2010;Sa
10080;1644,624;2010;Sa
10084;1576,004;2010;Sa
10086;1568,148;2010;Sa
10088;1491,044;2010;Sa
10090;1490,46;2010;Sa
10092;1441,168;2010;Sa
10094;1439,868;2010;Sa
10096;1439,818;2010;Sa
10098;2975,86;2010;Sa
10100;2975,86;2010;Sa
10102;3571,06;2010;Sa
10104;10153,66;2010;Sa
10108;2695,844;2010;Sa
10110;2694,14;2010;Sa
10114;1607,179;2010;Sa
10122;1008,121;2010;Sa
10124;856,456;2010;Sa
10126;837,115;2010;Sa
10130;845,108;2010;Sa
10132;947,533;2010;Sa
10134;1043,215;2010;Sa
10136;1133,831;2010;Sa
10140;1232,367;2010;Sa
10142;2757,355;2010;Sa
10144;2943,82;2010;Sa
10146;309,287;2010;Sa
10150;268,048;2010;Sa
10152;3919,797;2010;Sa
10160;3294,885;2010;Sa
10162;2693,629;2010;Sa
10164;2749,246;2010;Sa
10166;3001,858;2010;Sa
10168;3194,567;2010;Sa
10170;3315,881;2010;Sa
10172;3924,185;2010;Sa
10174;3671,273;2010;Sa
10176;4065,548;2010;Sa
10180;5091,542;2010;Sa
10182;5488,544;2010;Sa
10184;1658,273;2010;Sa
10188;1638,658;2010;Sa
10190;1649,988;2010;Sa
10192;1215,95;2010;Sa
10194;1131,885;2010;Sa
10202;1109,506;2010;Sa
10204;1095,188;2010;Sa
10206;986,569;2010;Sa
10208;975,633;2010;Sa
10210;942,038;2010;Sa
10212;693,973;2010;Sa
10216;6735,773;2010;Sa
10218;6318,333;2010;Sa
10220;6244,737;2010;Sa
10222;6214,301;2010;Sa
10226;697,31;2010;Sa
10228;558,248;2010;Sa
10230;370,052;2010;Sa
10232;356,375;2010;Sa
10234;334,033;2010;Sa
10236;330,521;2010;Sa
10238;329,36;2010;Sa
10242;393,579;2010;Sa
10244;398,769;2010;Sa
10246;5026,873;2010;Sa
10248;5036,109;2010;Sa
10250;5113,765;2010;Sa
10254;5381,225;2010;Sa
10258;702,446;2010;Sa
10260;707,49;2010;Sa
10262;739,302;2010;Sa
10266;746,66;2010;Sa
10304;5557,175;2010;Sa
10306;5650,885;2010;Sa
10312;20830,213;2010;Sa
10314;20934,993;2010;Sa
10318;20287,121;2010;Sa
10352;21996,611;2010;Sa
10358;11781,817;2010;Sa
10370;22033,949;2010;Sa
10376;21071,575;2010;Sa
10396;4467,56;2010;Sa
10402;483,596;2010;Sa
10404;781,712;2010;Sa
10406;771,481;2010;Sa
10408;822,25;2010;Sa
10410;830,942;2010;Sa
10412;834,173;2010;Sa
10414;946,019;2010;Sa
10416;949,442;2010;Sa
10422;3408,967;2010;Sa
10424;4519,854;2010;Sa
10426;2248,78;2010;Sa
10428;770,115;2010;Sa
10430;4585,581;2010;Sa
10432;4664,824;2010;Sa
10434;1138,846;2010;Sa
10436;1138,846;2010;Sa
10442;1138,846;2010;Sa
10446;7547,75;2010;Sa
10450;243,677;2010;Sa
10452;7372,148;2010;Sa
10454;6883,596;2010;Sa
10456;2154,308;2010;Sa
10476;5251,7;2010;Sa
10478;5238,842;2010;Sa
10480;4724,602;2010;Sa
10482;4664,49;2010;Sa
10484;2267,334;2010;Sa
10490;4109,776;2010;Sa
10492;4046,008;2010;Sa
10494;2827,576;2010;Sa
10496;4037,608;2010;Sa
10498;4029,108;2010;Sa
10500;3795,268;2010;Sa
10502;3795,748;2010;Sa
10504;3796,268;2010;Sa
10506;12929,644;2010;Sa
10508;12986,956;2010;Sa
10524;3712,564;2010;Sa
10528;4037,437;2010;Sa
10530;3796,216;2010;Sa
10536;297,896;2010;Sa
10544;17855,707;2010;Sa
10545;17855,707;2010;Sa
10549;4423,546;2010;Sa
10565;2577,51;2010;Sa
10569;4124,184;2010;Sa
10573;1569,598;2010;Sa
10578;430,865;2010;Sa
10687;5383,994;2010;Sa
10688;952,673;2010;Sa
10691;4431,321;2010;Sa
10698;5122,142;2010;Sa
10701;3315,43;2010;Sa
10710;35,398;2010;Sa
10740;695,656;2010;Sa
10760;741,225;2010;Sa
10762;741,225;2010;Sa
10764;691,7;2010;Sa
10766;691,7;2010;Sa
10768;567,849;2010;Sa
10770;525,575;2010;Sa
10772;1180,037;2010;Sa
10774;1230,027;2010;Sa
10788;4423,546;2010;Sa
10789;4423,546;2010;Sa
10792;6754,921;2010;Sa
10793;6754,921;2010;Sa
10796;9888,456;2010;Sa
10797;9888,456;2010;Sa
10800;9807,932;2010;Sa
10801;9807,932;2010;Sa
10804;9715,06;2010;Sa
10805;9715,06;2010;Sa
10808;3043,106;2010;Sa
10809;3043,106;2010;Sa
10812;2839,677;2010;Sa
10816;2839,677;2010;Sa
10817;2839,677;2010;Sa
10821;2519,19;2010;Sa
10824;2519,19;2010;Sa
10825;2519,19;2010;Sa
10828;249,081;2010;Sa
10829;249,081;2010;Sa
10833;5851,617;2010;Sa
10836;3935,509;2010;Sa
10837;3935,509;2010;Sa
10844;7393,729;2010;Sa
10845;7393,729;2010;Sa
10848;1569,598;2010;Sa
10849;1569,598;2010;Sa
10853;2530,404;2010;Sa
10856;9621,394;2010;Sa
10857;9621,394;2010;Sa
10861;7512,252;2010;Sa
10869;2463,392;2010;Sa
10876;2401,424;2010;Sa
10877;2401,424;2010;Sa
10880;1645,231;2010;Sa
10881;1645,231;2010;Sa
10885;9441,968;2010;Sa
10888;9441,968;2010;Sa
10889;9441,968;2010;Sa
10892;898,315;2010;Sa
10893;898,315;2010;Sa
10896;851,967;2010;Sa
10897;851,967;2010;Sa
10904;9470,32;2010;Sa
10905;9470,32;2010;Sa
10908;5159,716;2010;Sa
10909;5159,716;2010;Sa
10936;2577,51;2010;Sa
10937;2577,51;2010;Sa
10940;4124,184;2010;Sa
10941;4124,184;2010;Sa
10944;2171,514;2010;Sa
10945;2171,514;2010;Sa
10948;297,896;2010;Sa
10952;1003,528;2010;Sa
10953;1003,528;2010;Sa
10956;297,896;2010;Sa
10957;297,896;2010;Sa
10960;1167,712;2010;Sa
10961;1167,712;2010;Sa
10964;3856,976;2010;Sa
10965;3856,976;2010;Sa
10968;1112,508;2010;Sa
10969;1112,508;2010;Sa
10972;4404,606;2010;Sa
10973;4404,606;2010;Sa
10976;330,077;2010;Sa
10977;330,077;2010;Sa
10980;715,871;2010;Sa
10981;715,871;2010;Sa
10984;9470,32;2010;Sa
10985;9470,32;2010;Sa
10988;3498,698;2010;Sa
10989;3498,698;2010;Sa
10992;7113,16;2010;Sa
10993;7113,16;2010;Sa
10996;243,617;2010;Sa
10997;243,617;2010;Sa
11010;19985,725;2010;Sa
11021;19985,725;2010;Sa
11023;6814,097;2010;Sa
11025;13655,886;2010;Sa
11027;13655,886;2010;Sa
11029;21364,177;2010;Sa
11031;4874,836;2010;Sa
11037;4841,24;2010;Sa
11038;4841,24;2010;Sa
11051;7512,252;2010;Sa
11129;6676,326;2010;Sa
11130;290,505;2010;Sa
11133;282,524;2010;Sa
11135;6385,821;2010;Sa
11173;23,416;2010;Sa
11174;23,416;2010;Sa
11211;2463,392;2010;Sa
11213;4757,363;2010;Sa
11237;2530,404;2010;Sa
11269;1188,343;2010;Sa
11270;532,451;2010;Sa
11274;316,723;2010;Sa
11278;316,723;2010;Sa
11282;316,723;2010;Sa
11286;391,58;2010;Sa
11289;391,58;2010;Sa
11290;391,58;2010;Sa
11294;5851,617;2010;Sa
11301;14257,696;2010;Sa
11302;14252,262;2010;Sa
11309;854,022;2010;Sa
11311;211,339;2010;Sa
11413;5864,253;2010;Sa
11417;5864,253;2010;Sa
11423;2314,208;2010;Sa
11424;2314,208;2010;Sa
11433;2463,392;2010;Sa
11435;2463,392;2010;Sa
11441;2100,615;2010;Sa
11443;2100,615;2010;Sa
11493;2100,615;2010;Sa
11509;2100,615;2010;Sa
11511;2100,615;2010;Sa
11551;1806,712;2010;Sa
11553;1806,712;2010;Sa
11555;1806,712;2010;Sa
11631;3615,532;2010;Sa
11709;11009,261;2010;Sa
11729;3615,532;2010;Sa
11869;1132,385;2010;Sa
10000;1180,143;2010;So
10004;832,176;2010;So
10006;799,322;2010;So
10014;2012,698;2010;So
10026;6386,645;2010;So
10030;6443,812;2010;So
10040;5065,472;2010;So
10042;5010,159;2010;So
10044;4931,975;2010;So
10046;4352,01;2010;So
10050;3995,335;2010;So
10052;4504,417;2010;So
10054;4024,844;2010;So
10056;2089,016;2010;So
10058;1527,418;2010;So
10060;1349,152;2010;So
10062;1277,067;2010;So
10068;276,146;2010;So
10072;2452,414;2010;So
10074;3178,772;2010;So
10076;3303,589;2010;So
10080;2113,453;2010;So
10084;2081,029;2010;So
10086;2081,159;2010;So
10088;2035,539;2010;So
10090;2035,017;2010;So
10092;1965,686;2010;So
10094;1970,016;2010;So
10096;1973,735;2010;So
10098;3145,911;2010;So
10100;3145,911;2010;So
10102;3512,212;2010;So
10104;8867,332;2010;So
10108;2762,655;2010;So
10110;2649,569;2010;So
10114;1170,691;2010;So
10122;821,702;2010;So
10124;506,958;2010;So
10126;502,708;2010;So
10130;503,075;2010;So
10132;555,798;2010;So
10134;627,59;2010;So
10136;659,973;2010;So
10140;661,565;2010;So
10142;1412,891;2010;So
10144;1492,208;2010;So
10146;171,123;2010;So
10150;158,779;2010;So
10152;1991,403;2010;So
10160;1717,012;2010;So
10162;1339,313;2010;So
10164;1371,825;2010;So
10166;1468,31;2010;So
10168;1575,152;2010;So
10170;1618,804;2010;So
10172;2114,765;2010;So
10174;1972,938;2010;So
10176;2199,073;2010;So
10180;2660,773;2010;So
10182;2879,51;2010;So
10184;1301,429;2010;So
10188;1281,71;2010;So
10190;1277,288;2010;So
10192;959,183;2010;So
10194;918,954;2010;So
10202;718,588;2010;So
10204;710,637;2010;So
10206;657,087;2010;So
10208;650,931;2010;So
10210;629,844;2010;So
10212;456,346;2010;So
10216;5909,093;2010;So
10218;5587,371;2010;So
10220;5556,363;2010;So
10222;5525,742;2010;So
10226;481,958;2010;So
10228;419,362;2010;So
10230;331,148;2010;So
10232;321,292;2010;So
10234;306,588;2010;So
10236;302,056;2010;So
10238;296,558;2010;So
10242;326,419;2010;So
10244;329,669;2010;So
10246;4697,26;2010;So
10248;4701,054;2010;So
10250;4767,536;2010;So
10254;4923,656;2010;So
10258;515,988;2010;So
10260;516,66;2010;So
10262;530,646;2010;So
10266;536,019;2010;So
10304;2865,738;2010;So
10306;2943,331;2010;So
10312;18397,794;2010;So
10314;18485,015;2010;So
10318;17961,37;2010;So
10352;16578,752;2010;So
10358;10332,841;2010;So
10370;16560,899;2010;So
10376;15922,077;2010;So
10396;4123,574;2010;So
10402;314,481;2010;So
10404;490,865;2010;So
10406;485,25;2010;So
10408;490,096;2010;So
10410;496,25;2010;So
10412;496,308;2010;So
10414;530,308;2010;So
10416;530,231;2010;So
10422;3135,347;2010;So
10424;3926,402;2010;So
10426;2120,87;2010;So
10428;486,308;2010;So
10430;3965,576;2010;So
10432;4004,917;2010;So
10434;824,923;2010;So
10436;824,923;2010;So
10442;824,923;2010;So
10446;6077,675;2010;So
10450;170,824;2010;So
10452;5923,456;2010;So
10454;5578,287;2010;So
10456;2031,056;2010;So
10476;4762,339;2010;So
10478;4745,249;2010;So
10480;4381,808;2010;So
10482;4339,843;2010;So
10484;2429,361;2010;So
10490;3984,131;2010;So
10492;3943,286;2010;So
10494;2690,378;2010;So
10496;3938,155;2010;So
10498;3918,821;2010;So
10500;3653,677;2010;So
10502;3654,714;2010;So
10504;3654,714;2010;So
10506;10708,954;2010;So
10508;10732,501;2010;So
10524;3576,228;2010;So
10528;3698,136;2010;So
10530;3653,588;2010;So
10536;296,135;2010;So
10544;13868,479;2010;So
10545;13868,479;2010;So
10549;2352,302;2010;So
10565;2542,382;2010;So
10569;3991,698;2010;So
10573;2081,608;2010;So
10578;271,038;2010;So
10687;4523,252;2010;So
10688;531,25;2010;So
10691;3992,002;2010;So
10698;4478,488;2010;So
10701;3122,988;2010;So
10710;36,859;2010;So
10740;469,113;2010;So
10760;531,729;2010;So
10762;531,729;2010;So
10764;507,352;2010;So
10766;507,352;2010;So
10768;546,629;2010;So
10770;497,433;2010;So
10772;671,248;2010;So
10774;671,248;2010;So
10788;2352,302;2010;So
10789;2352,302;2010;So
10792;5920,338;2010;So
10793;5920,338;2010;So
10796;9627,91;2010;So
10797;9627,91;2010;So
10800;9588,559;2010;So
10801;9588,559;2010;So
10804;9527,633;2010;So
10805;9527,633;2010;So
10808;1566,383;2010;So
10809;1566,383;2010;So
10812;1461,313;2010;So
10816;1461,313;2010;So
10817;1461,313;2010;So
10821;1260,646;2010;So
10824;1260,646;2010;So
10825;1260,646;2010;So
10828;146,952;2010;So
10829;146,952;2010;So
10833;4757,351;2010;So
10836;3989,463;2010;So
10837;3989,463;2010;So
10844;6962,017;2010;So
10845;6962,017;2010;So
10848;2081,608;2010;So
10849;2081,608;2010;So
10853;2418,608;2010;So
10856;8497,133;2010;So
10857;8497,133;2010;So
10861;6451,298;2010;So
10869;2152,249;2010;So
10876;2157,669;2010;So
10877;2157,669;2010;So
10880;1294,01;2010;So
10881;1294,01;2010;So
10885;9266,842;2010;So
10888;9266,842;2010;So
10889;9266,842;2010;So
10892;738,546;2010;So
10893;738,546;2010;So
10896;535,823;2010;So
10897;535,823;2010;So
10904;9268,789;2010;So
10905;9268,789;2010;So
10908;4812,4;2010;So
10909;4812,4;2010;So
10936;2542,382;2010;So
10937;2542,382;2010;So
10940;3991,698;2010;So
10941;3991,698;2010;So
10944;2049,34;2010;So
10945;2049,34;2010;So
10948;296,135;2010;So
10952;773,8;2010;So
10953;773,8;2010;So
10956;296,135;2010;So
10957;296,135;2010;So
10960;1000,846;2010;So
10961;1000,846;2010;So
10964;3615,448;2010;So
10965;3615,448;2010;So
10968;1053,208;2010;So
10969;1053,208;2010;So
10972;4065,084;2010;So
10973;4065,084;2010;So
10976;298,023;2010;So
10977;298,023;2010;So
10980;491,346;2010;So
10981;491,346;2010;So
10984;9268,789;2010;So
10985;9268,789;2010;So
10988;3266,39;2010;So
10989;3266,39;2010;So
10992;6446,579;2010;So
10993;6446,579;2010;So
10996;170,88;2010;So
10997;170,88;2010;So
11010;17643,916;2010;So
11021;17643,916;2010;So
11023;5654,959;2010;So
11025;11988,957;2010;So
11027;11988,957;2010;So
11029;16159,399;2010;So
11031;4448,502;2010;So
11037;4445,739;2010;So
11038;4445,739;2010;So
11051;6451,298;2010;So
11129;5369,507;2010;So
11130;207,771;2010;So
11133;203,562;2010;So
11135;5161,736;2010;So
11173;30,731;2010;So
11174;30,253;2010;So
11211;2152,249;2010;So
11213;3652,718;2010;So
11237;2418,608;2010;So
11269;963,962;2010;So
11270;509,77;2010;So
11274;248,642;2010;So
11278;248,642;2010;So
11282;248,642;2010;So
11286;307,758;2010;So
11289;307,758;2010;So
11290;307,758;2010;So
11294;4757,351;2010;So
11301;11464,968;2010;So
11302;11463,933;2010;So
11309;664,684;2010;So
11311;192,193;2010;So
11413;4754,423;2010;So
11417;4754,423;2010;So
11423;2238,182;2010;So
11424;2238,182;2010;So
11433;2152,249;2010;So
11435;2152,249;2010;So
11441;1501;2010;So
11443;1501;2010;So
11493;1501;2010;So
11509;1501;2010;So
11511;1501;2010;So
11551;1355,5;2010;So
11553;1355,5;2010;So
11555;1355,5;2010;So
11631;3434,792;2010;So
11709;10396,809;2010;So
11729;3434,792;2010;So
11869;819,769;2010;So
10000;2784,12;2011;Mo-Fr
10004;2287,956;2011;Mo-Fr
10006;2513,227;2011;Mo-Fr
10014;4757,913;2011;Mo-Fr
10026;17334,957;2011;Mo-Fr
10030;17000,623;2011;Mo-Fr
10040;7691,914;2011;Mo-Fr
10042;7411,575;2011;Mo-Fr
10044;7455,008;2011;Mo-Fr
10046;7263,106;2011;Mo-Fr
10050;7160,862;2011;Mo-Fr
10052;9800,297;2011;Mo-Fr
10054;7355,872;2011;Mo-Fr
10056;5132,174;2011;Mo-Fr
10058;3587,426;2011;Mo-Fr
10060;3033,565;2011;Mo-Fr
10062;2777,558;2011;Mo-Fr
10068;427,46;2011;Mo-Fr
10072;1378,662;2011;Mo-Fr
10074;2137,686;2011;Mo-Fr
10076;2407,285;2011;Mo-Fr
10080;3168,487;2011;Mo-Fr
10084;2947,202;2011;Mo-Fr
10086;2925,197;2011;Mo-Fr
10088;2709,442;2011;Mo-Fr
10090;2706,317;2011;Mo-Fr
10092;2449,749;2011;Mo-Fr
10094;2444,238;2011;Mo-Fr
10096;2434,796;2011;Mo-Fr
10098;4372,514;2011;Mo-Fr
10100;4372,514;2011;Mo-Fr
10102;5021,511;2011;Mo-Fr
10104;19531,543;2011;Mo-Fr
10108;4121,303;2011;Mo-Fr
10110;4221,942;2011;Mo-Fr
10114;3614,718;2011;Mo-Fr
10122;2623,107;2011;Mo-Fr
10124;1552,307;2011;Mo-Fr
10126;1461,104;2011;Mo-Fr
10130;1450,732;2011;Mo-Fr
10132;1674,324;2011;Mo-Fr
10134;1770,428;2011;Mo-Fr
10136;1934,758;2011;Mo-Fr
10140;2050,441;2011;Mo-Fr
10142;4416,589;2011;Mo-Fr
10144;4954,621;2011;Mo-Fr
10146;519,408;2011;Mo-Fr
10150;440,27;2011;Mo-Fr
10152;6810,504;2011;Mo-Fr
10160;4883,153;2011;Mo-Fr
10162;5953,718;2011;Mo-Fr
10164;6049,963;2011;Mo-Fr
10166;6528,914;2011;Mo-Fr
10168;7159,014;2011;Mo-Fr
10170;6880,193;2011;Mo-Fr
10172;6489,147;2011;Mo-Fr
10174;5893,426;2011;Mo-Fr
10176;6723,343;2011;Mo-Fr
10180;7796,676;2011;Mo-Fr
10182;8608,644;2011;Mo-Fr
10184;3780,368;2011;Mo-Fr
10188;3700,645;2011;Mo-Fr
10190;3681,595;2011;Mo-Fr
10192;3060,789;2011;Mo-Fr
10194;2864,553;2011;Mo-Fr
10202;2104,122;2011;Mo-Fr
10204;2031,829;2011;Mo-Fr
10206;1794,186;2011;Mo-Fr
10208;1772,841;2011;Mo-Fr
10210;1677,458;2011;Mo-Fr
10212;1253,148;2011;Mo-Fr
10216;14559,888;2011;Mo-Fr
10218;12366,888;2011;Mo-Fr
10220;11767,037;2011;Mo-Fr
10222;11607,044;2011;Mo-Fr
10226;1942,425;2011;Mo-Fr
10228;1470,661;2011;Mo-Fr
10230;675,448;2011;Mo-Fr
10232;629,788;2011;Mo-Fr
10234;601,268;2011;Mo-Fr
10236;592,694;2011;Mo-Fr
10238;664,022;2011;Mo-Fr
10242;904,181;2011;Mo-Fr
10244;993,01;2011;Mo-Fr
10246;7052,502;2011;Mo-Fr
10248;6868,398;2011;Mo-Fr
10250;6995,175;2011;Mo-Fr
10254;7572,594;2011;Mo-Fr
10258;1099,211;2011;Mo-Fr
10260;1086,685;2011;Mo-Fr
10262;1040,01;2011;Mo-Fr
10266;964,619;2011;Mo-Fr
10288;293,108;2011;Mo-Fr
10290;294,033;2011;Mo-Fr
10292;321,789;2011;Mo-Fr
10294;310,231;2011;Mo-Fr
10296;294,033;2011;Mo-Fr
10298;294,033;2011;Mo-Fr
10304;8844,103;2011;Mo-Fr
10306;8948,829;2011;Mo-Fr
10312;58685,105;2011;Mo-Fr
10314;59292,822;2011;Mo-Fr
10318;53915,32;2011;Mo-Fr
10352;62630,893;2011;Mo-Fr
10358;28344,578;2011;Mo-Fr
10360;117,194;2011;Mo-Fr
10370;63146,097;2011;Mo-Fr
10376;59353,806;2011;Mo-Fr
10396;5805,074;2011;Mo-Fr
10402;805,148;2011;Mo-Fr
10404;1678,166;2011;Mo-Fr
10406;1693,162;2011;Mo-Fr
10408;1840,308;2011;Mo-Fr
10410;1881,399;2011;Mo-Fr
10412;1892,605;2011;Mo-Fr
10414;1856,904;2011;Mo-Fr
10416;1891,787;2011;Mo-Fr
10422;5413,157;2011;Mo-Fr
10424;6154,191;2011;Mo-Fr
10426;3875,857;2011;Mo-Fr
10428;1694,402;2011;Mo-Fr
10430;6730,969;2011;Mo-Fr
10432;7525,766;2011;Mo-Fr
10434;782,454;2011;Mo-Fr
10436;782,454;2011;Mo-Fr
10442;782,454;2011;Mo-Fr
10446;15426,858;2011;Mo-Fr
10450;125,862;2011;Mo-Fr
10452;14588,132;2011;Mo-Fr
10454;11949,865;2011;Mo-Fr
10456;3726,405;2011;Mo-Fr
10476;13346,217;2011;Mo-Fr
10478;13335,555;2011;Mo-Fr
10480;10393,357;2011;Mo-Fr
10482;10023,009;2011;Mo-Fr
10484;2818,285;2011;Mo-Fr
10490;6741,102;2011;Mo-Fr
10492;6218,159;2011;Mo-Fr
10494;3444,369;2011;Mo-Fr
10496;6040,733;2011;Mo-Fr
10498;5935,959;2011;Mo-Fr
10500;5597,028;2011;Mo-Fr
10502;5600,508;2011;Mo-Fr
10504;5603,821;2011;Mo-Fr
10506;28484,667;2011;Mo-Fr
10508;28623,556;2011;Mo-Fr
10524;5447,158;2011;Mo-Fr
10528;7112,935;2011;Mo-Fr
10530;5591,454;2011;Mo-Fr
10544;47864,367;2011;Mo-Fr
10545;47864,367;2011;Mo-Fr
10549;7018,136;2011;Mo-Fr
10565;3003,83;2011;Mo-Fr
10569;6888,334;2011;Mo-Fr
10573;2899,971;2011;Mo-Fr
10578;292,29;2011;Mo-Fr
10687;7851,832;2011;Mo-Fr
10688;1943,407;2011;Mo-Fr
10691;5908,425;2011;Mo-Fr
10698;9571,649;2011;Mo-Fr
10701;6345,804;2011;Mo-Fr
10710;36,068;2011;Mo-Fr
10740;1805,725;2011;Mo-Fr
10760;1012,102;2011;Mo-Fr
10762;1012,102;2011;Mo-Fr
10764;1079,221;2011;Mo-Fr
10766;1079,221;2011;Mo-Fr
10768;711,184;2011;Mo-Fr
10770;653,873;2011;Mo-Fr
10772;2018,673;2011;Mo-Fr
10774;2041,709;2011;Mo-Fr
10788;7018,136;2011;Mo-Fr
10789;7018,136;2011;Mo-Fr
10792;14642,168;2011;Mo-Fr
10793;14642,168;2011;Mo-Fr
10796;22479,415;2011;Mo-Fr
10797;22479,415;2011;Mo-Fr
10800;22052,431;2011;Mo-Fr
10801;22052,431;2011;Mo-Fr
10804;21310,111;2011;Mo-Fr
10805;21310,111;2011;Mo-Fr
10808;4432,895;2011;Mo-Fr
10809;4432,895;2011;Mo-Fr
10812;4136,205;2011;Mo-Fr
10816;4136,205;2011;Mo-Fr
10817;4136,205;2011;Mo-Fr
10821;5574,171;2011;Mo-Fr
10824;5574,171;2011;Mo-Fr
10825;5574,171;2011;Mo-Fr
10828;422,438;2011;Mo-Fr
10829;422,438;2011;Mo-Fr
10833;10638,963;2011;Mo-Fr
10836;6142,504;2011;Mo-Fr
10837;6142,504;2011;Mo-Fr
10844;12338,92;2011;Mo-Fr
10845;12338,92;2011;Mo-Fr
10848;2899,971;2011;Mo-Fr
10849;2899,971;2011;Mo-Fr
10853;3629,44;2011;Mo-Fr
10856;17279,902;2011;Mo-Fr
10857;17279,902;2011;Mo-Fr
10861;18024,879;2011;Mo-Fr
10869;5495,359;2011;Mo-Fr
10876;5513,373;2011;Mo-Fr
10877;5513,373;2011;Mo-Fr
10880;3756,806;2011;Mo-Fr
10881;3756,806;2011;Mo-Fr
10885;20020,921;2011;Mo-Fr
10888;20020,921;2011;Mo-Fr
10889;20020,921;2011;Mo-Fr
10892;2436,715;2011;Mo-Fr
10893;2436,715;2011;Mo-Fr
10896;1559,897;2011;Mo-Fr
10897;1559,897;2011;Mo-Fr
10904;20346,422;2011;Mo-Fr
10905;20346,422;2011;Mo-Fr
10908;7138,044;2011;Mo-Fr
10909;7138,044;2011;Mo-Fr
10936;3003,83;2011;Mo-Fr
10937;3003,83;2011;Mo-Fr
10940;6888,334;2011;Mo-Fr
10941;6888,334;2011;Mo-Fr
10944;3786,588;2011;Mo-Fr
10945;3786,588;2011;Mo-Fr
10952;2490,397;2011;Mo-Fr
10953;2490,397;2011;Mo-Fr
10960;1481,806;2011;Mo-Fr
10961;1481,806;2011;Mo-Fr
10964;6293,253;2011;Mo-Fr
10965;6293,253;2011;Mo-Fr
10968;2290,045;2011;Mo-Fr
10969;2290,045;2011;Mo-Fr
10972;5676,016;2011;Mo-Fr
10973;5676,016;2011;Mo-Fr
10976;687,126;2011;Mo-Fr
10977;687,126;2011;Mo-Fr
10980;1993,617;2011;Mo-Fr
10981;1993,617;2011;Mo-Fr
10984;20346,422;2011;Mo-Fr
10985;20346,422;2011;Mo-Fr
10988;6635,542;2011;Mo-Fr
10989;6635,542;2011;Mo-Fr
10992;17377,486;2011;Mo-Fr
10993;17377,486;2011;Mo-Fr
10996;125,862;2011;Mo-Fr
10997;125,862;2011;Mo-Fr
11010;54960,941;2011;Mo-Fr
11021;54960,941;2011;Mo-Fr
11023;20264,639;2011;Mo-Fr
11025;34922,565;2011;Mo-Fr
11027;34922,565;2011;Mo-Fr
11029;59069,936;2011;Mo-Fr
11031;14439,595;2011;Mo-Fr
11037;12896,599;2011;Mo-Fr
11038;12896,599;2011;Mo-Fr
11051;18024,879;2011;Mo-Fr
11073;1297,89;2011;Mo-Fr
11129;12322,387;2011;Mo-Fr
11130;185,481;2011;Mo-Fr
11133;176,45;2011;Mo-Fr
11135;12136,906;2011;Mo-Fr
11173;14,414;2011;Mo-Fr
11174;14,48;2011;Mo-Fr
11211;5495,359;2011;Mo-Fr
11213;9417,02;2011;Mo-Fr
11237;3629,44;2011;Mo-Fr
11269;2356,323;2011;Mo-Fr
11270;773,824;2011;Mo-Fr
11274;105,266;2011;Mo-Fr
11278;105,266;2011;Mo-Fr
11282;105,266;2011;Mo-Fr
11286;373,06;2011;Mo-Fr
11289;373,06;2011;Mo-Fr
11290;373,06;2011;Mo-Fr
11294;10638,963;2011;Mo-Fr
11301;35130,631;2011;Mo-Fr
11302;34165,248;2011;Mo-Fr
11309;1819,808;2011;Mo-Fr
11413;10651,36;2011;Mo-Fr
11417;10651,36;2011;Mo-Fr
11423;3632,128;2011;Mo-Fr
11424;3632,128;2011;Mo-Fr
11433;5495,359;2011;Mo-Fr
11435;5495,359;2011;Mo-Fr
11441;3838,72;2011;Mo-Fr
11443;3838,72;2011;Mo-Fr
11493;3838,72;2011;Mo-Fr
11509;3838,72;2011;Mo-Fr
11511;3838,72;2011;Mo-Fr
11551;3225,845;2011;Mo-Fr
11553;3225,845;2011;Mo-Fr
11555;3225,845;2011;Mo-Fr
11631;2751,525;2011;Mo-Fr
11709;15090,445;2011;Mo-Fr
11729;2751,525;2011;Mo-Fr
11869;782,454;2011;Mo-Fr
10000;2663,407;2011;Mo-So
10004;2125,486;2011;Mo-So
10006;2303,124;2011;Mo-So
10014;4646,366;2011;Mo-So
10026;16666,746;2011;Mo-So
10030;16390,117;2011;Mo-So
10040;7330,979;2011;Mo-So
10042;7063,962;2011;Mo-So
10044;7044,053;2011;Mo-So
10046;6824,947;2011;Mo-So
10050;6615,43;2011;Mo-So
10052;8864,89;2011;Mo-So
10054;6755,308;2011;Mo-So
10056;5210,325;2011;Mo-So
10058;3698,418;2011;Mo-So
10060;3157,083;2011;Mo-So
10062;2913,494;2011;Mo-So
10068;568,055;2011;Mo-So
10072;3291,741;2011;Mo-So
10074;4585,09;2011;Mo-So
10076;4955,293;2011;Mo-So
10080;3339,191;2011;Mo-So
10084;3141,237;2011;Mo-So
10086;3120,852;2011;Mo-So
10088;2915,316;2011;Mo-So
10090;2912,254;2011;Mo-So
10092;2699,683;2011;Mo-So
10094;2694,594;2011;Mo-So
10096;2682,49;2011;Mo-So
10098;4706,165;2011;Mo-So
10100;4706,165;2011;Mo-So
10102;5474,2;2011;Mo-So
10104;20423,683;2011;Mo-So
10108;4019,596;2011;Mo-So
10110;4064,105;2011;Mo-So
10114;3190,193;2011;Mo-So
10122;2387,011;2011;Mo-So
10124;1313,311;2011;Mo-So
10126;1247,742;2011;Mo-So
10130;1240,267;2011;Mo-So
10132;1416,385;2011;Mo-So
10134;1510,584;2011;Mo-So
10136;1644,691;2011;Mo-So
10140;1744,036;2011;Mo-So
10142;3781,217;2011;Mo-So
10144;4212,101;2011;Mo-So
10146;437,766;2011;Mo-So
10150;372,655;2011;Mo-So
10152;5765,407;2011;Mo-So
10160;4193,634;2011;Mo-So
10162;4861,839;2011;Mo-So
10164;4941,887;2011;Mo-So
10166;5335,191;2011;Mo-So
10168;5827,828;2011;Mo-So
10170;5647,145;2011;Mo-So
10172;5498,785;2011;Mo-So
10174;5011,436;2011;Mo-So
10176;5703,078;2011;Mo-So
10180;6655,661;2011;Mo-So
10182;7316,972;2011;Mo-So
10184;3523,679;2011;Mo-So
10188;3453,245;2011;Mo-So
10190;3436,881;2011;Mo-So
10192;2796,301;2011;Mo-So
10194;2618,409;2011;Mo-So
10202;1752,906;2011;Mo-So
10204;1697,129;2011;Mo-So
10206;1504,103;2011;Mo-So
10208;1487,079;2011;Mo-So
10210;1408,526;2011;Mo-So
10212;1046,881;2011;Mo-So
10216;14317,086;2011;Mo-So
10218;12389,917;2011;Mo-So
10220;11910,107;2011;Mo-So
10222;11768,298;2011;Mo-So
10226;1686,107;2011;Mo-So
10228;1297,59;2011;Mo-So
10230;656,859;2011;Mo-So
10232;617,62;2011;Mo-So
10234;587,561;2011;Mo-So
10236;577,366;2011;Mo-So
10238;626,096;2011;Mo-So
10242;824,366;2011;Mo-So
10244;899,041;2011;Mo-So
10246;7714,411;2011;Mo-So
10248;7593,864;2011;Mo-So
10250;7721,893;2011;Mo-So
10254;8222,581;2011;Mo-So
10258;972,105;2011;Mo-So
10260;965,802;2011;Mo-So
10262;951,919;2011;Mo-So
10266;899,011;2011;Mo-So
10288;293,108;2011;Mo-So
10290;294,033;2011;Mo-So
10292;321,789;2011;Mo-So
10294;310,231;2011;Mo-So
10296;294,033;2011;Mo-So
10298;294,033;2011;Mo-So
10304;7490,748;2011;Mo-So
10306;7590,582;2011;Mo-So
10312;54218,466;2011;Mo-So
10314;54733,25;2011;Mo-So
10318;50383,954;2011;Mo-So
10352;57526,009;2011;Mo-So
10358;28293,104;2011;Mo-So
10360;117,194;2011;Mo-So
10370;57921,878;2011;Mo-So
10376;54724,259;2011;Mo-So
10396;6513,894;2011;Mo-So
10402;762,965;2011;Mo-So
10404;1485,102;2011;Mo-So
10406;1499,918;2011;Mo-So
10408;1623,66;2011;Mo-So
10410;1657,027;2011;Mo-So
10412;1666,434;2011;Mo-So
10414;1662,58;2011;Mo-So
10416;1692,179;2011;Mo-So
10422;5617,947;2011;Mo-So
10424;6602,094;2011;Mo-So
10426;4042,459;2011;Mo-So
10428;1503,761;2011;Mo-So
10430;7018,046;2011;Mo-So
10432;7620,191;2011;Mo-So
10434;831,433;2011;Mo-So
10436;831,433;2011;Mo-So
10442;831,433;2011;Mo-So
10446;14540,139;2011;Mo-So
10450;112,047;2011;Mo-So
10452;13834,874;2011;Mo-So
10454;11662,307;2011;Mo-So
10456;3894,436;2011;Mo-So
10476;12222,486;2011;Mo-So
10478;12215,47;2011;Mo-So
10480;9881,776;2011;Mo-So
10482;9592,948;2011;Mo-So
10484;2907,601;2011;Mo-So
10490;6974,876;2011;Mo-So
10492;6566,377;2011;Mo-So
10494;3460,234;2011;Mo-So
10496;6427,624;2011;Mo-So
10498;6339,054;2011;Mo-So
10500;5995,666;2011;Mo-So
10502;5998,143;2011;Mo-So
10504;6000,49;2011;Mo-So
10506;28481,23;2011;Mo-So
10508;28606,907;2011;Mo-So
10524;5840,151;2011;Mo-So
10528;7081,372;2011;Mo-So
10530;5991,864;2011;Mo-So
10544;44888,229;2011;Mo-So
10545;44888,229;2011;Mo-So
10549;5980,608;2011;Mo-So
10565;3085,807;2011;Mo-So
10569;7083,521;2011;Mo-So
10573;3113,615;2011;Mo-So
10578;322,988;2011;Mo-So
10687;8271,264;2011;Mo-So
10688;1734,635;2011;Mo-So
10691;6536,629;2011;Mo-So
10698;9281,941;2011;Mo-So
10701;6314,059;2011;Mo-So
10710;38,242;2011;Mo-So
10740;1584,33;2011;Mo-So
10760;931,362;2011;Mo-So
10762;931,362;2011;Mo-So
10764;952,26;2011;Mo-So
10766;952,26;2011;Mo-So
10768;928,062;2011;Mo-So
10770;853,51;2011;Mo-So
10772;1711,987;2011;Mo-So
10774;1735,3;2011;Mo-So
10788;5980,608;2011;Mo-So
10789;5980,608;2011;Mo-So
10792;14389,271;2011;Mo-So
10793;14389,271;2011;Mo-So
10796;21917,04;2011;Mo-So
10797;21917,04;2011;Mo-So
10800;21575,779;2011;Mo-So
10801;21575,779;2011;Mo-So
10804;20983,511;2011;Mo-So
10805;20983,511;2011;Mo-So
10808;3810,756;2011;Mo-So
10809;3810,756;2011;Mo-So
10812;3556,358;2011;Mo-So
10816;3556,358;2011;Mo-So
10817;3556,358;2011;Mo-So
10821;4554,096;2011;Mo-So
10824;4554,096;2011;Mo-So
10825;4554,096;2011;Mo-So
10828;355,354;2011;Mo-So
10829;355,354;2011;Mo-So
10833;9623,987;2011;Mo-So
10836;5803,52;2011;Mo-So
10837;5803,52;2011;Mo-So
10844;12152,004;2011;Mo-So
10845;12152,004;2011;Mo-So
10848;3113,615;2011;Mo-So
10849;3113,615;2011;Mo-So
10853;3572,191;2011;Mo-So
10856;18465,197;2011;Mo-So
10857;18465,197;2011;Mo-So
10861;17248,637;2011;Mo-So
10869;5348,609;2011;Mo-So
10876;5347,257;2011;Mo-So
10877;5347,257;2011;Mo-So
10880;3503,269;2011;Mo-So
10881;3503,269;2011;Mo-So
10885;19921,32;2011;Mo-So
10888;19921,32;2011;Mo-So
10889;19921,32;2011;Mo-So
10892;2185,501;2011;Mo-So
10893;2185,501;2011;Mo-So
10896;1320,518;2011;Mo-So
10897;1320,518;2011;Mo-So
10904;20170,055;2011;Mo-So
10905;20170,055;2011;Mo-So
10908;7848,15;2011;Mo-So
10909;7848,15;2011;Mo-So
10936;3085,807;2011;Mo-So
10937;3085,807;2011;Mo-So
10940;7083,521;2011;Mo-So
10941;7083,521;2011;Mo-So
10944;3943,882;2011;Mo-So
10945;3943,882;2011;Mo-So
10952;2282,471;2011;Mo-So
10953;2282,471;2011;Mo-So
10960;1538,37;2011;Mo-So
10961;1538,37;2011;Mo-So
10964;6431,831;2011;Mo-So
10965;6431,831;2011;Mo-So
10968;2230,482;2011;Mo-So
10969;2230,482;2011;Mo-So
10972;6392,816;2011;Mo-So
10973;6392,816;2011;Mo-So
10976;642,642;2011;Mo-So
10977;642,642;2011;Mo-So
10980;1729,457;2011;Mo-So
10981;1729,457;2011;Mo-So
10984;20170,055;2011;Mo-So
10985;20170,055;2011;Mo-So
10988;6621,953;2011;Mo-So
10989;6621,953;2011;Mo-So
10992;16672,132;2011;Mo-So
10993;16672,132;2011;Mo-So
10996;112,047;2011;Mo-So
10997;112,047;2011;Mo-So
11010;51403,54;2011;Mo-So
11021;51403,54;2011;Mo-So
11023;19522,248;2011;Mo-So
11025;34282,023;2011;Mo-So
11027;34282,023;2011;Mo-So
11029;54599,965;2011;Mo-So
11031;13202,623;2011;Mo-So
11037;11963,919;2011;Mo-So
11038;11963,919;2011;Mo-So
11051;17248,637;2011;Mo-So
11073;1374,302;2011;Mo-So
11129;11820,815;2011;Mo-So
11130;164,447;2011;Mo-So
11133;156,082;2011;Mo-So
11135;11656,368;2011;Mo-So
11173;17,741;2011;Mo-So
11174;17,788;2011;Mo-So
11211;5348,609;2011;Mo-So
11213;8973,186;2011;Mo-So
11237;3572,191;2011;Mo-So
11269;2488,13;2011;Mo-So
11270;983,619;2011;Mo-So
11274;173,47;2011;Mo-So
11278;173,47;2011;Mo-So
11282;173,47;2011;Mo-So
11286;492,932;2011;Mo-So
11289;492,932;2011;Mo-So
11290;492,932;2011;Mo-So
11294;9623,987;2011;Mo-So
11301;33959,009;2011;Mo-So
11302;33153,818;2011;Mo-So
11309;1726,353;2011;Mo-So
11413;9632,471;2011;Mo-So
11417;9632,471;2011;Mo-So
11423;3578,945;2011;Mo-So
11424;3578,945;2011;Mo-So
11433;5348,609;2011;Mo-So
11435;5348,609;2011;Mo-So
11441;3511,648;2011;Mo-So
11443;3511,648;2011;Mo-So
11493;3511,648;2011;Mo-So
11509;3511,648;2011;Mo-So
11511;3511,648;2011;Mo-So
11551;2967,882;2011;Mo-So
11553;2967,882;2011;Mo-So
11555;2967,882;2011;Mo-So
11631;5396,854;2011;Mo-So
11709;17548,858;2011;Mo-So
11729;5396,854;2011;Mo-So
11869;831,433;2011;Mo-So
10000;2520,273;2011;Sa
10004;1876,947;2011;Sa
10006;1985,293;2011;Sa
10014;4233,361;2011;Sa
10026;15821,326;2011;Sa
10030;15408,78;2011;Sa
10040;6222,705;2011;Sa
10042;6008,312;2011;Sa
10044;5881,708;2011;Sa
10046;5702,681;2011;Sa
10050;5475,557;2011;Sa
10052;7180,03;2011;Sa
10054;5518,942;2011;Sa
10056;4988,845;2011;Sa
10058;3631,008;2011;Sa
10060;3115,254;2011;Sa
10062;2907,359;2011;Sa
10068;573,42;2011;Sa
10072;3050,879;2011;Sa
10074;4187,472;2011;Sa
10076;4530,449;2011;Sa
10080;3471,853;2011;Sa
10084;3282,609;2011;Sa
10086;3259,341;2011;Sa
10088;3053,717;2011;Sa
10090;3054,578;2011;Sa
10092;2996,215;2011;Sa
10094;2989,756;2011;Sa
10096;2971,721;2011;Sa
10098;5533,188;2011;Sa
10100;5533,188;2011;Sa
10102;6558,496;2011;Sa
10104;22145,374;2011;Sa
10108;3808,169;2011;Sa
10110;3786,302;2011;Sa
10114;2433,351;2011;Sa
10122;1982,771;2011;Sa
10124;903,569;2011;Sa
10126;894,881;2011;Sa
10130;892,989;2011;Sa
10132;965,685;2011;Sa
10134;1072,867;2011;Sa
10136;1151,859;2011;Sa
10140;1195,196;2011;Sa
10142;2664,748;2011;Sa
10144;2835,786;2011;Sa
10146;305,247;2011;Sa
10150;255,561;2011;Sa
10152;3847,743;2011;Sa
10160;3110,378;2011;Sa
10162;2856,448;2011;Sa
10164;2905,166;2011;Sa
10166;3162,104;2011;Sa
10168;3358,172;2011;Sa
10170;3455,706;2011;Sa
10172;3807,105;2011;Sa
10174;3526,029;2011;Sa
10176;3961,478;2011;Sa
10180;4843,772;2011;Sa
10182;5207,746;2011;Sa
10184;3261,317;2011;Sa
10188;3210,175;2011;Sa
10190;3201,868;2011;Sa
10192;2399,342;2011;Sa
10194;2221,184;2011;Sa
10202;1059,339;2011;Sa
10204;1040,431;2011;Sa
10206;927,239;2011;Sa
10208;917,58;2011;Sa
10210;874,189;2011;Sa
10212;636,927;2011;Sa
10216;13929,055;2011;Sa
10218;12300,051;2011;Sa
10220;12107,251;2011;Sa
10222;12003,964;2011;Sa
10226;1218,448;2011;Sa
10228;954,013;2011;Sa
10230;614,52;2011;Sa
10232;588,319;2011;Sa
10234;545,124;2011;Sa
10236;525,982;2011;Sa
10238;532,839;2011;Sa
10242;668,207;2011;Sa
10244;719,293;2011;Sa
10246;9085,753;2011;Sa
10248;9111,826;2011;Sa
10250;9239,05;2011;Sa
10254;9585,01;2011;Sa
10258;716,769;2011;Sa
10260;728,527;2011;Sa
10262;817,169;2011;Sa
10266;821,129;2011;Sa
10304;5284,534;2011;Sa
10306;5371,028;2011;Sa
10312;45863,337;2011;Sa
10314;46180,164;2011;Sa
10318;44063,471;2011;Sa
10352;49158,605;2011;Sa
10358;24869,859;2011;Sa
10370;49309,726;2011;Sa
10376;47318,403;2011;Sa
10396;8038,461;2011;Sa
10402;732,307;2011;Sa
10404;1130,967;2011;Sa
10406;1151,607;2011;Sa
10408;1255,02;2011;Sa
10410;1274,387;2011;Sa
10412;1280,507;2011;Sa
10414;1336,927;2011;Sa
10416;1360,813;2011;Sa
10422;6029,274;2011;Sa
10424;7611,903;2011;Sa
10426;4406,49;2011;Sa
10428;1168,48;2011;Sa
10430;7631,024;2011;Sa
10432;7798,903;2011;Sa
10434;1087,755;2011;Sa
10436;1087,755;2011;Sa
10442;1087,755;2011;Sa
10446;12935,316;2011;Sa
10450;91,811;2011;Sa
10452;12544,219;2011;Sa
10454;11417,891;2011;Sa
10456;4297,68;2011;Sa
10476;10122,09;2011;Sa
10478;10128,25;2011;Sa
10480;9003,378;2011;Sa
10482;8880,622;2011;Sa
10484;3182,809;2011;Sa
10490;7662,828;2011;Sa
10492;7499,046;2011;Sa
10494;3710,053;2011;Sa
10496;7446,388;2011;Sa
10498;7387,308;2011;Sa
10500;7000,554;2011;Sa
10502;7000,554;2011;Sa
10504;7000,876;2011;Sa
10506;29014,608;2011;Sa
10508;29096,254;2011;Sa
10524;6833,298;2011;Sa
10528;7018,044;2011;Sa
10530;7000,876;2011;Sa
10544;40126,984;2011;Sa
10545;40126,984;2011;Sa
10549;4284,468;2011;Sa
10565;3438,747;2011;Sa
10569;7684,606;2011;Sa
10573;3349,804;2011;Sa
10578;460,44;2011;Sa
10687;9333,036;2011;Sa
10688;1386,833;2011;Sa
10691;7946,203;2011;Sa
10698;8787,376;2011;Sa
10701;6166,761;2011;Sa
10710;36,536;2011;Sa
10740;1215,105;2011;Sa
10760;814,371;2011;Sa
10762;814,371;2011;Sa
10764;694,081;2011;Sa
10766;694,081;2011;Sa
10768;983,671;2011;Sa
10770;899,146;2011;Sa
10772;1185,625;2011;Sa
10774;1234,815;2011;Sa
10788;4284,468;2011;Sa
10789;4284,468;2011;Sa
10792;13964,815;2011;Sa
10793;13964,815;2011;Sa
10796;20840,927;2011;Sa
10797;20840,927;2011;Sa
10800;20679,347;2011;Sa
10801;20679,347;2011;Sa
10804;20389,627;2011;Sa
10805;20389,627;2011;Sa
10808;2835,459;2011;Sa
10809;2835,459;2011;Sa
10812;2658,995;2011;Sa
10816;2658,995;2011;Sa
10817;2658,995;2011;Sa
10821;2682,465;2011;Sa
10824;2682,465;2011;Sa
10825;2682,465;2011;Sa
10828;236,995;2011;Sa
10829;236,995;2011;Sa
10833;7816,479;2011;Sa
10836;4958,505;2011;Sa
10837;4958,505;2011;Sa
10844;10931,657;2011;Sa
10845;10931,657;2011;Sa
10848;3349,804;2011;Sa
10849;3349,804;2011;Sa
10853;3550,655;2011;Sa
10856;20843,685;2011;Sa
10857;20843,685;2011;Sa
10861;16355,533;2011;Sa
10869;4966,464;2011;Sa
10876;4850,526;2011;Sa
10877;4850,526;2011;Sa
10880;3245,701;2011;Sa
10881;3245,701;2011;Sa
10885;19896,12;2011;Sa
10888;19896,12;2011;Sa
10889;19896,12;2011;Sa
10892;1709,193;2011;Sa
10893;1709,193;2011;Sa
10896;907,597;2011;Sa
10897;907,597;2011;Sa
10904;19975,5;2011;Sa
10905;19975,5;2011;Sa
10908;9302,435;2011;Sa
10909;9302,435;2011;Sa
10936;3438,747;2011;Sa
10937;3438,747;2011;Sa
10940;7684,606;2011;Sa
10941;7684,606;2011;Sa
10944;4309,313;2011;Sa
10945;4309,313;2011;Sa
10952;1993,393;2011;Sa
10953;1993,393;2011;Sa
10960;1668,304;2011;Sa
10961;1668,304;2011;Sa
10964;6746,818;2011;Sa
10965;6746,818;2011;Sa
10968;2194,52;2011;Sa
10969;2194,52;2011;Sa
10972;7955,446;2011;Sa
10973;7955,446;2011;Sa
10976;529,232;2011;Sa
10977;529,232;2011;Sa
10980;1251,432;2011;Sa
10981;1251,432;2011;Sa
10984;19975,5;2011;Sa
10985;19975,5;2011;Sa
10988;6638,855;2011;Sa
10989;6638,855;2011;Sa
10992;15500,653;2011;Sa
10993;15500,653;2011;Sa
10996;91,811;2011;Sa
10997;91,811;2011;Sa
11010;42838,664;2011;Sa
11021;42838,664;2011;Sa
11023;14732,19;2011;Sa
11025;28327,953;2011;Sa
11027;28327,953;2011;Sa
11029;47563,762;2011;Sa
11031;9342,92;2011;Sa
11037;9212,96;2011;Sa
11038;9212,96;2011;Sa
11051;16355,533;2011;Sa
11073;1535,94;2011;Sa
11129;11064,752;2011;Sa
11130;129,377;2011;Sa
11133;120,792;2011;Sa
11135;10935,375;2011;Sa
11173;31,438;2011;Sa
11174;31,438;2011;Sa
11211;4966,464;2011;Sa
11213;8358,027;2011;Sa
11237;3550,655;2011;Sa
11269;2597,446;2011;Sa
11270;1031,776;2011;Sa
11274;187,064;2011;Sa
11278;187,064;2011;Sa
11282;187,064;2011;Sa
11286;470,448;2011;Sa
11289;470,448;2011;Sa
11290;470,448;2011;Sa
11294;7816,479;2011;Sa
11301;32206,026;2011;Sa
11302;31753,415;2011;Sa
11309;1692,546;2011;Sa
11413;7824,032;2011;Sa
11417;7824,032;2011;Sa
11423;3600,987;2011;Sa
11424;3600,987;2011;Sa
11433;4966,464;2011;Sa
11435;4966,464;2011;Sa
11441;3131,005;2011;Sa
11443;3131,005;2011;Sa
11493;3131,005;2011;Sa
11509;3131,005;2011;Sa
11511;3131,005;2011;Sa
11551;2620,615;2011;Sa
11553;2620,615;2011;Sa
11555;2620,615;2011;Sa
11631;4965,197;2011;Sa
11709;15896,854;2011;Sa
11729;4965,197;2011;Sa
11869;1087,755;2011;Sa
10000;2203,488;2011;So
10004;1564,269;2011;So
10006;1573,843;2011;So
10014;3590,951;2011;So
10026;14143,046;2011;So
10030;14288,482;2011;So
10040;5598,362;2011;So
10042;5500,305;2011;So
10044;5446,356;2011;So
10046;5153,166;2011;So
10050;4643,732;2011;So
10052;5503,791;2011;So
10054;4657,733;2011;So
10056;4025,167;2011;So
10058;2830,31;2011;So
10060;2410,629;2011;So
10062;2223,091;2011;So
10068;483,191;2011;So
10072;3555,162;2011;So
10074;4767,365;2011;So
10076;4969,524;2011;So
10080;4060,127;2011;So
10084;3970,02;2011;So
10086;3960,596;2011;So
10088;3806,576;2011;So
10090;3799,918;2011;So
10092;3651,82;2011;So
10094;3650,224;2011;So
10096;3630,743;2011;So
10098;5541,127;2011;So
10100;5541,127;2011;So
10102;6641,745;2011;So
10104;20272,555;2011;So
10108;3725,804;2011;So
10110;3556,6;2011;So
10114;1820,575;2011;So
10122;1613,744;2011;So
10124;520,707;2011;So
10126;526,713;2011;So
10130;528,201;2011;So
10132;569,778;2011;So
10134;640,768;2011;So
10136;678,075;2011;So
10140;752,334;2011;So
10142;1491,29;2011;So
10144;1584,436;2011;So
10146;164,071;2011;So
10150;153,611;2011;So
10152;2100,152;2011;So
10160;1804,176;2011;So
10162;1379,433;2011;So
10164;1409,466;2011;So
10166;1507,849;2011;So
10168;1607,893;2011;So
10170;1638,396;2011;So
10172;2207,905;2011;So
10174;2058,675;2011;So
10176;2311,622;2011;So
10180;2721,667;2011;So
10182;2923,923;2011;So
10184;2504,81;2011;So
10188;2461,259;2011;So
10190;2450,088;2011;So
10192;1873,825;2011;So
10194;1787,891;2011;So
10202;683,161;2011;So
10204;673,266;2011;So
10206;624,74;2011;So
10208;622,087;2011;So
10210;592,791;2011;So
10212;421,352;2011;So
10216;13487,278;2011;So
10218;12586,816;2011;So
10220;12417,759;2011;So
10222;12327,892;2011;So
10226;876,495;2011;So
10228;778,783;2011;So
10230;606,336;2011;So
10232;586,081;2011;So
10234;561,494;2011;So
10236;552,255;2011;So
10238;530,35;2011;So
10242;582,645;2011;So
10244;610,366;2011;So
10246;9629,896;2011;So
10248;9679,459;2011;So
10250;9814,133;2011;So
10254;10087,002;2011;So
10258;592,292;2011;So
10260;598,892;2011;So
10262;646,087;2011;So
10266;648,379;2011;So
10304;2884,025;2011;So
10306;2972,782;2011;So
10312;40318,151;2011;So
10314;40568,149;2011;So
10318;39105,607;2011;So
10352;37701,078;2011;So
10358;21816,694;2011;So
10370;37746,95;2011;So
10376;36304,556;2011;So
10396;8508,594;2011;So
10402;583,3;2011;So
10404;878,412;2011;So
10406;886,094;2011;So
10408;912,467;2011;So
10410;921,178;2011;So
10412;924,902;2011;So
10414;1019,212;2011;So
10416;1028,092;2011;So
10422;6227,463;2011;So
10424;7812,835;2011;So
10426;4509,114;2011;So
10428;889,496;2011;So
10430;7825,918;2011;So
10432;7903,665;2011;So
10434;815,077;2011;So
10436;815,077;2011;So
10442;815,077;2011;So
10446;11719,518;2011;So
10450;63,596;2011;So
10452;11364,03;2011;So
10454;10461,774;2011;So
10456;4328,802;2011;So
10476;8725,88;2011;So
10478;8723,88;2011;So
10480;8210,949;2011;So
10482;8162,141;2011;So
10484;3077,245;2011;So
10490;7448,343;2011;So
10492;7364,731;2011;So
10494;3287,798;2011;So
10496;7332,379;2011;So
10498;7295,076;2011;So
10500;6972,996;2011;So
10502;6972,956;2011;So
10504;6972,556;2011;So
10506;25060,72;2011;So
10508;25164,727;2011;So
10524;6801,049;2011;So
10528;6989,261;2011;So
10530;6973,964;2011;So
10544;32064,756;2011;So
10545;32064,756;2011;So
10549;2453,903;2011;So
10565;3140,053;2011;So
10569;7451,636;2011;So
10573;3944,839;2011;So
10578;336,224;2011;So
10687;9286,021;2011;So
10688;1041,345;2011;So
10691;8244,676;2011;So
10698;8333,725;2011;So
10701;6304,559;2011;So
10710;50,853;2011;So
10740;850,04;2011;So
10760;644,418;2011;So
10762;644,418;2011;So
10764;576,041;2011;So
10766;576,041;2011;So
10768;859,726;2011;So
10770;816,964;2011;So
10772;695,49;2011;So
10774;693,324;2011;So
10788;2453,903;2011;So
10789;2453,903;2011;So
10792;13546,029;2011;So
10793;13546,029;2011;So
10796;20133,965;2011;So
10797;20133,965;2011;So
10800;20051,405;2011;So
10801;20051,405;2011;So
10804;19908,918;2011;So
10805;19908,918;2011;So
10808;1652,611;2011;So
10809;1652,611;2011;So
10812;1532,83;2011;So
10816;1532,83;2011;So
10817;1532,83;2011;So
10821;1298,743;2011;So
10824;1298,743;2011;So
10825;1298,743;2011;So
10828;140,298;2011;So
10829;140,298;2011;So
10833;5974,513;2011;So
10836;4583,946;2011;So
10837;4583,946;2011;So
10844;9509,718;2011;So
10845;9509,718;2011;So
10848;3944,839;2011;So
10849;3944,839;2011;So
10853;3308,337;2011;So
10856;19113,262;2011;So
10857;19113,262;2011;So
10861;14235,901;2011;So
10869;3752,01;2011;So
10876;3801,904;2011;So
10877;3801,904;2011;So
10880;2495,268;2011;So
10881;2495,268;2011;So
10885;19421,337;2011;So
10888;19421,337;2011;So
10889;19421,337;2011;So
10892;1409,219;2011;So
10893;1409,219;2011;So
10896;529,269;2011;So
10897;529,269;2011;So
10904;19450,875;2011;So
10905;19450,875;2011;So
10908;9920,565;2011;So
10909;9920,565;2011;So
10936;3140,053;2011;So
10937;3140,053;2011;So
10940;7451,636;2011;So
10941;7451,636;2011;So
10944;4362,604;2011;So
10945;4362,604;2011;So
10952;1534,931;2011;So
10953;1534,931;2011;So
10960;1689,08;2011;So
10961;1689,08;2011;So
10964;6807,235;2011;So
10965;6807,235;2011;So
10968;1967,992;2011;So
10969;1967,992;2011;So
10972;8389,095;2011;So
10973;8389,095;2011;So
10976;534,424;2011;So
10977;534,424;2011;So
10980;891,154;2011;So
10981;891,154;2011;So
10984;19450,875;2011;So
10985;19450,875;2011;So
10988;6538,011;2011;So
10989;6538,011;2011;So
10992;14289,448;2011;So
10993;14289,448;2011;So
10996;63,596;2011;So
10997;63,596;2011;So
11010;38284,286;2011;So
11021;38284,286;2011;So
11023;13098,237;2011;So
11025;25186,049;2011;So
11027;25186,049;2011;So
11029;36605,192;2011;So
11031;8282,308;2011;So
11037;8207,898;2011;So
11038;8207,898;2011;So
11051;14235,901;2011;So
11073;1591,429;2011;So
11129;10069,976;2011;So
11130;95,019;2011;So
11133;90,212;2011;So
11135;9974,957;2011;So
11173;20,4;2011;So
11174;20,4;2011;So
11211;3752,01;2011;So
11213;6012,306;2011;So
11237;3308,337;2011;So
11269;1940,02;2011;So
11270;887,18;2011;So
11274;147,187;2011;So
11278;147,187;2011;So
11282;147,187;2011;So
11286;433,152;2011;So
11289;433,152;2011;So
11290;433,152;2011;So
11294;5974,513;2011;So
11301;27006,522;2011;So
11302;26646,684;2011;So
11309;1293,491;2011;So
11413;5980,67;2011;So
11417;5980,67;2011;So
11423;3291,277;2011;So
11424;3291,277;2011;So
11433;3752,01;2011;So
11435;3752,01;2011;So
11441;2260,814;2011;So
11443;2260,814;2011;So
11493;2260,814;2011;So
11509;2260,814;2011;So
11511;2260,814;2011;So
11551;2029,166;2011;So
11553;2029,166;2011;So
11555;2029,166;2011;So
11631;5276,537;2011;So
11709;14786,255;2011;So
11729;5276,537;2011;So
11869;815,077;2011;So
10000;1472,53;2012;Mo-Fr
10004;1205,895;2012;Mo-Fr
10006;1311,598;2012;Mo-Fr
10014;2530,847;2012;Mo-Fr
10026;8674,488;2012;Mo-Fr
10030;8525,246;2012;Mo-Fr
10040;3879,286;2012;Mo-Fr
10042;3730,016;2012;Mo-Fr
10044;3708,012;2012;Mo-Fr
10046;3651,745;2012;Mo-Fr
10050;3562,54;2012;Mo-Fr
10052;4831,826;2012;Mo-Fr
10054;3655,455;2012;Mo-Fr
10056;2651,165;2012;Mo-Fr
10058;1914,858;2012;Mo-Fr
10060;1618,161;2012;Mo-Fr
10062;1483,585;2012;Mo-Fr
10068;253,403;2012;Mo-Fr
10072;684,24;2012;Mo-Fr
10074;1038,213;2012;Mo-Fr
10076;1182,556;2012;Mo-Fr
10080;1639,483;2012;Mo-Fr
10084;1542,154;2012;Mo-Fr
10086;1532,401;2012;Mo-Fr
10088;1414,544;2012;Mo-Fr
10090;1413,441;2012;Mo-Fr
10092;1284,253;2012;Mo-Fr
10094;1281,772;2012;Mo-Fr
10096;1284,256;2012;Mo-Fr
10098;2193,575;2012;Mo-Fr
10100;2193,594;2012;Mo-Fr
10102;2545,325;2012;Mo-Fr
10104;12185,931;2012;Mo-Fr
10108;2145,056;2012;Mo-Fr
10110;2137,399;2012;Mo-Fr
10114;2585,025;2012;Mo-Fr
10122;1359,615;2012;Mo-Fr
10124;1627,434;2012;Mo-Fr
10126;1517,44;2012;Mo-Fr
10130;1511,214;2012;Mo-Fr
10132;1694,403;2012;Mo-Fr
10134;1794,957;2012;Mo-Fr
10136;1962,536;2012;Mo-Fr
10140;2112,189;2012;Mo-Fr
10142;4335,628;2012;Mo-Fr
10144;4913,154;2012;Mo-Fr
10146;514,468;2012;Mo-Fr
10150;446,445;2012;Mo-Fr
10152;6845,478;2012;Mo-Fr
10160;4929,937;2012;Mo-Fr
10162;6410,421;2012;Mo-Fr
10164;6523,536;2012;Mo-Fr
10166;7079,347;2012;Mo-Fr
10168;7806,103;2012;Mo-Fr
10170;7599,519;2012;Mo-Fr
10172;6508,408;2012;Mo-Fr
10174;5922,451;2012;Mo-Fr
10176;6731,983;2012;Mo-Fr
10180;7839,41;2012;Mo-Fr
10182;8780,953;2012;Mo-Fr
10184;1927,594;2012;Mo-Fr
10188;1886,343;2012;Mo-Fr
10190;1877,641;2012;Mo-Fr
10192;1557,762;2012;Mo-Fr
10194;1467,425;2012;Mo-Fr
10202;2117,531;2012;Mo-Fr
10204;2047,504;2012;Mo-Fr
10206;1796,982;2012;Mo-Fr
10208;1776,456;2012;Mo-Fr
10210;1683,82;2012;Mo-Fr
10212;1254,219;2012;Mo-Fr
10216;7422,306;2012;Mo-Fr
10218;6385,366;2012;Mo-Fr
10220;6062,17;2012;Mo-Fr
10222;5982,972;2012;Mo-Fr
10226;1025,979;2012;Mo-Fr
10228;787,112;2012;Mo-Fr
10230;377,714;2012;Mo-Fr
10232;352,557;2012;Mo-Fr
10234;335,732;2012;Mo-Fr
10236;325,752;2012;Mo-Fr
10238;350,371;2012;Mo-Fr
10242;475,252;2012;Mo-Fr
10244;520,929;2012;Mo-Fr
10246;3892,532;2012;Mo-Fr
10248;3745,223;2012;Mo-Fr
10250;3797,49;2012;Mo-Fr
10254;4154,61;2012;Mo-Fr
10258;781,329;2012;Mo-Fr
10260;772,876;2012;Mo-Fr
10262;774,181;2012;Mo-Fr
10266;733,864;2012;Mo-Fr
10288;331,363;2012;Mo-Fr
10290;335,666;2012;Mo-Fr
10292;382,231;2012;Mo-Fr
10294;348,236;2012;Mo-Fr
10296;335,666;2012;Mo-Fr
10298;335,666;2012;Mo-Fr
10304;9143,956;2012;Mo-Fr
10306;9189,034;2012;Mo-Fr
10312;29777,983;2012;Mo-Fr
10314;30112,067;2012;Mo-Fr
10318;27401,731;2012;Mo-Fr
10352;34197,439;2012;Mo-Fr
10358;14325,057;2012;Mo-Fr
10360;285,09;2012;Mo-Fr
10370;34475,912;2012;Mo-Fr
10376;32501,868;2012;Mo-Fr
10396;3239,186;2012;Mo-Fr
10402;461,898;2012;Mo-Fr
10404;871,253;2012;Mo-Fr
10406;879,797;2012;Mo-Fr
10408;964,015;2012;Mo-Fr
10410;983,963;2012;Mo-Fr
10412;984,964;2012;Mo-Fr
10414;998,024;2012;Mo-Fr
10416;1014,204;2012;Mo-Fr
10422;2912,283;2012;Mo-Fr
10424;3442,393;2012;Mo-Fr
10426;1933,519;2012;Mo-Fr
10428;887,338;2012;Mo-Fr
10430;3677,582;2012;Mo-Fr
10432;4066,134;2012;Mo-Fr
10434;792,658;2012;Mo-Fr
10436;792,658;2012;Mo-Fr
10442;792,658;2012;Mo-Fr
10446;8210,109;2012;Mo-Fr
10450;144,632;2012;Mo-Fr
10452;7792,087;2012;Mo-Fr
10454;6452,802;2012;Mo-Fr
10456;1860,029;2012;Mo-Fr
10476;6801,443;2012;Mo-Fr
10478;6789,904;2012;Mo-Fr
10480;5280,38;2012;Mo-Fr
10482;5071,124;2012;Mo-Fr
10484;1416,921;2012;Mo-Fr
10490;3432,073;2012;Mo-Fr
10492;3157,812;2012;Mo-Fr
10494;1790,343;2012;Mo-Fr
10496;3053,4;2012;Mo-Fr
10498;2994,127;2012;Mo-Fr
10500;2836,335;2012;Mo-Fr
10502;2836,326;2012;Mo-Fr
10504;2838,454;2012;Mo-Fr
10506;16936,858;2012;Mo-Fr
10508;16999,799;2012;Mo-Fr
10524;2752,135;2012;Mo-Fr
10528;3645,629;2012;Mo-Fr
10530;2834,02;2012;Mo-Fr
10544;26647,474;2012;Mo-Fr
10545;26647,474;2012;Mo-Fr
10549;7039,625;2012;Mo-Fr
10565;1566,059;2012;Mo-Fr
10569;3503,46;2012;Mo-Fr
10573;1521,737;2012;Mo-Fr
10687;4315,858;2012;Mo-Fr
10688;1029,978;2012;Mo-Fr
10691;3285,88;2012;Mo-Fr
10698;5089,232;2012;Mo-Fr
10701;3254,034;2012;Mo-Fr
10740;951,994;2012;Mo-Fr
10760;758,247;2012;Mo-Fr
10762;758,247;2012;Mo-Fr
10764;770,275;2012;Mo-Fr
10766;770,275;2012;Mo-Fr
10768;449,653;2012;Mo-Fr
10770;395,646;2012;Mo-Fr
10772;2043,974;2012;Mo-Fr
10774;2078,442;2012;Mo-Fr
10788;7039,625;2012;Mo-Fr
10789;7039,625;2012;Mo-Fr
10792;7468,199;2012;Mo-Fr
10793;7468,199;2012;Mo-Fr
10796;11366,504;2012;Mo-Fr
10797;11366,504;2012;Mo-Fr
10800;11158,751;2012;Mo-Fr
10801;11158,751;2012;Mo-Fr
10804;10764,924;2012;Mo-Fr
10805;10764,924;2012;Mo-Fr
10808;4412,507;2012;Mo-Fr
10809;4412,507;2012;Mo-Fr
10812;4095,691;2012;Mo-Fr
10816;4095,691;2012;Mo-Fr
10817;4095,691;2012;Mo-Fr
10821;5950,588;2012;Mo-Fr
10824;5950,588;2012;Mo-Fr
10825;5950,588;2012;Mo-Fr
10828;424,505;2012;Mo-Fr
10829;424,505;2012;Mo-Fr
10833;5247,753;2012;Mo-Fr
10836;3064,845;2012;Mo-Fr
10837;3064,845;2012;Mo-Fr
10844;6235,267;2012;Mo-Fr
10845;6235,267;2012;Mo-Fr
10848;1521,737;2012;Mo-Fr
10849;1521,737;2012;Mo-Fr
10853;1886,987;2012;Mo-Fr
10856;10873,152;2012;Mo-Fr
10857;10873,152;2012;Mo-Fr
10861;8992,746;2012;Mo-Fr
10869;2955,047;2012;Mo-Fr
10876;2950,921;2012;Mo-Fr
10877;2950,921;2012;Mo-Fr
10880;1914,988;2012;Mo-Fr
10881;1914,988;2012;Mo-Fr
10885;10130,131;2012;Mo-Fr
10888;10130,131;2012;Mo-Fr
10889;10130,131;2012;Mo-Fr
10892;1279,446;2012;Mo-Fr
10893;1279,446;2012;Mo-Fr
10896;1619,098;2012;Mo-Fr
10897;1619,098;2012;Mo-Fr
10904;10312,115;2012;Mo-Fr
10905;10312,115;2012;Mo-Fr
10908;3882,847;2012;Mo-Fr
10909;3882,847;2012;Mo-Fr
10936;1566,059;2012;Mo-Fr
10937;1566,059;2012;Mo-Fr
10940;3503,46;2012;Mo-Fr
10941;3503,46;2012;Mo-Fr
10944;1892,378;2012;Mo-Fr
10945;1892,378;2012;Mo-Fr
10952;1294,63;2012;Mo-Fr
10953;1294,63;2012;Mo-Fr
10960;970,156;2012;Mo-Fr
10961;970,156;2012;Mo-Fr
10964;3311,37;2012;Mo-Fr
10965;3311,37;2012;Mo-Fr
10968;1241,899;2012;Mo-Fr
10969;1241,899;2012;Mo-Fr
10972;3190,644;2012;Mo-Fr
10973;3190,644;2012;Mo-Fr
10976;361,945;2012;Mo-Fr
10977;361,945;2012;Mo-Fr
10980;1044,602;2012;Mo-Fr
10981;1044,602;2012;Mo-Fr
10984;10312,115;2012;Mo-Fr
10985;10312,115;2012;Mo-Fr
10988;3365,935;2012;Mo-Fr
10989;3365,935;2012;Mo-Fr
10992;8710,242;2012;Mo-Fr
10993;8710,242;2012;Mo-Fr
10996;144,632;2012;Mo-Fr
10997;144,632;2012;Mo-Fr
11010;28015,3;2012;Mo-Fr
11021;28015,3;2012;Mo-Fr
11023;10288,117;2012;Mo-Fr
11025;17811,917;2012;Mo-Fr
11027;17811,917;2012;Mo-Fr
11029;32517,592;2012;Mo-Fr
11031;7558,547;2012;Mo-Fr
11037;6599,208;2012;Mo-Fr
11038;6599,208;2012;Mo-Fr
11051;8992,746;2012;Mo-Fr
11129;6707,026;2012;Mo-Fr
11130;208,529;2012;Mo-Fr
11133;202,303;2012;Mo-Fr
11135;6498,497;2012;Mo-Fr
11173;16,18;2012;Mo-Fr
11174;16,563;2012;Mo-Fr
11211;2955,047;2012;Mo-Fr
11213;5170,837;2012;Mo-Fr
11237;1886,987;2012;Mo-Fr
11269;1313,332;2012;Mo-Fr
11270;449,653;2012;Mo-Fr
11274;53,074;2012;Mo-Fr
11278;53,074;2012;Mo-Fr
11282;53,074;2012;Mo-Fr
11286;211,669;2012;Mo-Fr
11289;211,669;2012;Mo-Fr
11290;211,669;2012;Mo-Fr
11294;5247,753;2012;Mo-Fr
11301;20352,607;2012;Mo-Fr
11302;19807,561;2012;Mo-Fr
11309;924,296;2012;Mo-Fr
11413;5260,813;2012;Mo-Fr
11417;5260,813;2012;Mo-Fr
11423;1911,459;2012;Mo-Fr
11424;1911,459;2012;Mo-Fr
11433;2955,047;2012;Mo-Fr
11435;2955,047;2012;Mo-Fr
11441;2136,41;2012;Mo-Fr
11443;2136,41;2012;Mo-Fr
11493;2136,41;2012;Mo-Fr
11509;2136,41;2012;Mo-Fr
11511;2136,41;2012;Mo-Fr
11551;1835,198;2012;Mo-Fr
11553;1835,198;2012;Mo-Fr
11555;1835,198;2012;Mo-Fr
11631;1378,051;2012;Mo-Fr
11709;7613,318;2012;Mo-Fr
11729;1378,051;2012;Mo-Fr
11869;792,658;2012;Mo-Fr
10000;1446,865;2012;Mo-So
10004;1162,856;2012;Mo-So
10006;1248,693;2012;Mo-So
10014;2460,735;2012;Mo-So
10026;8355,058;2012;Mo-So
10030;8225,705;2012;Mo-So
10040;3684,632;2012;Mo-So
10042;3550,953;2012;Mo-So
10044;3521,467;2012;Mo-So
10046;3458,066;2012;Mo-So
10050;3336,478;2012;Mo-So
10052;4427,602;2012;Mo-So
10054;3412,501;2012;Mo-So
10056;2779,959;2012;Mo-So
10058;2046,25;2012;Mo-So
10060;1741,305;2012;Mo-So
10062;1606,601;2012;Mo-So
10068;343,416;2012;Mo-So
10072;2821,015;2012;Mo-So
10074;3755,702;2012;Mo-So
10076;4071,912;2012;Mo-So
10080;1747,504;2012;Mo-So
10084;1652,665;2012;Mo-So
10086;1642,889;2012;Mo-So
10088;1527,743;2012;Mo-So
10090;1527,769;2012;Mo-So
10092;1413,671;2012;Mo-So
10094;1411,731;2012;Mo-So
10096;1410,533;2012;Mo-So
10098;2413,593;2012;Mo-So
10100;2413,607;2012;Mo-So
10102;2784,524;2012;Mo-So
10104;11693,181;2012;Mo-So
10108;2068,873;2012;Mo-So
10110;2044,755;2012;Mo-So
10114;2266,158;2012;Mo-So
10122;1240,633;2012;Mo-So
10124;1378,981;2012;Mo-So
10126;1299,219;2012;Mo-So
10130;1296,565;2012;Mo-So
10132;1455,43;2012;Mo-So
10134;1547,291;2012;Mo-So
10136;1681,661;2012;Mo-So
10140;1806,31;2012;Mo-So
10142;3754,447;2012;Mo-So
10144;4218,723;2012;Mo-So
10146;438,253;2012;Mo-So
10150;383,946;2012;Mo-So
10152;5834,508;2012;Mo-So
10160;4256,988;2012;Mo-So
10162;5240,276;2012;Mo-So
10164;5332,346;2012;Mo-So
10166;5787,739;2012;Mo-So
10168;6354,348;2012;Mo-So
10170;6226,131;2012;Mo-So
10172;5562,789;2012;Mo-So
10174;5076,255;2012;Mo-So
10176;5763,012;2012;Mo-So
10180;6750,137;2012;Mo-So
10182;7508,057;2012;Mo-So
10184;1822,711;2012;Mo-So
10188;1785,798;2012;Mo-So
10190;1778,596;2012;Mo-So
10192;1437,041;2012;Mo-So
10194;1351,86;2012;Mo-So
10202;1771,557;2012;Mo-So
10204;1716,34;2012;Mo-So
10206;1515,078;2012;Mo-So
10208;1498,575;2012;Mo-So
10210;1421,031;2012;Mo-So
10212;1056,813;2012;Mo-So
10216;7290,248;2012;Mo-So
10218;6384,955;2012;Mo-So
10220;6129,111;2012;Mo-So
10222;6058,325;2012;Mo-So
10226;899,353;2012;Mo-So
10228;697,892;2012;Mo-So
10230;364,729;2012;Mo-So
10232;343,06;2012;Mo-So
10234;326,508;2012;Mo-So
10236;318,558;2012;Mo-So
10238;333,045;2012;Mo-So
10242;439,438;2012;Mo-So
10244;476,486;2012;Mo-So
10246;4207,495;2012;Mo-So
10248;4102,599;2012;Mo-So
10250;4162,105;2012;Mo-So
10254;4476,646;2012;Mo-So
10258;736,406;2012;Mo-So
10260;731,488;2012;Mo-So
10262;745,197;2012;Mo-So
10266;715,969;2012;Mo-So
10288;331,363;2012;Mo-So
10290;335,666;2012;Mo-So
10292;382,231;2012;Mo-So
10294;348,236;2012;Mo-So
10296;335,666;2012;Mo-So
10298;335,666;2012;Mo-So
10304;7780,276;2012;Mo-So
10306;7832,946;2012;Mo-So
10312;27607,025;2012;Mo-So
10314;27880,87;2012;Mo-So
10318;25671,422;2012;Mo-So
10352;30438,93;2012;Mo-So
10358;14579,251;2012;Mo-So
10360;285,09;2012;Mo-So
10370;30652,401;2012;Mo-So
10376;29019,185;2012;Mo-So
10396;3569,795;2012;Mo-So
10402;471,672;2012;Mo-So
10404;828,884;2012;Mo-So
10406;833,764;2012;Mo-So
10408;899,036;2012;Mo-So
10410;915,432;2012;Mo-So
10412;916,646;2012;Mo-So
10414;934,536;2012;Mo-So
10416;947,547;2012;Mo-So
10422;2975,08;2012;Mo-So
10424;3676,063;2012;Mo-So
10426;1976,782;2012;Mo-So
10428;840,698;2012;Mo-So
10430;3854,73;2012;Mo-So
10432;4150,085;2012;Mo-So
10434;857,005;2012;Mo-So
10436;857,005;2012;Mo-So
10442;857,005;2012;Mo-So
10446;7797,472;2012;Mo-So
10450;132,631;2012;Mo-So
10452;7452,357;2012;Mo-So
10454;6361,829;2012;Mo-So
10456;1898,061;2012;Mo-So
10476;6248,424;2012;Mo-So
10478;6236,91;2012;Mo-So
10480;5034,046;2012;Mo-So
10482;4868,685;2012;Mo-So
10484;1453,294;2012;Mo-So
10490;3566,945;2012;Mo-So
10492;3352,358;2012;Mo-So
10494;1796,688;2012;Mo-So
10496;3271,886;2012;Mo-So
10498;3221,642;2012;Mo-So
10500;3052,862;2012;Mo-So
10502;3052,937;2012;Mo-So
10504;3054,402;2012;Mo-So
10506;15862,273;2012;Mo-So
10508;15917,764;2012;Mo-So
10524;2969,483;2012;Mo-So
10528;3634,836;2012;Mo-So
10530;3051,31;2012;Mo-So
10544;24023,218;2012;Mo-So
10545;24023,218;2012;Mo-So
10549;6060,914;2012;Mo-So
10565;1600,599;2012;Mo-So
10569;3619,759;2012;Mo-So
10573;1641,666;2012;Mo-So
10687;4536,203;2012;Mo-So
10688;959,286;2012;Mo-So
10691;3576,917;2012;Mo-So
10698;4930,034;2012;Mo-So
10701;3169,471;2012;Mo-So
10740;842,457;2012;Mo-So
10760;733,295;2012;Mo-So
10762;733,295;2012;Mo-So
10764;725,604;2012;Mo-So
10766;725,604;2012;Mo-So
10768;588,431;2012;Mo-So
10770;526,234;2012;Mo-So
10772;1745,877;2012;Mo-So
10774;1774,718;2012;Mo-So
10788;6060,914;2012;Mo-So
10789;6060,914;2012;Mo-So
10792;7329,63;2012;Mo-So
10793;7329,63;2012;Mo-So
10796;11068,332;2012;Mo-So
10797;11068,332;2012;Mo-So
10800;10902,292;2012;Mo-So
10801;10902,292;2012;Mo-So
10804;10586,407;2012;Mo-So
10805;10586,407;2012;Mo-So
10808;3823,079;2012;Mo-So
10809;3823,079;2012;Mo-So
10812;3550,159;2012;Mo-So
10816;3550,159;2012;Mo-So
10817;3550,159;2012;Mo-So
10821;4868,458;2012;Mo-So
10824;4868,458;2012;Mo-So
10825;4868,458;2012;Mo-So
10828;364,243;2012;Mo-So
10829;364,243;2012;Mo-So
10833;4809,324;2012;Mo-So
10836;2939,81;2012;Mo-So
10837;2939,81;2012;Mo-So
10844;6227,193;2012;Mo-So
10845;6227,193;2012;Mo-So
10848;1641,666;2012;Mo-So
10849;1641,666;2012;Mo-So
10853;1826,601;2012;Mo-So
10856;10590,57;2012;Mo-So
10857;10590,57;2012;Mo-So
10861;8625,987;2012;Mo-So
10869;2850,782;2012;Mo-So
10876;2837,152;2012;Mo-So
10877;2837,152;2012;Mo-So
10880;1811,721;2012;Mo-So
10881;1811,721;2012;Mo-So
10885;10047,603;2012;Mo-So
10888;10047,603;2012;Mo-So
10889;10047,603;2012;Mo-So
10892;1149,424;2012;Mo-So
10893;1149,424;2012;Mo-So
10896;1372,433;2012;Mo-So
10897;1372,433;2012;Mo-So
10904;10185,743;2012;Mo-So
10905;10185,743;2012;Mo-So
10908;4238,313;2012;Mo-So
10909;4238,313;2012;Mo-So
10936;1600,599;2012;Mo-So
10937;1600,599;2012;Mo-So
10940;3619,759;2012;Mo-So
10941;3619,759;2012;Mo-So
10944;1925,256;2012;Mo-So
10945;1925,256;2012;Mo-So
10952;1233,737;2012;Mo-So
10953;1233,737;2012;Mo-So
10960;994,199;2012;Mo-So
10961;994,199;2012;Mo-So
10964;3352,896;2012;Mo-So
10965;3352,896;2012;Mo-So
10968;1239,851;2012;Mo-So
10969;1239,851;2012;Mo-So
10972;3519,356;2012;Mo-So
10973;3519,356;2012;Mo-So
10976;341,392;2012;Mo-So
10977;341,392;2012;Mo-So
10980;915,737;2012;Mo-So
10981;915,737;2012;Mo-So
10984;10185,743;2012;Mo-So
10985;10185,743;2012;Mo-So
10988;3295,829;2012;Mo-So
10989;3295,829;2012;Mo-So
10992;8364,192;2012;Mo-So
10993;8364,192;2012;Mo-So
10996;132,631;2012;Mo-So
10997;132,631;2012;Mo-So
11010;26559,271;2012;Mo-So
11021;26559,271;2012;Mo-So
11023;9940,165;2012;Mo-So
11025;17743,988;2012;Mo-So
11027;17743,988;2012;Mo-So
11029;29077,377;2012;Mo-So
11031;7087,002;2012;Mo-So
11037;6251,355;2012;Mo-So
11038;6251,355;2012;Mo-So
11051;8625,987;2012;Mo-So
11129;6463,752;2012;Mo-So
11130;188,224;2012;Mo-So
11133;182,396;2012;Mo-So
11135;6275,528;2012;Mo-So
11173;19,456;2012;Mo-So
11174;19,671;2012;Mo-So
11211;2850,782;2012;Mo-So
11213;4966,224;2012;Mo-So
11237;1826,601;2012;Mo-So
11269;1417,638;2012;Mo-So
11270;588,431;2012;Mo-So
11274;89,832;2012;Mo-So
11278;89,832;2012;Mo-So
11282;89,832;2012;Mo-So
11286;284,224;2012;Mo-So
11289;284,224;2012;Mo-So
11290;284,224;2012;Mo-So
11294;4809,324;2012;Mo-So
11301;18653,444;2012;Mo-So
11302;18209,153;2012;Mo-So
11309;877,774;2012;Mo-So
11413;4821,241;2012;Mo-So
11417;4821,241;2012;Mo-So
11423;1848,37;2012;Mo-So
11424;1848,37;2012;Mo-So
11433;2850,782;2012;Mo-So
11435;2850,782;2012;Mo-So
11441;2035,098;2012;Mo-So
11443;2035,098;2012;Mo-So
11493;2035,098;2012;Mo-So
11509;2035,098;2012;Mo-So
11511;2035,098;2012;Mo-So
11551;1760,563;2012;Mo-So
11553;1760,563;2012;Mo-So
11555;1760,563;2012;Mo-So
11631;4381,309;2012;Mo-So
11709;10608,502;2012;Mo-So
11729;4381,309;2012;Mo-So
11869;857,005;2012;Mo-So
10000;1514,229;2012;Sa
10004;1154,85;2012;Sa
10006;1214,917;2012;Sa
10014;2472,285;2012;Sa
10026;7794,567;2012;Sa
10030;7604,183;2012;Sa
10040;3262,304;2012;Sa
10042;3162,906;2012;Sa
10044;3135,452;2012;Sa
10046;3089,906;2012;Sa
10050;2991,559;2012;Sa
10052;3879,409;2012;Sa
10054;3062,404;2012;Sa
10056;2863,779;2012;Sa
10058;2225,033;2012;Sa
10060;1944,208;2012;Sa
10062;1818,567;2012;Sa
10068;409,107;2012;Sa
10072;2650,893;2012;Sa
10074;3518,31;2012;Sa
10076;3832,229;2012;Sa
10080;1946,269;2012;Sa
10084;1845,19;2012;Sa
10086;1828,74;2012;Sa
10088;1700,031;2012;Sa
10090;1701,906;2012;Sa
10092;1659,783;2012;Sa
10094;1657,658;2012;Sa
10096;1644,783;2012;Sa
10098;2942,45;2012;Sa
10100;2942,45;2012;Sa
10102;3428,281;2012;Sa
10104;11299,047;2012;Sa
10108;1890,225;2012;Sa
10110;1841,275;2012;Sa
10114;1707,262;2012;Sa
10122;1062,839;2012;Sa
10124;915,364;2012;Sa
10126;895,127;2012;Sa
10130;909,72;2012;Sa
10132;1041,949;2012;Sa
10134;1123,267;2012;Sa
10136;1194,886;2012;Sa
10140;1275,092;2012;Sa
10142;2796,014;2012;Sa
10144;3002,721;2012;Sa
10146;319,158;2012;Sa
10150;284,286;2012;Sa
10152;4062,859;2012;Sa
10160;3269,805;2012;Sa
10162;3086,568;2012;Sa
10164;3142,109;2012;Sa
10166;3441,257;2012;Sa
10168;3679,155;2012;Sa
10170;3783,463;2012;Sa
10172;4032,188;2012;Sa
10174;3753,526;2012;Sa
10176;4209,584;2012;Sa
10180;5141,483;2012;Sa
10182;5536,089;2012;Sa
10184;1799,987;2012;Sa
10188;1773,791;2012;Sa
10190;1772,186;2012;Sa
10192;1293,236;2012;Sa
10194;1193,66;2012;Sa
10202;1113,535;2012;Sa
10204;1087,893;2012;Sa
10206;980,478;2012;Sa
10208;973,314;2012;Sa
10210;927,448;2012;Sa
10212;694,223;2012;Sa
10216;7432,071;2012;Sa
10218;6712,983;2012;Sa
10220;6616,083;2012;Sa
10222;6554,308;2012;Sa
10226;678,782;2012;Sa
10228;531,643;2012;Sa
10230;339,599;2012;Sa
10232;324,215;2012;Sa
10234;301,747;2012;Sa
10236;297,647;2012;Sa
10238;295,449;2012;Sa
10242;376,448;2012;Sa
10244;396,689;2012;Sa
10246;5267,175;2012;Sa
10248;5253,723;2012;Sa
10250;5336,256;2012;Sa
10254;5582,166;2012;Sa
10258;698,93;2012;Sa
10260;702,556;2012;Sa
10262;768,781;2012;Sa
10266;767,457;2012;Sa
10304;5598,551;2012;Sa
10306;5701,813;2012;Sa
10312;24135,687;2012;Sa
10314;24285,387;2012;Sa
10318;23153,787;2012;Sa
10352;24413,568;2012;Sa
10358;13175,558;2012;Sa
10370;24492,524;2012;Sa
10376;23563,674;2012;Sa
10396;4617,113;2012;Sa
10402;538,325;2012;Sa
10404;816,65;2012;Sa
10406;810,525;2012;Sa
10408;839,45;2012;Sa
10410;847,525;2012;Sa
10412;850,4;2012;Sa
10414;886,8;2012;Sa
10416;894,925;2012;Sa
10422;3282,427;2012;Sa
10424;4488,862;2012;Sa
10426;2167,144;2012;Sa
10428;820,625;2012;Sa
10430;4528,35;2012;Sa
10432;4612,996;2012;Sa
10434;1176,558;2012;Sa
10436;1176,558;2012;Sa
10442;1176,558;2012;Sa
10446;7366,606;2012;Sa
10450;124,212;2012;Sa
10452;7185,94;2012;Sa
10454;6633,806;2012;Sa
10456;2083,912;2012;Sa
10476;5407,312;2012;Sa
10478;5393,262;2012;Sa
10480;4773,456;2012;Sa
10482;4694,462;2012;Sa
10484;1484,275;2012;Sa
10490;4071,688;2012;Sa
10492;3999,677;2012;Sa
10494;1837,5;2012;Sa
10496;3966,26;2012;Sa
10498;3930,304;2012;Sa
10500;3689,336;2012;Sa
10502;3689,336;2012;Sa
10504;3689,161;2012;Sa
10506;14710,52;2012;Sa
10508;14754,52;2012;Sa
10524;3605,6;2012;Sa
10528;3843,992;2012;Sa
10530;3689,161;2012;Sa
10544;20070,145;2012;Sa
10545;20070,145;2012;Sa
10549;4574,799;2012;Sa
10565;1673,125;2012;Sa
10569;4083,713;2012;Sa
10573;1871,638;2012;Sa
10687;5454,717;2012;Sa
10688;900,225;2012;Sa
10691;4554,492;2012;Sa
10698;4950,334;2012;Sa
10701;3084,867;2012;Sa
10740;668,986;2012;Sa
10760;765,482;2012;Sa
10762;765,482;2012;Sa
10764;684,768;2012;Sa
10766;684,768;2012;Sa
10768;708,343;2012;Sa
10770;621,786;2012;Sa
10772;1222,761;2012;Sa
10774;1266,565;2012;Sa
10788;4574,799;2012;Sa
10789;4574,799;2012;Sa
10792;7457,146;2012;Sa
10793;7457,146;2012;Sa
10796;10547,752;2012;Sa
10797;10547,752;2012;Sa
10800;10472,877;2012;Sa
10801;10472,877;2012;Sa
10804;10311,552;2012;Sa
10805;10311,552;2012;Sa
10808;2990,624;2012;Sa
10809;2990,624;2012;Sa
10812;2799,83;2012;Sa
10816;2799,83;2012;Sa
10817;2799,83;2012;Sa
10821;2879,686;2012;Sa
10824;2879,686;2012;Sa
10825;2879,686;2012;Sa
10828;266,623;2012;Sa
10829;266,623;2012;Sa
10833;4234,878;2012;Sa
10836;2729,026;2012;Sa
10837;2729,026;2012;Sa
10844;6020,487;2012;Sa
10845;6020,487;2012;Sa
10848;1871,638;2012;Sa
10849;1871,638;2012;Sa
10853;1716,05;2012;Sa
10856;10556,868;2012;Sa
10857;10556,868;2012;Sa
10861;8051,783;2012;Sa
10869;2866,383;2012;Sa
10876;2794,108;2012;Sa
10877;2794,108;2012;Sa
10880;1791,495;2012;Sa
10881;1791,495;2012;Sa
10885;9969,675;2012;Sa
10888;9969,675;2012;Sa
10889;9969,675;2012;Sa
10892;933,191;2012;Sa
10893;933,191;2012;Sa
10896;910,689;2012;Sa
10897;910,689;2012;Sa
10904;10012,8;2012;Sa
10905;10012,8;2012;Sa
10908;5388,295;2012;Sa
10909;5388,295;2012;Sa
10936;1673,125;2012;Sa
10937;1673,125;2012;Sa
10940;4083,713;2012;Sa
10941;4083,713;2012;Sa
10944;2092,367;2012;Sa
10945;2092,367;2012;Sa
10952;1206,213;2012;Sa
10953;1206,213;2012;Sa
10960;1118,298;2012;Sa
10961;1118,298;2012;Sa
10964;3647,888;2012;Sa
10965;3647,888;2012;Sa
10968;1330,506;2012;Sa
10969;1330,506;2012;Sa
10972;4562,881;2012;Sa
10973;4562,881;2012;Sa
10976;294,48;2012;Sa
10977;294,48;2012;Sa
10980;694,249;2012;Sa
10981;694,249;2012;Sa
10984;10012,8;2012;Sa
10985;10012,8;2012;Sa
10988;3304,158;2012;Sa
10989;3304,158;2012;Sa
10992;7653,387;2012;Sa
10993;7653,387;2012;Sa
10996;124,212;2012;Sa
10997;124,212;2012;Sa
11010;22523,562;2012;Sa
11021;22523,562;2012;Sa
11023;7764,333;2012;Sa
11025;14957,391;2012;Sa
11027;14957,391;2012;Sa
11029;23778,789;2012;Sa
11031;5014,5;2012;Sa
11037;4941,925;2012;Sa
11038;4941,925;2012;Sa
11051;8051,783;2012;Sa
11129;6379,636;2012;Sa
11130;166,423;2012;Sa
11133;160,712;2012;Sa
11135;6213,213;2012;Sa
11173;27,083;2012;Sa
11174;27,083;2012;Sa
11211;2866,383;2012;Sa
11213;5127,837;2012;Sa
11237;1716,05;2012;Sa
11269;1591,552;2012;Sa
11270;708,343;2012;Sa
11274;108,793;2012;Sa
11278;108,793;2012;Sa
11282;108,793;2012;Sa
11286;338,72;2012;Sa
11289;338,72;2012;Sa
11290;338,72;2012;Sa
11294;4234,878;2012;Sa
11301;16232,245;2012;Sa
11302;16015,22;2012;Sa
11309;914,012;2012;Sa
11413;4247,769;2012;Sa
11417;4247,769;2012;Sa
11423;1737,425;2012;Sa
11424;1737,425;2012;Sa
11433;2866,383;2012;Sa
11435;2866,383;2012;Sa
11441;2130,612;2012;Sa
11443;2130,612;2012;Sa
11493;2130,612;2012;Sa
11509;2130,612;2012;Sa
11511;2130,612;2012;Sa
11551;1865,467;2012;Sa
11553;1865,467;2012;Sa
11555;1865,467;2012;Sa
11631;4100,072;2012;Sa
11709;10120,559;2012;Sa
11729;4100,072;2012;Sa
11869;1176,558;2012;Sa
10000;1216,83;2012;So
10004;913,961;2012;So
10006;910,511;2012;So
10014;1888,281;2012;So
10026;7307,207;2012;So
10030;7332,019;2012;So
10040;2956,476;2012;So
10042;2896,298;2012;So
10044;2865,017;2012;So
10046;2756,549;2012;So
10050;2506,188;2012;So
10052;2936,509;2012;So
10054;2517,527;2012;So
10056;2433,364;2012;So
10058;1743,176;2012;So
10060;1465,916;2012;So
10062;1341,583;2012;So
10068;320,398;2012;So
10072;3113,147;2012;So
10074;4014,459;2012;So
10076;4229,016;2012;So
10080;2084,443;2012;So
10084;2007,987;2012;So
10086;2004,647;2012;So
10088;1916,158;2012;So
10090;1919,934;2012;So
10092;1809,526;2012;So
10094;1810,43;2012;So
10096;1802,558;2012;So
10098;2978,202;2012;So
10100;2978,202;2012;So
10102;3330,938;2012;So
10104;8252,034;2012;So
10108;1868,987;2012;So
10110;1788,166;2012;So
10114;1244,24;2012;So
10122;829,144;2012;So
10124;610,339;2012;So
10126;621,052;2012;So
10130;619,068;2012;So
10132;684,281;2012;So
10134;743,674;2012;So
10136;776,073;2012;So
10140;821,192;2012;So
10142;1592,751;2012;So
10144;1692,397;2012;So
10146;185,529;2012;So
10150;178,667;2012;So
10152;2227,519;2012;So
10160;1911,59;2012;So
10162;1590,936;2012;So
10164;1615,209;2012;So
10166;1729,393;2012;So
10168;1829,857;2012;So
10170;1859,422;2012;So
10172;2407,785;2012;So
10174;2206,91;2012;So
10176;2515,404;2012;So
10180;2964,286;2012;So
10182;3174,406;2012;So
10184;1328,51;2012;So
10188;1302,442;2012;So
10190;1297,134;2012;So
10192;983,639;2012;So
10194;937,971;2012;So
10202;713,402;2012;So
10204;702,099;2012;So
10206;651,349;2012;So
10208;645,494;2012;So
10210;611,187;2012;So
10212;440,434;2012;So
10216;6500,777;2012;So
10218;6061,096;2012;So
10220;5980,983;2012;So
10222;5942,779;2012;So
10226;492,188;2012;So
10228;421,636;2012;So
10230;325,443;2012;So
10232;314,783;2012;So
10234;305,377;2012;So
10236;303,651;2012;So
10238;284,612;2012;So
10242;324,873;2012;So
10244;335,92;2012;So
10246;4718,853;2012;So
10248;4733,096;2012;So
10250;4805,668;2012;So
10254;4977,858;2012;So
10258;551,952;2012;So
10260;556,057;2012;So
10262;579,325;2012;So
10266;577,326;2012;So
10304;3205,355;2012;So
10306;3245,776;2012;So
10312;20321,918;2012;So
10314;20420,926;2012;So
10318;19620,596;2012;So
10352;16554,445;2012;So
10358;11404,423;2012;So
10370;16579,783;2012;So
10376;15933,909;2012;So
10396;4170,328;2012;So
10402;454,409;2012;So
10404;632,242;2012;So
10406;629,874;2012;So
10408;637,504;2012;So
10410;644,575;2012;So
10412;645,209;2012;So
10414;668,725;2012;So
10416;670,919;2012;So
10422;2982,774;2012;So
10424;4029,315;2012;So
10426;2003,06;2012;So
10428;630,715;2012;So
10430;4066,187;2012;So
10432;4109,326;2012;So
10434;859,151;2012;So
10436;859,151;2012;So
10442;859,151;2012;So
10446;6188,166;2012;So
10450;81,792;2012;So
10452;6040,732;2012;So
10454;5646,983;2012;So
10456;1903,006;2012;So
10476;4350,307;2012;So
10478;4341,409;2012;So
10480;4076,642;2012;So
10482;4042,708;2012;So
10484;1602,017;2012;So
10490;3735,96;2012;So
10492;3675,333;2012;So
10494;1787,892;2012;So
10496;3666,578;2012;So
10498;3646,79;2012;So
10500;3494,839;2012;So
10502;3495,407;2012;So
10504;3495,21;2012;So
10506;10299,19;2012;So
10508;10329,26;2012;So
10524;3415,725;2012;So
10528;3376,477;2012;So
10530;3495,701;2012;So
10544;13691,196;2012;So
10545;13691,196;2012;So
10549;2699,297;2012;So
10565;1699,532;2012;So
10569;3737,335;2012;So
10573;2006,626;2012;So
10687;4720,11;2012;So
10688;669,106;2012;So
10691;4051,004;2012;So
10698;4126,135;2012;So
10701;2836,043;2012;So
10740;473,241;2012;So
10760;578,841;2012;So
10762;578,841;2012;So
10764;545,689;2012;So
10766;545,689;2012;So
10768;559,705;2012;So
10770;510,295;2012;So
10772;791,133;2012;So
10774;777,582;2012;So
10788;2699,297;2012;So
10789;2699,297;2012;So
10792;6522,13;2012;So
10793;6522,13;2012;So
10796;10072,375;2012;So
10797;10072,375;2012;So
10800;10028,968;2012;So
10801;10028,968;2012;So
10804;9946,898;2012;So
10805;9946,898;2012;So
10808;1737,172;2012;So
10809;1737,172;2012;So
10812;1599,847;2012;So
10816;1599,847;2012;So
10817;1599,847;2012;So
10821;1490,728;2012;So
10824;1490,728;2012;So
10825;1490,728;2012;So
10828;167,808;2012;So
10829;167,808;2012;So
10833;3176,595;2012;So
10836;2475,159;2012;So
10837;2475,159;2012;So
10844;5272,445;2012;So
10845;5272,445;2012;So
10848;2006,626;2012;So
10849;2006,626;2012;So
10853;1637,691;2012;So
10856;7830,769;2012;So
10857;7830,769;2012;So
10861;7361,343;2012;So
10869;2007,404;2012;So
10876;2016,978;2012;So
10877;2016,978;2012;So
10880;1323,023;2012;So
10881;1323,023;2012;So
10885;9700,321;2012;So
10888;9700,321;2012;So
10889;9700,321;2012;So
10892;721,283;2012;So
10893;721,283;2012;So
10896;610,76;2012;So
10897;610,76;2012;So
10904;9709,844;2012;So
10905;9709,844;2012;So
10908;4860,53;2012;So
10909;4860,53;2012;So
10936;1699,532;2012;So
10937;1699,532;2012;So
10940;3737,335;2012;So
10941;3737,335;2012;So
10944;1923,21;2012;So
10945;1923,21;2012;So
10952;895,808;2012;So
10953;895,808;2012;So
10960;990,843;2012;So
10961;990,843;2012;So
10964;3267,97;2012;So
10965;3267,97;2012;So
10968;1101,82;2012;So
10969;1101,82;2012;So
10972;4114,277;2012;So
10973;4114,277;2012;So
10976;286,204;2012;So
10977;286,204;2012;So
10980;498,448;2012;So
10981;498,448;2012;So
10984;9709,844;2012;So
10985;9709,844;2012;So
10988;2942,421;2012;So
10989;2942,421;2012;So
10992;7330,758;2012;So
10993;7330,758;2012;So
10996;81,792;2012;So
10997;81,792;2012;So
11010;19504,222;2012;So
11021;19504,222;2012;So
11023;6517,084;2012;So
11025;12987,138;2012;So
11027;12987,138;2012;So
11029;16047,27;2012;So
11031;4107,328;2012;So
11037;4042,832;2012;So
11038;4042,832;2012;So
11051;7361,343;2012;So
11129;5348,272;2012;So
11130;109,623;2012;So
11133;105,642;2012;So
11135;5238,649;2012;So
11173;28,206;2012;So
11174;27,8;2012;So
11211;2007,404;2012;So
11213;3450,014;2012;So
11237;1637,691;2012;So
11269;1166,169;2012;So
11270;559,705;2012;So
11274;94,425;2012;So
11278;94,425;2012;So
11282;94,425;2012;So
11286;264,389;2012;So
11289;264,389;2012;So
11290;264,389;2012;So
11294;3176,595;2012;So
11301;11260,103;2012;So
11302;11089,004;2012;So
11309;613,122;2012;So
11413;3180,472;2012;So
11417;3180,472;2012;So
11423;1646,542;2012;So
11424;1646,542;2012;So
11433;2007,404;2012;So
11435;2007,404;2012;So
11441;1442,47;2012;So
11443;1442,47;2012;So
11493;1442,47;2012;So
11509;1442,47;2012;So
11511;1442,47;2012;So
11551;1290,092;2012;So
11553;1290,092;2012;So
11555;1290,092;2012;So
11631;4426,365;2012;So
11709;9698,81;2012;So
11729;4426,365;2012;So
11869;859,151;2012;So
10000;1440,508;2013;Mo-Fr
10004;1220,002;2013;Mo-Fr
10006;1289,922;2013;Mo-Fr
10014;2482,605;2013;Mo-Fr
10026;8873,234;2013;Mo-Fr
10030;8621,526;2013;Mo-Fr
10040;3525,093;2013;Mo-Fr
10042;3397,713;2013;Mo-Fr
10044;3408,847;2013;Mo-Fr
10046;3421,293;2013;Mo-Fr
10050;3374,565;2013;Mo-Fr
10052;4703,087;2013;Mo-Fr
10054;3497,934;2013;Mo-Fr
10056;2953,737;2013;Mo-Fr
10058;2182,494;2013;Mo-Fr
10060;1812,209;2013;Mo-Fr
10062;1664,179;2013;Mo-Fr
10068;341,556;2013;Mo-Fr
10072;2296,72;2013;Mo-Fr
10074;3268,499;2013;Mo-Fr
10076;3545,578;2013;Mo-Fr
10080;1717,553;2013;Mo-Fr
10084;1603,288;2013;Mo-Fr
10086;1581,279;2013;Mo-Fr
10088;1488,55;2013;Mo-Fr
10090;1486,51;2013;Mo-Fr
10092;1299,049;2013;Mo-Fr
10094;1294,908;2013;Mo-Fr
10096;1296,862;2013;Mo-Fr
10098;2249,231;2013;Mo-Fr
10100;2249,231;2013;Mo-Fr
10102;2655,757;2013;Mo-Fr
10104;18179,789;2013;Mo-Fr
10108;2139,246;2013;Mo-Fr
10110;2078,644;2013;Mo-Fr
10114;2536,402;2013;Mo-Fr
10122;1365,313;2013;Mo-Fr
10124;1563,464;2013;Mo-Fr
10126;1458,935;2013;Mo-Fr
10130;1448,935;2013;Mo-Fr
10132;1671,898;2013;Mo-Fr
10134;1769,713;2013;Mo-Fr
10136;1927,836;2013;Mo-Fr
10140;2069,851;2013;Mo-Fr
10142;4253,67;2013;Mo-Fr
10144;4822,787;2013;Mo-Fr
10146;500,924;2013;Mo-Fr
10150;442,647;2013;Mo-Fr
10152;6730,471;2013;Mo-Fr
10160;5288,998;2013;Mo-Fr
10162;5770,459;2013;Mo-Fr
10164;5886,304;2013;Mo-Fr
10166;6447,415;2013;Mo-Fr
10168;7054,836;2013;Mo-Fr
10170;6812,928;2013;Mo-Fr
10172;7007,241;2013;Mo-Fr
10174;6388,777;2013;Mo-Fr
10176;7266,842;2013;Mo-Fr
10180;8549,43;2013;Mo-Fr
10182;9566,39;2013;Mo-Fr
10184;1989,553;2013;Mo-Fr
10188;1943,164;2013;Mo-Fr
10190;1925,272;2013;Mo-Fr
10192;1544,414;2013;Mo-Fr
10194;1462,742;2013;Mo-Fr
10202;2095,061;2013;Mo-Fr
10204;2015,438;2013;Mo-Fr
10206;1771,725;2013;Mo-Fr
10208;1759,49;2013;Mo-Fr
10210;1680,315;2013;Mo-Fr
10212;1270,085;2013;Mo-Fr
10216;7724,584;2013;Mo-Fr
10218;6754,159;2013;Mo-Fr
10220;6372,247;2013;Mo-Fr
10222;6294,796;2013;Mo-Fr
10226;1045,826;2013;Mo-Fr
10228;808,342;2013;Mo-Fr
10230;404,221;2013;Mo-Fr
10232;381,82;2013;Mo-Fr
10234;371,454;2013;Mo-Fr
10236;363,509;2013;Mo-Fr
10238;391,05;2013;Mo-Fr
10242;523,011;2013;Mo-Fr
10244;570,022;2013;Mo-Fr
10246;4254,69;2013;Mo-Fr
10248;4104,606;2013;Mo-Fr
10250;4173,069;2013;Mo-Fr
10254;4534,596;2013;Mo-Fr
10258;798,892;2013;Mo-Fr
10260;786,669;2013;Mo-Fr
10262;803,737;2013;Mo-Fr
10266;761,209;2013;Mo-Fr
10288;355,198;2013;Mo-Fr
10290;360,376;2013;Mo-Fr
10292;383,89;2013;Mo-Fr
10294;370,698;2013;Mo-Fr
10296;360,376;2013;Mo-Fr
10298;360,376;2013;Mo-Fr
10304;9972,116;2013;Mo-Fr
10306;9990,105;2013;Mo-Fr
10312;30355,739;2013;Mo-Fr
10314;30707,765;2013;Mo-Fr
10318;27922,485;2013;Mo-Fr
10352;42926,012;2013;Mo-Fr
10358;14172,668;2013;Mo-Fr
10360;322,331;2013;Mo-Fr
10370;43283,241;2013;Mo-Fr
10376;41507,972;2013;Mo-Fr
10396;3544,135;2013;Mo-Fr
10402;468,436;2013;Mo-Fr
10404;878,913;2013;Mo-Fr
10406;886,771;2013;Mo-Fr
10408;954,683;2013;Mo-Fr
10410;966,594;2013;Mo-Fr
10412;965,347;2013;Mo-Fr
10414;963,367;2013;Mo-Fr
10416;978,69;2013;Mo-Fr
10422;2902,122;2013;Mo-Fr
10424;3795,828;2013;Mo-Fr
10426;1923,867;2013;Mo-Fr
10428;893,098;2013;Mo-Fr
10430;4045,023;2013;Mo-Fr
10432;4396,831;2013;Mo-Fr
10434;802,673;2013;Mo-Fr
10436;800,407;2013;Mo-Fr
10442;801,94;2013;Mo-Fr
10446;8636,99;2013;Mo-Fr
10450;72,536;2013;Mo-Fr
10452;8197,934;2013;Mo-Fr
10454;6861,576;2013;Mo-Fr
10456;1842,363;2013;Mo-Fr
10476;7953,44;2013;Mo-Fr
10478;7946,606;2013;Mo-Fr
10480;5934,399;2013;Mo-Fr
10482;5667,419;2013;Mo-Fr
10484;1515,822;2013;Mo-Fr
10490;3624,405;2013;Mo-Fr
10492;3280,917;2013;Mo-Fr
10494;1829,32;2013;Mo-Fr
10496;3174,713;2013;Mo-Fr
10498;3103,621;2013;Mo-Fr
10500;2951,867;2013;Mo-Fr
10502;2953,19;2013;Mo-Fr
10504;2956,167;2013;Mo-Fr
10506;24618,142;2013;Mo-Fr
10508;24675,073;2013;Mo-Fr
10524;2876,256;2013;Mo-Fr
10528;3599,552;2013;Mo-Fr
10530;2955,954;2013;Mo-Fr
10544;35830,053;2013;Mo-Fr
10545;35830,053;2013;Mo-Fr
10549;7627,16;2013;Mo-Fr
10565;1599,149;2013;Mo-Fr
10569;3717,192;2013;Mo-Fr
10573;1619,754;2013;Mo-Fr
10687;4548,471;2013;Mo-Fr
10688;992,034;2013;Mo-Fr
10691;3556,437;2013;Mo-Fr
10698;5054,385;2013;Mo-Fr
10701;3195,485;2013;Mo-Fr
10740;961,957;2013;Mo-Fr
10760;783,788;2013;Mo-Fr
10762;783,788;2013;Mo-Fr
10764;796,457;2013;Mo-Fr
10766;796,457;2013;Mo-Fr
10768;577,908;2013;Mo-Fr
10770;514,267;2013;Mo-Fr
10772;2017,489;2013;Mo-Fr
10774;2051,677;2013;Mo-Fr
10788;7627,16;2013;Mo-Fr
10789;7627,16;2013;Mo-Fr
10792;7777,941;2013;Mo-Fr
10793;7777,941;2013;Mo-Fr
10796;11235,652;2013;Mo-Fr
10797;11235,652;2013;Mo-Fr
10800;11052,757;2013;Mo-Fr
10801;11052,757;2013;Mo-Fr
10804;10692,074;2013;Mo-Fr
10805;10692,074;2013;Mo-Fr
10808;4702,146;2013;Mo-Fr
10809;4702,146;2013;Mo-Fr
10812;4327,098;2013;Mo-Fr
10816;4327,098;2013;Mo-Fr
10817;4327,098;2013;Mo-Fr
10821;5336,537;2013;Mo-Fr
10824;5336,537;2013;Mo-Fr
10825;5336,537;2013;Mo-Fr
10828;416,017;2013;Mo-Fr
10829;416,017;2013;Mo-Fr
10833;5135,955;2013;Mo-Fr
10836;2872,562;2013;Mo-Fr
10837;2872,562;2013;Mo-Fr
10844;6181,513;2013;Mo-Fr
10845;6181,513;2013;Mo-Fr
10848;1619,754;2013;Mo-Fr
10849;1619,754;2013;Mo-Fr
10853;1815,154;2013;Mo-Fr
10856;16034,258;2013;Mo-Fr
10857;16034,258;2013;Mo-Fr
10861;9165,278;2013;Mo-Fr
10869;2905,569;2013;Mo-Fr
10876;2904,924;2013;Mo-Fr
10877;2904,924;2013;Mo-Fr
10880;1969,442;2013;Mo-Fr
10881;1969,442;2013;Mo-Fr
10885;10075,244;2013;Mo-Fr
10888;10075,244;2013;Mo-Fr
10889;10075,244;2013;Mo-Fr
10892;1279,865;2013;Mo-Fr
10893;1279,865;2013;Mo-Fr
10896;1542,37;2013;Mo-Fr
10897;1542,37;2013;Mo-Fr
10904;10274,441;2013;Mo-Fr
10905;10274,441;2013;Mo-Fr
10908;4266,109;2013;Mo-Fr
10909;4266,109;2013;Mo-Fr
10936;1599,149;2013;Mo-Fr
10937;1599,149;2013;Mo-Fr
10940;3717,192;2013;Mo-Fr
10941;3717,192;2013;Mo-Fr
10944;1866,258;2013;Mo-Fr
10945;1866,258;2013;Mo-Fr
10952;1271,889;2013;Mo-Fr
10953;1271,889;2013;Mo-Fr
10960;967,858;2013;Mo-Fr
10961;967,858;2013;Mo-Fr
10964;3287,975;2013;Mo-Fr
10965;3287,975;2013;Mo-Fr
10968;1257,288;2013;Mo-Fr
10969;1257,288;2013;Mo-Fr
10972;3465,47;2013;Mo-Fr
10973;3465,47;2013;Mo-Fr
10976;403,524;2013;Mo-Fr
10977;403,524;2013;Mo-Fr
10980;1054,78;2013;Mo-Fr
10981;1054,78;2013;Mo-Fr
10984;10274,441;2013;Mo-Fr
10985;10274,441;2013;Mo-Fr
10988;3287,508;2013;Mo-Fr
10989;3287,508;2013;Mo-Fr
10992;8842,749;2013;Mo-Fr
10993;8842,749;2013;Mo-Fr
10996;71,377;2013;Mo-Fr
10997;71,377;2013;Mo-Fr
11010;28766,086;2013;Mo-Fr
11021;28766,086;2013;Mo-Fr
11023;10665,028;2013;Mo-Fr
11025;18204,817;2013;Mo-Fr
11027;18204,817;2013;Mo-Fr
11029;41258,539;2013;Mo-Fr
11031;9230,392;2013;Mo-Fr
11037;7757,823;2013;Mo-Fr
11038;7757,823;2013;Mo-Fr
11051;9165,278;2013;Mo-Fr
11129;7142,977;2013;Mo-Fr
11130;230,373;2013;Mo-Fr
11133;218,356;2013;Mo-Fr
11135;6912,604;2013;Mo-Fr
11211;2905,569;2013;Mo-Fr
11213;5128,625;2013;Mo-Fr
11237;1815,154;2013;Mo-Fr
11269;1430,254;2013;Mo-Fr
11270;577,908;2013;Mo-Fr
11274;73,873;2013;Mo-Fr
11278;73,873;2013;Mo-Fr
11282;73,873;2013;Mo-Fr
11286;302,217;2013;Mo-Fr
11289;302,217;2013;Mo-Fr
11290;302,217;2013;Mo-Fr
11294;5135,955;2013;Mo-Fr
11301;27827,297;2013;Mo-Fr
11302;27327,664;2013;Mo-Fr
11309;914,772;2013;Mo-Fr
11413;5207,821;2013;Mo-Fr
11417;5145,421;2013;Mo-Fr
11419;62,4;2013;Mo-Fr
11423;1831,359;2013;Mo-Fr
11424;1831,466;2013;Mo-Fr
11433;2905,569;2013;Mo-Fr
11435;2905,569;2013;Mo-Fr
11441;2136,037;2013;Mo-Fr
11443;2136,037;2013;Mo-Fr
11493;2136,037;2013;Mo-Fr
11509;2136,037;2013;Mo-Fr
11511;2136,037;2013;Mo-Fr
11551;1858,9;2013;Mo-Fr
11553;1858,9;2013;Mo-Fr
11555;1858,9;2013;Mo-Fr
11631;3901,987;2013;Mo-Fr
11709;10083,5;2013;Mo-Fr
11729;3901,987;2013;Mo-Fr
11869;791,645;2013;Mo-Fr
10000;1422,351;2013;Mo-So
10004;1175,476;2013;Mo-So
10006;1223,654;2013;Mo-So
10014;2403,463;2013;Mo-So
10026;8445,157;2013;Mo-So
10030;8205,322;2013;Mo-So
10040;3373,2;2013;Mo-So
10042;3253,252;2013;Mo-So
10044;3249,244;2013;Mo-So
10046;3241,102;2013;Mo-So
10050;3166,537;2013;Mo-So
10052;4322,027;2013;Mo-So
10054;3263,704;2013;Mo-So
10056;2890,163;2013;Mo-So
10058;2142,481;2013;Mo-So
10060;1790,377;2013;Mo-So
10062;1649,225;2013;Mo-So
10068;365,315;2013;Mo-So
10072;2962,426;2013;Mo-So
10074;4012,008;2013;Mo-So
10076;4299,743;2013;Mo-So
10080;1804,723;2013;Mo-So
10084;1708,068;2013;Mo-So
10086;1688,957;2013;Mo-So
10088;1598,722;2013;Mo-So
10090;1598,446;2013;Mo-So
10092;1445,287;2013;Mo-So
10094;1441,61;2013;Mo-So
10096;1441,379;2013;Mo-So
10098;2505,215;2013;Mo-So
10100;2505,215;2013;Mo-So
10102;2869,707;2013;Mo-So
10104;17507,003;2013;Mo-So
10108;2089,23;2013;Mo-So
10110;2024,245;2013;Mo-So
10114;2231,335;2013;Mo-So
10122;1248,894;2013;Mo-So
10124;1325,04;2013;Mo-So
10126;1248,982;2013;Mo-So
10130;1242,37;2013;Mo-So
10132;1429,408;2013;Mo-So
10134;1520,321;2013;Mo-So
10136;1651,033;2013;Mo-So
10140;1770,555;2013;Mo-So
10142;3674,003;2013;Mo-So
10144;4127,337;2013;Mo-So
10146;425,752;2013;Mo-So
10150;378,89;2013;Mo-So
10152;5721,048;2013;Mo-So
10160;4542,121;2013;Mo-So
10162;4742,99;2013;Mo-So
10164;4836,956;2013;Mo-So
10166;5295,96;2013;Mo-So
10168;5776,923;2013;Mo-So
10170;5614,027;2013;Mo-So
10172;5954,475;2013;Mo-So
10174;5443,128;2013;Mo-So
10176;6177,387;2013;Mo-So
10180;7293,815;2013;Mo-So
10182;8112,712;2013;Mo-So
10184;1877,348;2013;Mo-So
10188;1836,036;2013;Mo-So
10190;1821,654;2013;Mo-So
10192;1426,529;2013;Mo-So
10194;1349,729;2013;Mo-So
10202;1748,402;2013;Mo-So
10204;1686,409;2013;Mo-So
10206;1489,352;2013;Mo-So
10208;1478,952;2013;Mo-So
10210;1412,121;2013;Mo-So
10212;1064,21;2013;Mo-So
10216;7509,203;2013;Mo-So
10218;6663,997;2013;Mo-So
10220;6369,509;2013;Mo-So
10222;6300,758;2013;Mo-So
10226;914,859;2013;Mo-So
10228;713,21;2013;Mo-So
10230;383,644;2013;Mo-So
10232;362,777;2013;Mo-So
10234;352,186;2013;Mo-So
10236;345,735;2013;Mo-So
10238;364,265;2013;Mo-So
10242;479,193;2013;Mo-So
10244;516,922;2013;Mo-So
10246;4538,455;2013;Mo-So
10248;4430,37;2013;Mo-So
10250;4500,672;2013;Mo-So
10254;4814,93;2013;Mo-So
10258;739,983;2013;Mo-So
10260;733,743;2013;Mo-So
10262;760,857;2013;Mo-So
10266;729,968;2013;Mo-So
10288;355,198;2013;Mo-So
10290;360,376;2013;Mo-So
10292;383,89;2013;Mo-So
10294;370,698;2013;Mo-So
10296;360,376;2013;Mo-So
10298;360,376;2013;Mo-So
10304;8415,772;2013;Mo-So
10306;8451,837;2013;Mo-So
10312;27858,675;2013;Mo-So
10314;28154,348;2013;Mo-So
10318;25858,566;2013;Mo-So
10352;39098,024;2013;Mo-So
10358;14357,283;2013;Mo-So
10360;322,331;2013;Mo-So
10370;39377,776;2013;Mo-So
10376;37934,047;2013;Mo-So
10396;3874,966;2013;Mo-So
10402;468,39;2013;Mo-So
10404;819,946;2013;Mo-So
10406;826,335;2013;Mo-So
10408;880,485;2013;Mo-So
10410;890,469;2013;Mo-So
10412;889,627;2013;Mo-So
10414;895,281;2013;Mo-So
10416;908,981;2013;Mo-So
10422;2978,125;2013;Mo-So
10424;4006,439;2013;Mo-So
10426;1983,771;2013;Mo-So
10428;831,065;2013;Mo-So
10430;4197,041;2013;Mo-So
10432;4470,127;2013;Mo-So
10434;867,124;2013;Mo-So
10436;865,55;2013;Mo-So
10442;865,968;2013;Mo-So
10446;8237,364;2013;Mo-So
10450;65,846;2013;Mo-So
10452;7875,017;2013;Mo-So
10454;6787,715;2013;Mo-So
10456;1895,397;2013;Mo-So
10476;7080,157;2013;Mo-So
10478;7072,403;2013;Mo-So
10480;5503,828;2013;Mo-So
10482;5296,627;2013;Mo-So
10484;1554,599;2013;Mo-So
10490;3692,198;2013;Mo-So
10492;3433,976;2013;Mo-So
10494;1852,165;2013;Mo-So
10496;3349,297;2013;Mo-So
10498;3291,931;2013;Mo-So
10500;3137,51;2013;Mo-So
10502;3138,421;2013;Mo-So
10504;3140,528;2013;Mo-So
10506;23349,608;2013;Mo-So
10508;23404,871;2013;Mo-So
10524;3065,861;2013;Mo-So
10528;3591,574;2013;Mo-So
10530;3140,43;2013;Mo-So
10544;33083,039;2013;Mo-So
10545;33083,039;2013;Mo-So
10549;6512,256;2013;Mo-So
10565;1654,821;2013;Mo-So
10569;3764,776;2013;Mo-So
10573;1717,844;2013;Mo-So
10687;4779,647;2013;Mo-So
10688;918,505;2013;Mo-So
10691;3861,142;2013;Mo-So
10698;4869,33;2013;Mo-So
10701;3137,463;2013;Mo-So
10740;851,249;2013;Mo-So
10760;746,791;2013;Mo-So
10762;746,791;2013;Mo-So
10764;735,672;2013;Mo-So
10766;735,672;2013;Mo-So
10768;609,539;2013;Mo-So
10770;547,421;2013;Mo-So
10772;1722,926;2013;Mo-So
10774;1754,735;2013;Mo-So
10788;6512,256;2013;Mo-So
10789;6512,256;2013;Mo-So
10792;7551,038;2013;Mo-So
10793;7551,038;2013;Mo-So
10796;10816,321;2013;Mo-So
10797;10816,321;2013;Mo-So
10800;10667,077;2013;Mo-So
10801;10667,077;2013;Mo-So
10804;10377,256;2013;Mo-So
10805;10377,256;2013;Mo-So
10808;4052,452;2013;Mo-So
10809;4052,452;2013;Mo-So
10812;3728,696;2013;Mo-So
10816;3728,696;2013;Mo-So
10817;3728,696;2013;Mo-So
10821;4388,976;2013;Mo-So
10824;4388,976;2013;Mo-So
10825;4388,976;2013;Mo-So
10828;355,744;2013;Mo-So
10829;355,744;2013;Mo-So
10833;4726,371;2013;Mo-So
10836;2757,934;2013;Mo-So
10837;2757,934;2013;Mo-So
10844;6033,584;2013;Mo-So
10845;6033,584;2013;Mo-So
10848;1717,844;2013;Mo-So
10849;1717,844;2013;Mo-So
10853;1783,315;2013;Mo-So
10856;15603,647;2013;Mo-So
10857;15603,647;2013;Mo-So
10861;8697,193;2013;Mo-So
10869;2784,788;2013;Mo-So
10876;2777,562;2013;Mo-So
10877;2777,562;2013;Mo-So
10880;1860,281;2013;Mo-So
10881;1860,281;2013;Mo-So
10885;9846,649;2013;Mo-So
10888;9846,649;2013;Mo-So
10889;9846,649;2013;Mo-So
10892;1160,899;2013;Mo-So
10893;1160,899;2013;Mo-So
10896;1307,78;2013;Mo-So
10897;1307,78;2013;Mo-So
10904;9996,988;2013;Mo-So
10905;9996,988;2013;Mo-So
10908;4581,984;2013;Mo-So
10909;4581,984;2013;Mo-So
10936;1654,821;2013;Mo-So
10937;1654,821;2013;Mo-So
10940;3764,776;2013;Mo-So
10941;3764,776;2013;Mo-So
10944;1917,332;2013;Mo-So
10945;1917,332;2013;Mo-So
10952;1207,31;2013;Mo-So
10953;1207,31;2013;Mo-So
10960;990,47;2013;Mo-So
10961;990,47;2013;Mo-So
10964;3331,785;2013;Mo-So
10965;3331,785;2013;Mo-So
10968;1252,737;2013;Mo-So
10969;1252,737;2013;Mo-So
10972;3800,997;2013;Mo-So
10973;3800,997;2013;Mo-So
10976;373,677;2013;Mo-So
10977;373,677;2013;Mo-So
10980;923,626;2013;Mo-So
10981;923,626;2013;Mo-So
10984;9996,988;2013;Mo-So
10985;9996,988;2013;Mo-So
10988;3242,504;2013;Mo-So
10989;3242,504;2013;Mo-So
10992;8375,239;2013;Mo-So
10993;8375,239;2013;Mo-So
10996;66,278;2013;Mo-So
10997;66,278;2013;Mo-So
11010;26905,704;2013;Mo-So
11021;26905,704;2013;Mo-So
11023;10243,873;2013;Mo-So
11025;17947,973;2013;Mo-So
11027;17947,973;2013;Mo-So
11029;37761,686;2013;Mo-So
11031;7916,602;2013;Mo-So
11037;6856,664;2013;Mo-So
11038;6856,664;2013;Mo-So
11051;8697,193;2013;Mo-So
11129;6890,448;2013;Mo-So
11130;206,686;2013;Mo-So
11133;195,937;2013;Mo-So
11135;6683,762;2013;Mo-So
11211;2784,788;2013;Mo-So
11213;4848,736;2013;Mo-So
11237;1783,315;2013;Mo-So
11269;1412,362;2013;Mo-So
11270;609,539;2013;Mo-So
11274;84,96;2013;Mo-So
11278;84,96;2013;Mo-So
11282;84,96;2013;Mo-So
11286;322,19;2013;Mo-So
11289;322,19;2013;Mo-So
11290;322,19;2013;Mo-So
11294;4726,371;2013;Mo-So
11301;25975,217;2013;Mo-So
11302;25570,837;2013;Mo-So
11309;865,23;2013;Mo-So
11413;4799,829;2013;Mo-So
11417;4737,429;2013;Mo-So
11419;62,4;2013;Mo-So
11423;1798,715;2013;Mo-So
11424;1799,036;2013;Mo-So
11433;2784,788;2013;Mo-So
11435;2784,788;2013;Mo-So
11441;1984,281;2013;Mo-So
11443;1984,281;2013;Mo-So
11493;1984,281;2013;Mo-So
11509;1984,281;2013;Mo-So
11511;1984,281;2013;Mo-So
11551;1731,867;2013;Mo-So
11553;1731,867;2013;Mo-So
11555;1731,867;2013;Mo-So
11631;4632,168;2013;Mo-So
11709;10665,752;2013;Mo-So
11729;4632,168;2013;Mo-So
11869;858,862;2013;Mo-So
10000;1484,431;2013;Sa
10004;1151,256;2013;Sa
10006;1164,473;2013;Sa
10014;2451,689;2013;Sa
10026;8157,65;2013;Sa
10030;7817,356;2013;Sa
10040;3186,032;2013;Sa
10042;3066,963;2013;Sa
10044;3025,915;2013;Sa
10046;2984,762;2013;Sa
10050;2930,264;2013;Sa
10052;3899,944;2013;Sa
10054;2988,012;2013;Sa
10056;2706,916;2013;Sa
10058;2037,776;2013;Sa
10060;1717,364;2013;Sa
10062;1601,177;2013;Sa
10068;380,829;2013;Sa
10072;2831,639;2013;Sa
10074;3719,79;2013;Sa
10076;3960,79;2013;Sa
10080;2085,4;2013;Sa
10084;2034,6;2013;Sa
10086;2018,3;2013;Sa
10088;1909,75;2013;Sa
10090;1909,175;2013;Sa
10092;1851,475;2013;Sa
10094;1848,975;2013;Sa
10096;1849,975;2013;Sa
10098;2990,1;2013;Sa
10100;2990,1;2013;Sa
10102;3295,325;2013;Sa
10104;11499,101;2013;Sa
10108;2001,8;2013;Sa
10110;1949,915;2013;Sa
10114;1686,938;2013;Sa
10122;1090,801;2013;Sa
10124;854,171;2013;Sa
10126;837,413;2013;Sa
10130;842,267;2013;Sa
10132;955,042;2013;Sa
10134;1031,775;2013;Sa
10136;1115,052;2013;Sa
10140;1218,137;2013;Sa
10142;2656,262;2013;Sa
10144;2830,297;2013;Sa
10146;312,879;2013;Sa
10150;279,498;2013;Sa
10152;3855,139;2013;Sa
10160;3335,646;2013;Sa
10162;2907,131;2013;Sa
10164;2953,556;2013;Sa
10166;3239,938;2013;Sa
10168;3458,781;2013;Sa
10170;3520,973;2013;Sa
10172;4124,738;2013;Sa
10174;3839,827;2013;Sa
10176;4292,358;2013;Sa
10180;5228,429;2013;Sa
10182;5646,287;2013;Sa
10184;1840,322;2013;Sa
10188;1811,051;2013;Sa
10190;1810,913;2013;Sa
10192;1306,123;2013;Sa
10194;1219,691;2013;Sa
10202;1055,037;2013;Sa
10204;1032,471;2013;Sa
10206;932,094;2013;Sa
10208;924,338;2013;Sa
10210;885,448;2013;Sa
10212;663,858;2013;Sa
10216;7588,394;2013;Sa
10218;6949,356;2013;Sa
10220;6887,631;2013;Sa
10222;6841,956;2013;Sa
10226;693,67;2013;Sa
10228;541,008;2013;Sa
10230;351,312;2013;Sa
10232;329,17;2013;Sa
10234;314,141;2013;Sa
10236;311,932;2013;Sa
10238;319,074;2013;Sa
10242;411,815;2013;Sa
10244;431,784;2013;Sa
10246;5622,444;2013;Sa
10248;5606,059;2013;Sa
10250;5687,135;2013;Sa
10254;5928,356;2013;Sa
10258;691,229;2013;Sa
10260;700,903;2013;Sa
10262;765,449;2013;Sa
10266;765,131;2013;Sa
10304;5736,51;2013;Sa
10306;5828,648;2013;Sa
10312;23901,982;2013;Sa
10314;24067,132;2013;Sa
10318;22854,511;2013;Sa
10352;23819,769;2013;Sa
10358;12496,519;2013;Sa
10370;23948,026;2013;Sa
10376;23271,324;2013;Sa
10396;5000,283;2013;Sa
10402;496,4;2013;Sa
10404;739,65;2013;Sa
10406;744,225;2013;Sa
10408;762,975;2013;Sa
10410;769,025;2013;Sa
10412;770;2013;Sa
10414;813,8;2013;Sa
10416;826,325;2013;Sa
10422;3213,383;2013;Sa
10424;4902,023;2013;Sa
10426;2139,671;2013;Sa
10428;745,275;2013;Sa
10430;4965,052;2013;Sa
10432;5079,229;2013;Sa
10434;1173,959;2013;Sa
10436;1173,429;2013;Sa
10442;1172,041;2013;Sa
10446;8141,838;2013;Sa
10450;63,808;2013;Sa
10452;7941,858;2013;Sa
10454;7395,165;2013;Sa
10456;2042,538;2013;Sa
10476;5224,648;2013;Sa
10478;5216,271;2013;Sa
10480;4611,935;2013;Sa
10482;4527,508;2013;Sa
10484;1633,54;2013;Sa
10490;3830,525;2013;Sa
10492;3767,275;2013;Sa
10494;1963,887;2013;Sa
10496;3718,175;2013;Sa
10498;3696,5;2013;Sa
10500;3549,55;2013;Sa
10502;3549,3;2013;Sa
10504;3549,15;2013;Sa
10506;14968,171;2013;Sa
10508;15025,721;2013;Sa
10524;3471,775;2013;Sa
10528;3655,906;2013;Sa
10530;3549,3;2013;Sa
10544;19886,796;2013;Sa
10545;19886,796;2013;Sa
10549;4660,523;2013;Sa
10565;1814,383;2013;Sa
10569;3862,05;2013;Sa
10573;2028,65;2013;Sa
10687;5756,771;2013;Sa
10688;828,025;2013;Sa
10691;4928,746;2013;Sa
10698;4617,681;2013;Sa
10701;3040,658;2013;Sa
10740;686,259;2013;Sa
10760;766,595;2013;Sa
10762;766,595;2013;Sa
10764;678,855;2013;Sa
10766;678,855;2013;Sa
10768;629,003;2013;Sa
10770;577,828;2013;Sa
10772;1154,617;2013;Sa
10774;1206,29;2013;Sa
10788;4660,523;2013;Sa
10789;4660,523;2013;Sa
10792;7603,494;2013;Sa
10793;7603,494;2013;Sa
10796;10352,2;2013;Sa
10797;10352,2;2013;Sa
10800;10282,077;2013;Sa
10801;10282,077;2013;Sa
10804;10155,16;2013;Sa
10805;10155,16;2013;Sa
10808;3042,469;2013;Sa
10809;3042,469;2013;Sa
10812;2808,096;2013;Sa
10816;2808,096;2013;Sa
10817;2808,096;2013;Sa
10821;2696,781;2013;Sa
10824;2696,781;2013;Sa
10825;2696,781;2013;Sa
10828;262,465;2013;Sa
10829;262,465;2013;Sa
10833;4298,116;2013;Sa
10836;2654,396;2013;Sa
10837;2654,396;2013;Sa
10844;5828,75;2013;Sa
10845;5828,75;2013;Sa
10848;2028,65;2013;Sa
10849;2028,65;2013;Sa
10853;1760,006;2013;Sa
10856;10783,784;2013;Sa
10857;10783,784;2013;Sa
10861;8407,157;2013;Sa
10869;2879,793;2013;Sa
10876;2818,756;2013;Sa
10877;2818,756;2013;Sa
10880;1829,417;2013;Sa
10881;1829,417;2013;Sa
10885;9768,129;2013;Sa
10888;9768,129;2013;Sa
10889;9768,129;2013;Sa
10892;992,81;2013;Sa
10893;992,81;2013;Sa
10896;839,552;2013;Sa
10897;839,552;2013;Sa
10904;9810,333;2013;Sa
10905;9810,333;2013;Sa
10908;5745,229;2013;Sa
10909;5745,229;2013;Sa
10936;1814,383;2013;Sa
10937;1814,383;2013;Sa
10940;3862,05;2013;Sa
10941;3862,05;2013;Sa
10944;2057,14;2013;Sa
10945;2057,14;2013;Sa
10952;1154,375;2013;Sa
10953;1154,375;2013;Sa
10960;1064,394;2013;Sa
10961;1064,394;2013;Sa
10964;3495,238;2013;Sa
10965;3495,238;2013;Sa
10968;1324,519;2013;Sa
10969;1324,519;2013;Sa
10972;4924,431;2013;Sa
10973;4924,431;2013;Sa
10976;320,678;2013;Sa
10977;320,678;2013;Sa
10980;704,677;2013;Sa
10981;704,677;2013;Sa
10984;9810,333;2013;Sa
10985;9810,333;2013;Sa
10988;3212,775;2013;Sa
10989;3212,775;2013;Sa
10992;7896,042;2013;Sa
10993;7896,042;2013;Sa
10996;57,115;2013;Sa
10997;57,115;2013;Sa
11010;22301,492;2013;Sa
11021;22301,492;2013;Sa
11023;8083,242;2013;Sa
11025;14413,1;2013;Sa
11027;14413,1;2013;Sa
11029;23269,021;2013;Sa
11031;4925,204;2013;Sa
11037;4852,041;2013;Sa
11038;4852,041;2013;Sa
11051;8407,157;2013;Sa
11129;7050,708;2013;Sa
11130;172,827;2013;Sa
11133;164,173;2013;Sa
11135;6877,881;2013;Sa
11211;2879,793;2013;Sa
11213;4820,377;2013;Sa
11237;1760,006;2013;Sa
11269;1363,546;2013;Sa
11270;629,003;2013;Sa
11274;97,105;2013;Sa
11278;97,105;2013;Sa
11282;97,105;2013;Sa
11286;328,064;2013;Sa
11289;328,064;2013;Sa
11290;328,064;2013;Sa
11294;4298,116;2013;Sa
11301;16363,596;2013;Sa
11302;16172,346;2013;Sa
11309;788,713;2013;Sa
11413;4328,919;2013;Sa
11417;4328,919;2013;Sa
11423;1785,254;2013;Sa
11424;1785,427;2013;Sa
11433;2879,793;2013;Sa
11435;2879,793;2013;Sa
11441;1818,175;2013;Sa
11443;1818,175;2013;Sa
11493;1818,175;2013;Sa
11509;1818,175;2013;Sa
11511;1818,175;2013;Sa
11551;1577,023;2013;Sa
11553;1577,023;2013;Sa
11555;1577,023;2013;Sa
11631;4231,516;2013;Sa
11709;10060,266;2013;Sa
11729;4231,516;2013;Sa
11869;1171,122;2013;Sa
10000;1278,748;2013;So
10004;980,777;2013;So
10006;939,004;2013;So
10014;1958,004;2013;So
10026;6551,61;2013;So
10030;6468,477;2013;So
10040;2668,056;2013;So
10042;2606,908;2013;So
10044;2579,057;2013;So
10046;2500,521;2013;So
10050;2317,95;2013;So
10052;2803,284;2013;So
10054;2329,04;2013;So
10056;2390,333;2013;So
10058;1803,315;2013;So
10060;1523,234;2013;So
10062;1404,808;2013;So
10068;359,382;2013;So
10072;2532,369;2013;So
10074;3373,68;2013;So
10076;3565,783;2013;So
10080;1961,575;2013;So
10084;1907,45;2013;So
10086;1900,075;2013;So
10088;1840,675;2013;So
10090;1849,55;2013;So
10092;1773,1;2013;So
10094;1770,575;2013;So
10096;1758,15;2013;So
10098;3305,175;2013;So
10100;3305,175;2013;So
10102;3517,952;2013;So
10104;9448,383;2013;So
10108;1925,617;2013;So
10110;1825,537;2013;So
10114;1244,529;2013;So
10122;822,652;2013;So
10124;599,204;2013;So
10126;606,744;2013;So
10130;605,677;2013;So
10132;686,665;2013;So
10134;757,11;2013;So
10136;797,675;2013;So
10140;820,738;2013;So
10142;1560,066;2013;So
10144;1655,341;2013;So
10146;164,206;2013;So
10150;160,725;2013;So
10152;2169,081;2013;So
10160;1999,85;2013;So
10162;1421,748;2013;So
10164;1453,44;2013;So
10166;1572,56;2013;So
10168;1680,923;2013;So
10170;1689,519;2013;So
10172;2500,135;2013;So
10174;2299,994;2013;So
10176;2594,188;2013;So
10180;3056,977;2013;So
10182;3282,79;2013;So
10184;1351,186;2013;So
10188;1323,321;2013;So
10190;1312,316;2013;So
10192;955,238;2013;So
10194;912,526;2013;So
10202;701,806;2013;So
10204;688,877;2013;So
10206;629,313;2013;So
10208;625,485;2013;So
10210;592,669;2013;So
10212;431,223;2013;So
10216;6348,961;2013;So
10218;5926,096;2013;So
10220;5837,638;2013;So
10222;5789,488;2013;So
10226;478,697;2013;So
10228;407,926;2013;So
10230;312,699;2013;So
10232;300,801;2013;So
10234;293,519;2013;So
10236;290,327;2013;So
10238;275,01;2013;So
10242;326,638;2013;So
10244;335,537;2013;So
10246;4878,744;2013;So
10248;4889,762;2013;So
10250;4958,525;2013;So
10254;5108,564;2013;So
10258;493,058;2013;So
10260;500,937;2013;So
10262;541,044;2013;So
10266;538,002;2013;So
10304;3283,383;2013;So
10306;3354,1;2013;So
10312;19282,024;2013;So
10314;19425,366;2013;So
10318;18503,331;2013;So
10352;17680,52;2013;So
10358;10319,266;2013;So
10370;17722,881;2013;So
10376;17176,204;2013;So
10396;4410,169;2013;So
10402;440,15;2013;So
10404;604,275;2013;So
10406;605,1;2013;So
10408;625,575;2013;So
10410;629,825;2013;So
10412;629,2;2013;So
10414;635,025;2013;So
10416;641,75;2013;So
10422;3124,345;2013;So
10424;4167,956;2013;So
10426;2128,544;2013;So
10428;605,5;2013;So
10430;4192,044;2013;So
10432;4228,912;2013;So
10434;886,1;2013;So
10436;886,94;2013;So
10442;883,6;2013;So
10446;6327,071;2013;So
10450;33,686;2013;So
10452;6187,381;2013;So
10454;5809,537;2013;So
10456;2014,44;2013;So
10476;4752,36;2013;So
10478;4740,75;2013;So
10480;4328,566;2013;So
10482;4285,056;2013;So
10484;1670,29;2013;So
10490;3894,142;2013;So
10492;3868,917;2013;So
10494;1855,106;2013;So
10496;3856,692;2013;So
10498;3832,537;2013;So
10500;3657,256;2013;So
10502;3657,258;2013;So
10504;3657,258;2013;So
10506;11770,269;2013;So
10508;11814,875;2013;So
10524;3611,621;2013;So
10528;3487,194;2013;So
10530;3657,488;2013;So
10544;15009,176;2013;So
10545;15009,176;2013;So
10549;2768,031;2013;So
10565;1774,692;2013;So
10569;3906,338;2013;So
10573;1899,375;2013;So
10687;4962,85;2013;So
10688;639,925;2013;So
10691;4322,925;2013;So
10698;4192,143;2013;So
10701;2943,035;2013;So
10740;460,568;2013;So
10760;541,29;2013;So
10762;541,29;2013;So
10764;487,395;2013;So
10766;487,395;2013;So
10768;574,755;2013;So
10770;538,798;2013;So
10772;812,758;2013;So
10774;812,758;2013;So
10788;2768,031;2013;So
10789;2768,031;2013;So
10792;6359,704;2013;So
10793;6359,704;2013;So
10796;9155,56;2013;So
10797;9155,56;2013;So
10800;9101,661;2013;So
10801;9101,661;2013;So
10804;9012,132;2013;So
10805;9012,132;2013;So
10808;1801,473;2013;So
10809;1801,473;2013;So
10812;1645,781;2013;So
10816;1645,781;2013;So
10817;1645,781;2013;So
10821;1325,142;2013;So
10824;1325,142;2013;So
10825;1325,142;2013;So
10828;148,815;2013;So
10829;148,815;2013;So
10833;3070,61;2013;So
10836;2234,471;2013;So
10837;2234,471;2013;So
10844;4978,29;2013;So
10845;4978,29;2013;So
10848;1899,375;2013;So
10849;1899,375;2013;So
10853;1646,821;2013;So
10856;8949,141;2013;So
10857;8949,141;2013;So
10861;6606,748;2013;So
10869;2083,552;2013;So
10876;2097,116;2013;So
10877;2097,116;2013;So
10880;1343,243;2013;So
10881;1343,243;2013;So
10885;8772,838;2013;So
10888;8772,838;2013;So
10889;8772,838;2013;So
10892;731,87;2013;So
10893;731,87;2013;So
10896;598,55;2013;So
10897;598,55;2013;So
10904;8771,329;2013;So
10905;8771,329;2013;So
10908;5004,191;2013;So
10909;5004,191;2013;So
10936;1774,692;2013;So
10937;1774,692;2013;So
10940;3906,338;2013;So
10941;3906,338;2013;So
10944;2033,871;2013;So
10945;2033,871;2013;So
10952;922,044;2013;So
10953;922,044;2013;So
10960;1030,042;2013;So
10961;1030,042;2013;So
10964;3388,228;2013;So
10965;3388,228;2013;So
10968;1178,777;2013;So
10969;1178,777;2013;So
10972;4361,652;2013;So
10973;4361,652;2013;So
10976;276,867;2013;So
10977;276,867;2013;So
10980;484,283;2013;So
10981;484,283;2013;So
10984;8771,329;2013;So
10985;8771,329;2013;So
10988;3046,346;2013;So
10989;3046,346;2013;So
10992;6473,279;2013;So
10993;6473,279;2013;So
10996;49,627;2013;So
10997;49,627;2013;So
11010;18472,431;2013;So
11021;18472,431;2013;So
11023;6590,829;2013;So
11025;11881,602;2013;So
11027;11881,602;2013;So
11029;17220,627;2013;So
11031;4569,266;2013;So
11037;4507,948;2013;So
11038;4507,948;2013;So
11051;6606,748;2013;So
11129;5461,482;2013;So
11130;120,451;2013;So
11133;113,588;2013;So
11135;5341,031;2013;So
11211;2083,552;2013;So
11213;3472,268;2013;So
11237;1646,821;2013;So
11269;1197,289;2013;So
11270;574,755;2013;So
11274;92,998;2013;So
11278;92,998;2013;So
11282;92,998;2013;So
11286;309,117;2013;So
11289;309,117;2013;So
11290;309,117;2013;So
11294;3070,61;2013;So
11301;12697,114;2013;So
11302;12557,706;2013;So
11309;693,085;2013;So
11413;3069,736;2013;So
11417;3069,736;2013;So
11423;1648,327;2013;So
11424;1649,873;2013;So
11433;2083,552;2013;So
11435;2083,552;2013;So
11441;1388,687;2013;So
11443;1388,687;2013;So
11493;1388,687;2013;So
11509;1388,687;2013;So
11511;1388,687;2013;So
11551;1249,108;2013;So
11553;1249,108;2013;So
11555;1249,108;2013;So
11631;3747,236;2013;So
11709;8725,526;2013;So
11729;3747,236;2013;So
11869;886,24;2013;So
10000;1370,316;2014;Mo-Fr
10004;1132,555;2014;Mo-Fr
10006;1208,581;2014;Mo-Fr
10014;2393,574;2014;Mo-Fr
10026;9637,1;2014;Mo-Fr
10030;9366,779;2014;Mo-Fr
10040;3507,192;2014;Mo-Fr
10042;3375,493;2014;Mo-Fr
10044;3381,896;2014;Mo-Fr
10046;3316,553;2014;Mo-Fr
10050;3303,699;2014;Mo-Fr
10052;4518,208;2014;Mo-Fr
10054;3437,954;2014;Mo-Fr
10056;3293,22;2014;Mo-Fr
10058;2361,552;2014;Mo-Fr
10060;1974,836;2014;Mo-Fr
10062;1829,215;2014;Mo-Fr
10068;503,811;2014;Mo-Fr
10072;2004,663;2014;Mo-Fr
10074;2844,145;2014;Mo-Fr
10076;3051,226;2014;Mo-Fr
10080;1610,195;2014;Mo-Fr
10084;1480,997;2014;Mo-Fr
10086;1460,501;2014;Mo-Fr
10088;1336,092;2014;Mo-Fr
10090;1333,766;2014;Mo-Fr
10092;1190,338;2014;Mo-Fr
10094;1190,263;2014;Mo-Fr
10096;1183,114;2014;Mo-Fr
10098;1988,772;2014;Mo-Fr
10100;1988,772;2014;Mo-Fr
10102;2456,399;2014;Mo-Fr
10104;14166,907;2014;Mo-Fr
10108;2087,357;2014;Mo-Fr
10110;1972,164;2014;Mo-Fr
10114;2486,409;2014;Mo-Fr
10122;1352,349;2014;Mo-Fr
10124;1563,957;2014;Mo-Fr
10126;1464,412;2014;Mo-Fr
10130;1443,249;2014;Mo-Fr
10132;1653,438;2014;Mo-Fr
10134;1753,742;2014;Mo-Fr
10136;1901,093;2014;Mo-Fr
10140;2008,048;2014;Mo-Fr
10142;4260,283;2014;Mo-Fr
10144;4850,238;2014;Mo-Fr
10146;496,266;2014;Mo-Fr
10150;432,185;2014;Mo-Fr
10152;6746,034;2014;Mo-Fr
10160;5136,133;2014;Mo-Fr
10162;6143,995;2014;Mo-Fr
10164;6249,769;2014;Mo-Fr
10166;6875,398;2014;Mo-Fr
10168;7521,263;2014;Mo-Fr
10170;7272,933;2014;Mo-Fr
10172;6791,746;2014;Mo-Fr
10174;6170,593;2014;Mo-Fr
10176;7099,731;2014;Mo-Fr
10180;8446,711;2014;Mo-Fr
10182;9570,463;2014;Mo-Fr
10184;1959,242;2014;Mo-Fr
10188;1907,151;2014;Mo-Fr
10190;1893,395;2014;Mo-Fr
10192;1536,352;2014;Mo-Fr
10194;1447,661;2014;Mo-Fr
10202;1940,031;2014;Mo-Fr
10204;1865,464;2014;Mo-Fr
10206;1646,203;2014;Mo-Fr
10208;1632,831;2014;Mo-Fr
10210;1562,735;2014;Mo-Fr
10212;1187,779;2014;Mo-Fr
10216;8519,813;2014;Mo-Fr
10218;7392,671;2014;Mo-Fr
10220;6974,317;2014;Mo-Fr
10222;6875,843;2014;Mo-Fr
10226;1066,609;2014;Mo-Fr
10228;835,734;2014;Mo-Fr
10230;406,187;2014;Mo-Fr
10232;386,914;2014;Mo-Fr
10234;365,019;2014;Mo-Fr
10236;360,896;2014;Mo-Fr
10238;370,594;2014;Mo-Fr
10242;502,268;2014;Mo-Fr
10244;553,078;2014;Mo-Fr
10246;4529,413;2014;Mo-Fr
10248;4364,688;2014;Mo-Fr
10250;4439,974;2014;Mo-Fr
10254;4824,193;2014;Mo-Fr
10258;781,298;2014;Mo-Fr
10260;773,585;2014;Mo-Fr
10262;828,116;2014;Mo-Fr
10266;798,139;2014;Mo-Fr
10288;254,186;2014;Mo-Fr
10290;355,074;2014;Mo-Fr
10292;259,498;2014;Mo-Fr
10294;256,669;2014;Mo-Fr
10296;355,074;2014;Mo-Fr
10298;355,074;2014;Mo-Fr
10304;10061,125;2014;Mo-Fr
10306;10048,888;2014;Mo-Fr
10312;30179,279;2014;Mo-Fr
10314;30543,216;2014;Mo-Fr
10318;27691,025;2014;Mo-Fr
10352;36635,741;2014;Mo-Fr
10358;13370,564;2014;Mo-Fr
10360;247,006;2014;Mo-Fr
10370;36902,139;2014;Mo-Fr
10376;34937,106;2014;Mo-Fr
10396;3745,065;2014;Mo-Fr
10402;456,003;2014;Mo-Fr
10404;859,244;2014;Mo-Fr
10406;857,796;2014;Mo-Fr
10408;932,182;2014;Mo-Fr
10410;945,668;2014;Mo-Fr
10412;944,568;2014;Mo-Fr
10414;951,356;2014;Mo-Fr
10416;969,579;2014;Mo-Fr
10422;2905,038;2014;Mo-Fr
10424;3846,67;2014;Mo-Fr
10426;1962,64;2014;Mo-Fr
10428;864,801;2014;Mo-Fr
10430;4131,84;2014;Mo-Fr
10432;4562,248;2014;Mo-Fr
10434;801,421;2014;Mo-Fr
10436;797,264;2014;Mo-Fr
10442;800,123;2014;Mo-Fr
10446;9048,846;2014;Mo-Fr
10450;76,857;2014;Mo-Fr
10452;8518,518;2014;Mo-Fr
10454;7005,564;2014;Mo-Fr
10456;1880,716;2014;Mo-Fr
10476;7249,362;2014;Mo-Fr
10478;7244,14;2014;Mo-Fr
10480;5399,527;2014;Mo-Fr
10482;5179,94;2014;Mo-Fr
10484;1364,603;2014;Mo-Fr
10490;3261,164;2014;Mo-Fr
10492;2984,574;2014;Mo-Fr
10494;1698,859;2014;Mo-Fr
10496;2891,714;2014;Mo-Fr
10498;2842,934;2014;Mo-Fr
10500;2715,25;2014;Mo-Fr
10502;2716,732;2014;Mo-Fr
10504;2722,436;2014;Mo-Fr
10506;19256,515;2014;Mo-Fr
10508;19290,426;2014;Mo-Fr
10524;2655,816;2014;Mo-Fr
10528;3601,189;2014;Mo-Fr
10530;2724,191;2014;Mo-Fr
10544;29029,257;2014;Mo-Fr
10545;29029,257;2014;Mo-Fr
10549;7444,415;2014;Mo-Fr
10565;1471,148;2014;Mo-Fr
10569;3342,718;2014;Mo-Fr
10573;1515,902;2014;Mo-Fr
10578;0;2014;Mo-Fr
10687;4749,591;2014;Mo-Fr
10688;981,747;2014;Mo-Fr
10691;3767,844;2014;Mo-Fr
10698;5054,067;2014;Mo-Fr
10701;3255,571;2014;Mo-Fr
10740;1000,527;2014;Mo-Fr
10760;811,803;2014;Mo-Fr
10762;811,803;2014;Mo-Fr
10764;778,016;2014;Mo-Fr
10766;778,016;2014;Mo-Fr
10768;742,976;2014;Mo-Fr
10770;675,914;2014;Mo-Fr
10772;1979,211;2014;Mo-Fr
10774;2008,1;2014;Mo-Fr
10788;7444,415;2014;Mo-Fr
10789;7444,415;2014;Mo-Fr
10792;8622,986;2014;Mo-Fr
10793;8622,986;2014;Mo-Fr
10796;11245,334;2014;Mo-Fr
10797;11245,334;2014;Mo-Fr
10800;11045,118;2014;Mo-Fr
10801;11045,118;2014;Mo-Fr
10804;10682,404;2014;Mo-Fr
10805;10682,404;2014;Mo-Fr
10808;4559,369;2014;Mo-Fr
10809;4559,369;2014;Mo-Fr
10812;4180,334;2014;Mo-Fr
10816;4180,334;2014;Mo-Fr
10817;4180,334;2014;Mo-Fr
10821;5685,636;2014;Mo-Fr
10824;5685,636;2014;Mo-Fr
10825;5685,636;2014;Mo-Fr
10828;406,499;2014;Mo-Fr
10829;406,499;2014;Mo-Fr
10833;4988,764;2014;Mo-Fr
10836;2762,202;2014;Mo-Fr
10837;2762,202;2014;Mo-Fr
10844;6523,991;2014;Mo-Fr
10845;6523,991;2014;Mo-Fr
10848;1515,902;2014;Mo-Fr
10849;1515,902;2014;Mo-Fr
10853;1749,617;2014;Mo-Fr
10856;12604,445;2014;Mo-Fr
10857;12604,445;2014;Mo-Fr
10861;9957,033;2014;Mo-Fr
10869;2797,596;2014;Mo-Fr
10876;2795,387;2014;Mo-Fr
10877;2795,387;2014;Mo-Fr
10880;1938,828;2014;Mo-Fr
10881;1938,828;2014;Mo-Fr
10885;10108,637;2014;Mo-Fr
10888;10108,637;2014;Mo-Fr
10889;10108,637;2014;Mo-Fr
10892;1285,602;2014;Mo-Fr
10893;1285,602;2014;Mo-Fr
10896;1526,001;2014;Mo-Fr
10897;1526,001;2014;Mo-Fr
10904;10288,098;2014;Mo-Fr
10905;10288,098;2014;Mo-Fr
10908;4516,305;2014;Mo-Fr
10909;4516,305;2014;Mo-Fr
10936;1471,148;2014;Mo-Fr
10937;1471,148;2014;Mo-Fr
10940;3342,718;2014;Mo-Fr
10941;3342,718;2014;Mo-Fr
10944;1904,518;2014;Mo-Fr
10945;1904,518;2014;Mo-Fr
10952;1194,632;2014;Mo-Fr
10953;1194,632;2014;Mo-Fr
10960;922,805;2014;Mo-Fr
10961;922,805;2014;Mo-Fr
10964;3278,35;2014;Mo-Fr
10965;3278,35;2014;Mo-Fr
10968;1195,203;2014;Mo-Fr
10969;1195,203;2014;Mo-Fr
10972;3649,975;2014;Mo-Fr
10973;3649,975;2014;Mo-Fr
10976;382,947;2014;Mo-Fr
10977;382,947;2014;Mo-Fr
10980;1071,04;2014;Mo-Fr
10981;1071,04;2014;Mo-Fr
10984;10288,098;2014;Mo-Fr
10985;10288,098;2014;Mo-Fr
10988;3341,017;2014;Mo-Fr
10989;3341,017;2014;Mo-Fr
10992;9589,883;2014;Mo-Fr
10993;9589,883;2014;Mo-Fr
10996;75,122;2014;Mo-Fr
10997;75,122;2014;Mo-Fr
11010;28711,846;2014;Mo-Fr
11021;28711,846;2014;Mo-Fr
11023;16425,42;2014;Mo-Fr
11025;17208,558;2014;Mo-Fr
11027;17208,558;2014;Mo-Fr
11029;35169,845;2014;Mo-Fr
11031;8111,941;2014;Mo-Fr
11037;6974,24;2014;Mo-Fr
11038;6974,24;2014;Mo-Fr
11051;9957,033;2014;Mo-Fr
11129;7430,675;2014;Mo-Fr
11130;243,278;2014;Mo-Fr
11133;228,171;2014;Mo-Fr
11135;7187,397;2014;Mo-Fr
11211;2800,271;2014;Mo-Fr
11213;4940,192;2014;Mo-Fr
11237;1749,617;2014;Mo-Fr
11269;1587,293;2014;Mo-Fr
11270;742,976;2014;Mo-Fr
11274;130,913;2014;Mo-Fr
11278;130,913;2014;Mo-Fr
11282;130,913;2014;Mo-Fr
11286;434,408;2014;Mo-Fr
11289;434,408;2014;Mo-Fr
11290;434,408;2014;Mo-Fr
11294;4988,764;2014;Mo-Fr
11301;22576,297;2014;Mo-Fr
11302;22030,398;2014;Mo-Fr
11309;972,149;2014;Mo-Fr
11413;5053,416;2014;Mo-Fr
11417;4997,93;2014;Mo-Fr
11419;55,486;2014;Mo-Fr
11423;1756,082;2014;Mo-Fr
11424;1744,7;2014;Mo-Fr
11433;2797,596;2014;Mo-Fr
11435;2800,271;2014;Mo-Fr
11441;2055,833;2014;Mo-Fr
11443;2055,833;2014;Mo-Fr
11493;2055,833;2014;Mo-Fr
11509;2055,833;2014;Mo-Fr
11511;2055,833;2014;Mo-Fr
11551;1798,496;2014;Mo-Fr
11553;1798,496;2014;Mo-Fr
11555;1798,496;2014;Mo-Fr
11631;3328,741;2014;Mo-Fr
11709;9855,25;2014;Mo-Fr
11729;3331,259;2014;Mo-Fr
11869;788,494;2014;Mo-Fr
10000;1337,105;2014;Mo-So
10004;1083,593;2014;Mo-So
10006;1142,435;2014;Mo-So
10014;2301,624;2014;Mo-So
10026;9314,633;2014;Mo-So
10030;9049,509;2014;Mo-So
10040;3376,758;2014;Mo-So
10042;3243,856;2014;Mo-So
10044;3228,315;2014;Mo-So
10046;3151,549;2014;Mo-So
10050;3093,487;2014;Mo-So
10052;4143,795;2014;Mo-So
10054;3199,357;2014;Mo-So
10056;3189,833;2014;Mo-So
10058;2323,064;2014;Mo-So
10060;1940,733;2014;Mo-So
10062;1796,317;2014;Mo-So
10068;483,839;2014;Mo-So
10072;2981,488;2014;Mo-So
10074;4089,02;2014;Mo-So
10076;4359,092;2014;Mo-So
10080;1653,463;2014;Mo-So
10084;1543,294;2014;Mo-So
10086;1525,356;2014;Mo-So
10088;1418,945;2014;Mo-So
10090;1417,164;2014;Mo-So
10092;1297,07;2014;Mo-So
10094;1297,056;2014;Mo-So
10096;1285,549;2014;Mo-So
10098;2218,015;2014;Mo-So
10100;2218,015;2014;Mo-So
10102;2633,617;2014;Mo-So
10104;14728,036;2014;Mo-So
10108;2008,292;2014;Mo-So
10110;1902,524;2014;Mo-So
10114;2175,183;2014;Mo-So
10122;1229,853;2014;Mo-So
10124;1320,058;2014;Mo-So
10126;1249,232;2014;Mo-So
10130;1236,13;2014;Mo-So
10132;1409,32;2014;Mo-So
10134;1501,084;2014;Mo-So
10136;1622,543;2014;Mo-So
10140;1716,162;2014;Mo-So
10142;3675,945;2014;Mo-So
10144;4142,81;2014;Mo-So
10146;426,692;2014;Mo-So
10150;374,16;2014;Mo-So
10152;5733,714;2014;Mo-So
10160;4421,377;2014;Mo-So
10162;5042,838;2014;Mo-So
10164;5129,595;2014;Mo-So
10166;5637,729;2014;Mo-So
10168;6145,81;2014;Mo-So
10170;5978,266;2014;Mo-So
10172;5793,525;2014;Mo-So
10174;5280,363;2014;Mo-So
10176;6054,965;2014;Mo-So
10180;7224,939;2014;Mo-So
10182;8140,236;2014;Mo-So
10184;1834,015;2014;Mo-So
10188;1788,972;2014;Mo-So
10190;1777,095;2014;Mo-So
10192;1407,089;2014;Mo-So
10194;1325,38;2014;Mo-So
10202;1631,403;2014;Mo-So
10204;1571,891;2014;Mo-So
10206;1393,791;2014;Mo-So
10208;1382,564;2014;Mo-So
10210;1322,653;2014;Mo-So
10212;1002,006;2014;Mo-So
10216;8293,406;2014;Mo-So
10218;7319,556;2014;Mo-So
10220;6998,065;2014;Mo-So
10222;6912,035;2014;Mo-So
10226;935,353;2014;Mo-So
10228;739,021;2014;Mo-So
10230;388,956;2014;Mo-So
10232;371,507;2014;Mo-So
10234;352,088;2014;Mo-So
10236;348,39;2014;Mo-So
10238;351,007;2014;Mo-So
10242;466,726;2014;Mo-So
10244;508,574;2014;Mo-So
10246;4866,36;2014;Mo-So
10248;4751,31;2014;Mo-So
10250;4829,12;2014;Mo-So
10254;5159,57;2014;Mo-So
10258;737,58;2014;Mo-So
10260;734,403;2014;Mo-So
10262;790,454;2014;Mo-So
10266;769,591;2014;Mo-So
10288;254,186;2014;Mo-So
10290;355,074;2014;Mo-So
10292;259,498;2014;Mo-So
10294;256,669;2014;Mo-So
10296;355,074;2014;Mo-So
10298;355,074;2014;Mo-So
10304;8508,435;2014;Mo-So
10306;8525,621;2014;Mo-So
10312;27810,133;2014;Mo-So
10314;28112,558;2014;Mo-So
10318;25763,643;2014;Mo-So
10352;35015,643;2014;Mo-So
10358;13452,274;2014;Mo-So
10360;247,006;2014;Mo-So
10370;35220,204;2014;Mo-So
10376;33550,134;2014;Mo-So
10396;4115,028;2014;Mo-So
10402;473,108;2014;Mo-So
10404;827,112;2014;Mo-So
10406;824,699;2014;Mo-So
10408;887,201;2014;Mo-So
10410;897,93;2014;Mo-So
10412;897,503;2014;Mo-So
10414;907,317;2014;Mo-So
10416;922,307;2014;Mo-So
10422;2978,963;2014;Mo-So
10424;4098,018;2014;Mo-So
10426;2029,992;2014;Mo-So
10428;831,003;2014;Mo-So
10430;4309,624;2014;Mo-So
10432;4634,644;2014;Mo-So
10434;860,485;2014;Mo-So
10436;857,49;2014;Mo-So
10442;858,871;2014;Mo-So
10446;8585,217;2014;Mo-So
10450;70,706;2014;Mo-So
10452;8147,724;2014;Mo-So
10454;6926,93;2014;Mo-So
10456;1946,883;2014;Mo-So
10476;6505,581;2014;Mo-So
10478;6508,386;2014;Mo-So
10480;5027,497;2014;Mo-So
10482;4850,161;2014;Mo-So
10484;1382,281;2014;Mo-So
10490;3317,832;2014;Mo-So
10492;3107,332;2014;Mo-So
10494;1696,436;2014;Mo-So
10496;3034,691;2014;Mo-So
10498;2994,819;2014;Mo-So
10500;2866,905;2014;Mo-So
10502;2867,964;2014;Mo-So
10504;2872,044;2014;Mo-So
10506;19585,49;2014;Mo-So
10508;19619,023;2014;Mo-So
10524;2813,222;2014;Mo-So
10528;3583,622;2014;Mo-So
10530;2873,298;2014;Mo-So
10544;28457,154;2014;Mo-So
10545;28457,154;2014;Mo-So
10549;6375,375;2014;Mo-So
10565;1502,874;2014;Mo-So
10569;3379,402;2014;Mo-So
10573;1569,863;2014;Mo-So
10578;0;2014;Mo-So
10687;5025,246;2014;Mo-So
10688;930,457;2014;Mo-So
10691;4094,789;2014;Mo-So
10698;4880,862;2014;Mo-So
10701;3197,603;2014;Mo-So
10740;886,255;2014;Mo-So
10760;779,435;2014;Mo-So
10762;779,435;2014;Mo-So
10764;732,43;2014;Mo-So
10766;732,43;2014;Mo-So
10768;749,731;2014;Mo-So
10770;676,759;2014;Mo-So
10772;1686,858;2014;Mo-So
10774;1713,845;2014;Mo-So
10788;6375,375;2014;Mo-So
10789;6375,375;2014;Mo-So
10792;8373,957;2014;Mo-So
10793;8373,957;2014;Mo-So
10796;10781,114;2014;Mo-So
10797;10781,114;2014;Mo-So
10800;10618,876;2014;Mo-So
10801;10618,876;2014;Mo-So
10804;10329,175;2014;Mo-So
10805;10329,175;2014;Mo-So
10808;3938,814;2014;Mo-So
10809;3938,814;2014;Mo-So
10812;3612,795;2014;Mo-So
10816;3612,795;2014;Mo-So
10817;3612,795;2014;Mo-So
10821;4669,967;2014;Mo-So
10824;4669,967;2014;Mo-So
10825;4669,967;2014;Mo-So
10828;353,226;2014;Mo-So
10829;353,226;2014;Mo-So
10833;4599,708;2014;Mo-So
10836;2656,996;2014;Mo-So
10837;2656,996;2014;Mo-So
10844;6353,179;2014;Mo-So
10845;6353,179;2014;Mo-So
10848;1569,863;2014;Mo-So
10849;1569,863;2014;Mo-So
10853;1698,027;2014;Mo-So
10856;13254,934;2014;Mo-So
10857;13254,934;2014;Mo-So
10861;9610,858;2014;Mo-So
10869;2681,295;2014;Mo-So
10876;2654,982;2014;Mo-So
10877;2654,982;2014;Mo-So
10880;1817,21;2014;Mo-So
10881;1817,21;2014;Mo-So
10885;9831,565;2014;Mo-So
10888;9831,565;2014;Mo-So
10889;9831,565;2014;Mo-So
10892;1155,623;2014;Mo-So
10893;1155,623;2014;Mo-So
10896;1288,285;2014;Mo-So
10897;1288,285;2014;Mo-So
10904;9967,937;2014;Mo-So
10905;9967,937;2014;Mo-So
10908;4896,972;2014;Mo-So
10909;4896,972;2014;Mo-So
10936;1502,874;2014;Mo-So
10937;1502,874;2014;Mo-So
10940;3379,402;2014;Mo-So
10941;3379,402;2014;Mo-So
10944;1969,833;2014;Mo-So
10945;1969,833;2014;Mo-So
10952;1131,11;2014;Mo-So
10953;1131,11;2014;Mo-So
10960;936,462;2014;Mo-So
10961;936,462;2014;Mo-So
10964;3321,983;2014;Mo-So
10965;3321,983;2014;Mo-So
10968;1174,521;2014;Mo-So
10969;1174,521;2014;Mo-So
10972;4027,974;2014;Mo-So
10973;4027,974;2014;Mo-So
10976;359,383;2014;Mo-So
10977;359,383;2014;Mo-So
10980;942,041;2014;Mo-So
10981;942,041;2014;Mo-So
10984;9967,937;2014;Mo-So
10985;9967,937;2014;Mo-So
10988;3305,543;2014;Mo-So
10989;3305,543;2014;Mo-So
10992;9235,663;2014;Mo-So
10993;9235,663;2014;Mo-So
10996;71,956;2014;Mo-So
10997;71,956;2014;Mo-So
11010;27005,387;2014;Mo-So
11021;27005,387;2014;Mo-So
11023;15849,349;2014;Mo-So
11025;16898,602;2014;Mo-So
11027;16898,602;2014;Mo-So
11029;33806,998;2014;Mo-So
11031;7032,763;2014;Mo-So
11037;6186,601;2014;Mo-So
11038;6186,601;2014;Mo-So
11051;9610,858;2014;Mo-So
11129;7148,539;2014;Mo-So
11130;220,706;2014;Mo-So
11133;207,446;2014;Mo-So
11135;6927,833;2014;Mo-So
11211;2683,339;2014;Mo-So
11213;4677,938;2014;Mo-So
11237;1698,027;2014;Mo-So
11269;1551,981;2014;Mo-So
11270;749,731;2014;Mo-So
11274;121,082;2014;Mo-So
11278;121,082;2014;Mo-So
11282;121,082;2014;Mo-So
11286;406,679;2014;Mo-So
11289;406,679;2014;Mo-So
11290;406,679;2014;Mo-So
11294;4599,708;2014;Mo-So
11301;22315,107;2014;Mo-So
11302;21860,758;2014;Mo-So
11309;928,436;2014;Mo-So
11413;4665,171;2014;Mo-So
11417;4609,685;2014;Mo-So
11419;55,486;2014;Mo-So
11423;1706,349;2014;Mo-So
11424;1702,023;2014;Mo-So
11433;2681,295;2014;Mo-So
11435;2683,339;2014;Mo-So
11441;1914,607;2014;Mo-So
11443;1914,607;2014;Mo-So
11493;1914,607;2014;Mo-So
11509;1914,607;2014;Mo-So
11511;1914,607;2014;Mo-So
11551;1683,259;2014;Mo-So
11553;1683,259;2014;Mo-So
11555;1683,259;2014;Mo-So
11631;4676,015;2014;Mo-So
11709;11031,276;2014;Mo-So
11729;4678,097;2014;Mo-So
11869;850,627;2014;Mo-So
10000;1378,186;2014;Sa
10004;1086,15;2014;Sa
10006;1132,268;2014;Sa
10014;2263,432;2014;Sa
10026;8989,739;2014;Sa
10030;8789,315;2014;Sa
10040;2858,638;2014;Sa
10042;2737,69;2014;Sa
10044;2696,163;2014;Sa
10046;2676,935;2014;Sa
10050;2603,098;2014;Sa
10052;3431,519;2014;Sa
10054;2673,125;2014;Sa
10056;3039,225;2014;Sa
10058;2318,627;2014;Sa
10060;1956,421;2014;Sa
10062;1818,497;2014;Sa
10068;458,076;2014;Sa
10072;3031,294;2014;Sa
10074;4010,868;2014;Sa
10076;4273,577;2014;Sa
10080;1663,054;2014;Sa
10084;1643,983;2014;Sa
10086;1630,842;2014;Sa
10088;1529,019;2014;Sa
10090;1527,894;2014;Sa
10092;1480,985;2014;Sa
10094;1479,096;2014;Sa
10096;1468,592;2014;Sa
10098;2789,296;2014;Sa
10100;2789,296;2014;Sa
10102;3198,775;2014;Sa
10104;11445,256;2014;Sa
10108;1829,825;2014;Sa
10110;1751,125;2014;Sa
10114;1592,884;2014;Sa
10122;1049,363;2014;Sa
10124;826,121;2014;Sa
10126;813,473;2014;Sa
10130;823,708;2014;Sa
10132;932,658;2014;Sa
10134;1012,246;2014;Sa
10136;1088,877;2014;Sa
10140;1179,198;2014;Sa
10142;2605,852;2014;Sa
10144;2781,235;2014;Sa
10146;312,352;2014;Sa
10150;280,113;2014;Sa
10152;3769,841;2014;Sa
10160;3215,287;2014;Sa
10162;3018,9;2014;Sa
10164;3065,354;2014;Sa
10166;3365,319;2014;Sa
10168;3573,863;2014;Sa
10170;3634,254;2014;Sa
10172;4020,038;2014;Sa
10174;3727,19;2014;Sa
10176;4205,229;2014;Sa
10180;5161,481;2014;Sa
10182;5668,19;2014;Sa
10184;1742,572;2014;Sa
10188;1717,213;2014;Sa
10190;1708,646;2014;Sa
10192;1241,861;2014;Sa
10194;1159,338;2014;Sa
10202;1022,985;2014;Sa
10204;998,61;2014;Sa
10206;904,631;2014;Sa
10208;898,671;2014;Sa
10210;858,156;2014;Sa
10212;646,046;2014;Sa
10216;8308,507;2014;Sa
10218;7584,866;2014;Sa
10220;7495,658;2014;Sa
10222;7439,433;2014;Sa
10226;688,224;2014;Sa
10228;536,15;2014;Sa
10230;349,176;2014;Sa
10232;335,655;2014;Sa
10234;319,429;2014;Sa
10236;318,145;2014;Sa
10238;308,934;2014;Sa
10242;406,332;2014;Sa
10244;435,184;2014;Sa
10246;5929,142;2014;Sa
10248;5924,816;2014;Sa
10250;6017,486;2014;Sa
10254;6260,328;2014;Sa
10258;704,08;2014;Sa
10260;712,384;2014;Sa
10262;786,999;2014;Sa
10266;795,101;2014;Sa
10304;5744,635;2014;Sa
10306;5871,21;2014;Sa
10312;23758,574;2014;Sa
10314;23922,817;2014;Sa
10318;22644,714;2014;Sa
10352;24995,485;2014;Sa
10358;14094,397;2014;Sa
10370;25100,49;2014;Sa
10376;24008,299;2014;Sa
10396;5217,167;2014;Sa
10402;586,012;2014;Sa
10404;872,138;2014;Sa
10406;868,09;2014;Sa
10408;903,794;2014;Sa
10410;906,744;2014;Sa
10412;910,017;2014;Sa
10414;929,923;2014;Sa
10416;938,233;2014;Sa
10422;3356,791;2014;Sa
10424;4943,094;2014;Sa
10426;2354,185;2014;Sa
10428;871,988;2014;Sa
10430;4975,19;2014;Sa
10432;5058,267;2014;Sa
10434;1135,538;2014;Sa
10436;1134,981;2014;Sa
10442;1133,269;2014;Sa
10446;8286,863;2014;Sa
10450;74,653;2014;Sa
10452;8059,331;2014;Sa
10454;7460,181;2014;Sa
10456;2260,086;2014;Sa
10476;4947,325;2014;Sa
10478;4952,85;2014;Sa
10480;4299,575;2014;Sa
10482;4231,325;2014;Sa
10484;1386,175;2014;Sa
10490;3599,15;2014;Sa
10492;3539,5;2014;Sa
10494;1718,425;2014;Sa
10496;3512,225;2014;Sa
10498;3502,85;2014;Sa
10500;3403,15;2014;Sa
10502;3403,15;2014;Sa
10504;3403,15;2014;Sa
10506;14877,239;2014;Sa
10508;14906,09;2014;Sa
10524;3352,625;2014;Sa
10528;3768,156;2014;Sa
10530;3403,15;2014;Sa
10544;20380,807;2014;Sa
10545;20380,807;2014;Sa
10549;4538,117;2014;Sa
10565;1577,825;2014;Sa
10569;3615,575;2014;Sa
10573;1641,887;2014;Sa
10578;0;2014;Sa
10687;6022,982;2014;Sa
10688;937,098;2014;Sa
10691;5085,884;2014;Sa
10698;4818,538;2014;Sa
10701;3241,788;2014;Sa
10740;691,25;2014;Sa
10760;793,04;2014;Sa
10762;793,04;2014;Sa
10764;690,028;2014;Sa
10766;690,028;2014;Sa
10768;769,327;2014;Sa
10770;692,676;2014;Sa
10772;1124,679;2014;Sa
10774;1169,108;2014;Sa
10788;4538,117;2014;Sa
10789;4538,117;2014;Sa
10792;8338,923;2014;Sa
10793;8338,923;2014;Sa
10796;9970,987;2014;Sa
10797;9970,987;2014;Sa
10800;9902,823;2014;Sa
10801;9902,823;2014;Sa
10804;9788,244;2014;Sa
10805;9788,244;2014;Sa
10808;2918,987;2014;Sa
10809;2918,987;2014;Sa
10812;2689,787;2014;Sa
10816;2689,787;2014;Sa
10817;2689,787;2014;Sa
10821;2801,708;2014;Sa
10824;2801,708;2014;Sa
10825;2801,708;2014;Sa
10828;268,475;2014;Sa
10829;268,475;2014;Sa
10833;3885,26;2014;Sa
10836;2362,725;2014;Sa
10837;2362,725;2014;Sa
10844;5804,329;2014;Sa
10845;5804,329;2014;Sa
10848;1641,887;2014;Sa
10849;1641,887;2014;Sa
10853;1606,775;2014;Sa
10856;10713,651;2014;Sa
10857;10713,651;2014;Sa
10861;9307,381;2014;Sa
10869;2751,34;2014;Sa
10876;2595,654;2014;Sa
10877;2595,654;2014;Sa
10880;1733,525;2014;Sa
10881;1733,525;2014;Sa
10885;9408,079;2014;Sa
10888;9408,079;2014;Sa
10889;9408,079;2014;Sa
10892;953,533;2014;Sa
10893;953,533;2014;Sa
10896;806,217;2014;Sa
10897;806,217;2014;Sa
10904;9444,493;2014;Sa
10905;9444,493;2014;Sa
10908;6067,923;2014;Sa
10909;6067,923;2014;Sa
10936;1577,825;2014;Sa
10937;1577,825;2014;Sa
10940;3615,575;2014;Sa
10941;3615,575;2014;Sa
10944;2283,23;2014;Sa
10945;2283,23;2014;Sa
10952;1130,802;2014;Sa
10953;1130,802;2014;Sa
10960;995,979;2014;Sa
10961;995,979;2014;Sa
10964;3637,979;2014;Sa
10965;3637,979;2014;Sa
10968;1217,398;2014;Sa
10969;1217,398;2014;Sa
10972;5145,729;2014;Sa
10973;5145,729;2014;Sa
10976;307,323;2014;Sa
10977;307,323;2014;Sa
10980;706,37;2014;Sa
10981;706,37;2014;Sa
10984;9444,493;2014;Sa
10985;9444,493;2014;Sa
10988;3441,782;2014;Sa
10989;3441,782;2014;Sa
10992;8922,131;2014;Sa
10993;8922,131;2014;Sa
10996;67,571;2014;Sa
10997;67,571;2014;Sa
11010;24790,913;2014;Sa
11021;24790,913;2014;Sa
11023;15676,32;2014;Sa
11025;16811,735;2014;Sa
11027;16811,735;2014;Sa
11029;24368,754;2014;Sa
11031;4688,925;2014;Sa
11037;4551,85;2014;Sa
11038;4551,85;2014;Sa
11051;9307,381;2014;Sa
11129;7159,127;2014;Sa
11130;195;2014;Sa
11133;185,061;2014;Sa
11135;6964,127;2014;Sa
11211;2752,263;2014;Sa
11213;4684,592;2014;Sa
11237;1606,775;2014;Sa
11269;1525,595;2014;Sa
11270;769,327;2014;Sa
11274;110,775;2014;Sa
11278;110,775;2014;Sa
11282;110,775;2014;Sa
11286;372,98;2014;Sa
11289;372,98;2014;Sa
11290;372,98;2014;Sa
11294;3885,26;2014;Sa
11301;16329,64;2014;Sa
11302;16080,54;2014;Sa
11309;917,188;2014;Sa
11413;3909,471;2014;Sa
11417;3909,471;2014;Sa
11423;1628,675;2014;Sa
11424;1648,95;2014;Sa
11433;2751,34;2014;Sa
11435;2752,263;2014;Sa
11441;1793,563;2014;Sa
11443;1793,563;2014;Sa
11493;1793,563;2014;Sa
11509;1793,563;2014;Sa
11511;1793,563;2014;Sa
11551;1576,75;2014;Sa
11553;1576,75;2014;Sa
11555;1576,75;2014;Sa
11631;4543,895;2014;Sa
11709;10350,255;2014;Sa
11729;4545,926;2014;Sa
11869;1131,808;2014;Sa
10000;1179,985;2014;So
10004;874,171;2014;So
10006;851,827;2014;So
10014;1878,306;2014;So
10026;7985,283;2014;So
10030;7715,403;2014;So
10040;2633,677;2014;So
10042;2574,208;2014;So
10044;2535,9;2014;So
10046;2422,029;2014;So
10050;2266,892;2014;So
10052;2727,367;2014;So
10054;2284,4;2014;So
10056;2717,207;2014;So
10058;1959,727;2014;So
10060;1634,461;2014;So
10062;1516,615;2014;So
10068;408,043;2014;So
10072;2820,202;2014;So
10074;3822,75;2014;So
10076;3994,559;2014;So
10080;1861,044;2014;So
10084;1755,287;2014;So
10086;1745,394;2014;So
10088;1724,727;2014;So
10090;1725,027;2014;So
10092;1648,865;2014;So
10094;1651,033;2014;So
10096;1616,652;2014;So
10098;2797,138;2014;So
10100;2797,138;2014;So
10102;2957,96;2014;So
10104;9767,472;2014;So
10108;1789,91;2014;So
10110;1704,385;2014;So
10114;1195,372;2014;So
10122;795,51;2014;So
10124;589,812;2014;So
10126;604,954;2014;So
10130;608,975;2014;So
10132;660,7;2014;So
10134;721,773;2014;So
10136;758,104;2014;So
10140;788,087;2014;So
10142;1577,075;2014;So
10144;1658,241;2014;So
10146;194,5;2014;So
10150;179,198;2014;So
10152;2240,958;2014;So
10160;2039,94;2014;So
10162;1539,813;2014;So
10164;1571,429;2014;So
10166;1697,99;2014;So
10168;1814,044;2014;So
10170;1824,046;2014;So
10172;2556,706;2014;So
10174;2365,269;2014;So
10176;2660,785;2014;So
10180;3156,044;2014;So
10182;3433,64;2014;So
10184;1296,919;2014;So
10188;1267,565;2014;So
10190;1261,808;2014;So
10192;923,519;2014;So
10194;877,666;2014;So
10202;690,748;2014;So
10204;671,663;2014;So
10206;616,035;2014;So
10208;610,308;2014;So
10210;582,127;2014;So
10212;425,525;2014;So
10216;7139,947;2014;So
10218;6687,55;2014;So
10220;6622,177;2014;So
10222;6570,038;2014;So
10226;523,677;2014;So
10228;456,465;2014;So
10230;342,251;2014;So
10232;330,026;2014;So
10234;319,842;2014;So
10236;315,863;2014;So
10238;294,773;2014;So
10242;348,725;2014;So
10244;358,589;2014;So
10246;5494,794;2014;So
10248;5518,35;2014;So
10250;5593,966;2014;So
10254;5742,148;2014;So
10258;551,654;2014;So
10260;559,756;2014;So
10262;604,872;2014;So
10266;600,796;2014;So
10304;3478,925;2014;So
10306;3534,406;2014;So
10312;19970,406;2014;So
10314;20102,269;2014;So
10318;19208,6;2014;So
10352;19085,281;2014;So
10358;11936,115;2014;So
10370;19079,027;2014;So
10376;18311,553;2014;So
10396;4869,817;2014;So
10402;446,054;2014;So
10404;620,808;2014;So
10406;615,188;2014;So
10408;644,837;2014;So
10410;649,506;2014;So
10412;648,758;2014;So
10414;663,669;2014;So
10416;669,112;2014;So
10422;2960,265;2014;So
10424;4514,515;2014;So
10426;2044,431;2014;So
10428;620,377;2014;So
10430;4536,394;2014;So
10432;4574,388;2014;So
10434;881,885;2014;So
10436;882,288;2014;So
10442;879,346;2014;So
10446;6556,506;2014;So
10450;36;2014;So
10452;6375,012;2014;So
10454;5998,996;2014;So
10456;1966,598;2014;So
10476;4131,808;2014;So
10478;4133,283;2014;So
10480;3755,55;2014;So
10482;3700,025;2014;So
10484;1467,115;2014;So
10490;3320,942;2014;So
10492;3291,315;2014;So
10494;1662,281;2014;So
10496;3274,792;2014;So
10498;3249,133;2014;So
10500;3091,85;2014;So
10502;3091,85;2014;So
10504;3091,85;2014;So
10506;12013,358;2014;So
10508;12049,671;2014;So
10524;3063,875;2014;So
10528;3296,768;2014;So
10530;3091,85;2014;So
10544;15843,103;2014;So
10545;15843,103;2014;So
10549;2846,875;2014;So
10565;1587,16;2014;So
10569;3327,358;2014;So
10573;1768,687;2014;So
10578;0;2014;So
10687;5411,092;2014;So
10688;666,379;2014;So
10691;4744,713;2014;So
10698;4073,157;2014;So
10701;2861,79;2014;So
10740;507,7;2014;So
10760;603,363;2014;So
10762;603,363;2014;So
10764;546,026;2014;So
10766;546,026;2014;So
10768;632,931;2014;So
10770;573,82;2014;So
10772;781,652;2014;So
10774;781,652;2014;So
10788;2846,875;2014;So
10789;2846,875;2014;So
10792;7155,518;2014;So
10793;7155,518;2014;So
10796;9236,979;2014;So
10797;9236,979;2014;So
10800;9177,463;2014;So
10801;9177,463;2014;So
10804;9088,963;2014;So
10805;9088,963;2014;So
10808;1843,933;2014;So
10809;1843,933;2014;So
10812;1687,194;2014;So
10816;1687,194;2014;So
10817;1687,194;2014;So
10821;1440,35;2014;So
10824;1440,35;2014;So
10825;1440,35;2014;So
10828;172,635;2014;So
10829;172,635;2014;So
10833;3110,412;2014;So
10836;2175,158;2014;So
10837;2175,158;2014;So
10844;5247,406;2014;So
10845;5247,406;2014;So
10848;1768,687;2014;So
10849;1768,687;2014;So
10853;1530,335;2014;So
10856;9290,678;2014;So
10857;9290,678;2014;So
10861;8143,491;2014;So
10869;2027,506;2014;So
10876;2009,582;2014;So
10877;2009,582;2014;So
10880;1290,466;2014;So
10881;1290,466;2014;So
10885;8859,499;2014;So
10888;8859,499;2014;So
10889;8859,499;2014;So
10892;705,32;2014;So
10893;705,32;2014;So
10896;577,202;2014;So
10897;577,202;2014;So
10904;8871,649;2014;So
10905;8871,649;2014;So
10908;5636,677;2014;So
10909;5636,677;2014;So
10936;1587,16;2014;So
10937;1587,16;2014;So
10940;3327,358;2014;So
10941;3327,358;2014;So
10944;1985,038;2014;So
10945;1985,038;2014;So
10952;842,895;2014;So
10953;842,895;2014;So
10960;935,46;2014;So
10961;935,46;2014;So
10964;3213,232;2014;So
10965;3213,232;2014;So
10968;1072,787;2014;So
10969;1072,787;2014;So
10972;4807,481;2014;So
10973;4807,481;2014;So
10976;293,167;2014;So
10977;293,167;2014;So
10980;530,238;2014;So
10981;530,238;2014;So
10984;8871,649;2014;So
10985;8871,649;2014;So
10988;2988,243;2014;So
10989;2988,243;2014;So
10992;7769,618;2014;So
10993;7769,618;2014;So
10996;60,51;2014;So
10997;60,51;2014;So
11010;20539,693;2014;So
11021;20539,693;2014;So
11023;13014,837;2014;So
11025;13814,159;2014;So
11027;13814,159;2014;So
11029;18585,919;2014;So
11031;3979,535;2014;So
11037;3881,733;2014;So
11038;3881,733;2014;So
11051;8143,491;2014;So
11129;5722,282;2014;So
11130;133,551;2014;So
11133;126,204;2014;So
11135;5588,731;2014;So
11211;2027,506;2014;So
11213;3354,969;2014;So
11237;1530,335;2014;So
11269;1273,895;2014;So
11270;632,931;2014;So
11274;94,821;2014;So
11278;94,821;2014;So
11282;94,821;2014;So
11286;342,44;2014;So
11289;342,44;2014;So
11290;342,44;2014;So
11294;3110,412;2014;So
11301;13058,01;2014;So
11302;12857,924;2014;So
11309;720,276;2014;So
11413;3120,233;2014;So
11417;3120,233;2014;So
11423;1534,404;2014;So
11424;1540,89;2014;So
11433;2027,506;2014;So
11435;2027,506;2014;So
11441;1326,806;2014;So
11443;1326,806;2014;So
11493;1326,806;2014;So
11509;1326,806;2014;So
11511;1326,806;2014;So
11551;1211,367;2014;So
11553;1211,367;2014;So
11555;1211,367;2014;So
11631;4190,334;2014;So
11709;9437,683;2014;So
11729;4190,277;2014;So
11869;881,308;2014;So
10000;1465,985;2015;Mo-Fr
10004;1235,724;2015;Mo-Fr
10006;1297,062;2015;Mo-Fr
10014;2477,333;2015;Mo-Fr
10026;8036,404;2015;Mo-Fr
10030;7784,311;2015;Mo-Fr
10040;3680,608;2015;Mo-Fr
10042;3524,085;2015;Mo-Fr
10044;3514,867;2015;Mo-Fr
10046;3357,565;2015;Mo-Fr
10050;3352,403;2015;Mo-Fr
10052;4570,645;2015;Mo-Fr
10054;3492,609;2015;Mo-Fr
10056;3325,754;2015;Mo-Fr
10058;2380,827;2015;Mo-Fr
10060;2014,141;2015;Mo-Fr
10062;1851,963;2015;Mo-Fr
10068;502,745;2015;Mo-Fr
10072;2729,757;2015;Mo-Fr
10074;3527,466;2015;Mo-Fr
10076;3726,409;2015;Mo-Fr
10080;1494,516;2015;Mo-Fr
10084;1359,87;2015;Mo-Fr
10086;1331,193;2015;Mo-Fr
10088;1212,802;2015;Mo-Fr
10090;1217,123;2015;Mo-Fr
10092;1080,022;2015;Mo-Fr
10094;1080,759;2015;Mo-Fr
10096;1083,32;2015;Mo-Fr
10098;2056,246;2015;Mo-Fr
10100;2056,246;2015;Mo-Fr
10102;2504,332;2015;Mo-Fr
10104;12398,536;2015;Mo-Fr
10108;2104,71;2015;Mo-Fr
10110;1942,101;2015;Mo-Fr
10114;2687,016;2015;Mo-Fr
10122;1346,194;2015;Mo-Fr
10124;1653,103;2015;Mo-Fr
10126;1562,287;2015;Mo-Fr
10130;1540,352;2015;Mo-Fr
10132;1776,479;2015;Mo-Fr
10134;1888,05;2015;Mo-Fr
10136;2062,693;2015;Mo-Fr
10140;2181,057;2015;Mo-Fr
10142;4608,738;2015;Mo-Fr
10144;5211,369;2015;Mo-Fr
10146;580,05;2015;Mo-Fr
10150;503,981;2015;Mo-Fr
10152;7290,533;2015;Mo-Fr
10160;5578,372;2015;Mo-Fr
10162;6434,199;2015;Mo-Fr
10164;6550,64;2015;Mo-Fr
10166;7281,893;2015;Mo-Fr
10168;8023,284;2015;Mo-Fr
10170;7744,146;2015;Mo-Fr
10172;7417,425;2015;Mo-Fr
10174;6751,08;2015;Mo-Fr
10176;7769,674;2015;Mo-Fr
10180;9079,149;2015;Mo-Fr
10182;10424,088;2015;Mo-Fr
10184;1914,244;2015;Mo-Fr
10188;1851,621;2015;Mo-Fr
10190;1835,773;2015;Mo-Fr
10192;1536,593;2015;Mo-Fr
10194;1450,976;2015;Mo-Fr
10202;2141,969;2015;Mo-Fr
10204;2070,161;2015;Mo-Fr
10206;1840,299;2015;Mo-Fr
10208;1826,835;2015;Mo-Fr
10210;1754,793;2015;Mo-Fr
10212;1362,628;2015;Mo-Fr
10216;8170,115;2015;Mo-Fr
10218;7245,342;2015;Mo-Fr
10220;6943,845;2015;Mo-Fr
10222;6824,603;2015;Mo-Fr
10226;1091,861;2015;Mo-Fr
10228;851,696;2015;Mo-Fr
10230;439,679;2015;Mo-Fr
10232;409,795;2015;Mo-Fr
10234;382,199;2015;Mo-Fr
10236;371,972;2015;Mo-Fr
10238;369,757;2015;Mo-Fr
10242;506,877;2015;Mo-Fr
10244;563,647;2015;Mo-Fr
10246;4639,66;2015;Mo-Fr
10248;4442,918;2015;Mo-Fr
10250;4509,043;2015;Mo-Fr
10254;4907,256;2015;Mo-Fr
10258;784,897;2015;Mo-Fr
10260;783,196;2015;Mo-Fr
10262;850,197;2015;Mo-Fr
10266;829,809;2015;Mo-Fr
10288;354,905;2015;Mo-Fr
10290;350,675;2015;Mo-Fr
10292;381,675;2015;Mo-Fr
10294;369,016;2015;Mo-Fr
10296;350,675;2015;Mo-Fr
10298;350,675;2015;Mo-Fr
10304;10895,096;2015;Mo-Fr
10306;10909,513;2015;Mo-Fr
10312;31946,147;2015;Mo-Fr
10314;32381,707;2015;Mo-Fr
10318;29139,124;2015;Mo-Fr
10352;35252,019;2015;Mo-Fr
10358;15649,217;2015;Mo-Fr
10360;338,897;2015;Mo-Fr
10370;35548,64;2015;Mo-Fr
10376;33804,703;2015;Mo-Fr
10396;3837,294;2015;Mo-Fr
10402;434,396;2015;Mo-Fr
10404;817,252;2015;Mo-Fr
10406;821,769;2015;Mo-Fr
10408;926,076;2015;Mo-Fr
10410;946,07;2015;Mo-Fr
10412;947,544;2015;Mo-Fr
10414;980,762;2015;Mo-Fr
10416;998,53;2015;Mo-Fr
10422;3049,68;2015;Mo-Fr
10424;3926,834;2015;Mo-Fr
10426;2091,73;2015;Mo-Fr
10428;828,824;2015;Mo-Fr
10430;4205,316;2015;Mo-Fr
10432;4622,187;2015;Mo-Fr
10434;797,705;2015;Mo-Fr
10436;790,337;2015;Mo-Fr
10442;796,992;2015;Mo-Fr
10446;9190,949;2015;Mo-Fr
10450;80,763;2015;Mo-Fr
10452;8638,311;2015;Mo-Fr
10454;7110,173;2015;Mo-Fr
10456;2008,734;2015;Mo-Fr
10476;7375,969;2015;Mo-Fr
10478;7374,197;2015;Mo-Fr
10480;5448,856;2015;Mo-Fr
10482;5188,582;2015;Mo-Fr
10484;1352,739;2015;Mo-Fr
10490;3253,713;2015;Mo-Fr
10492;2967,676;2015;Mo-Fr
10494;1662,937;2015;Mo-Fr
10496;2912,707;2015;Mo-Fr
10498;2860,965;2015;Mo-Fr
10500;2748,158;2015;Mo-Fr
10502;2747,705;2015;Mo-Fr
10504;2753,245;2015;Mo-Fr
10506;17378,024;2015;Mo-Fr
10508;17416,155;2015;Mo-Fr
10524;2699,409;2015;Mo-Fr
10528;3731,649;2015;Mo-Fr
10530;2753,568;2015;Mo-Fr
10544;27702,628;2015;Mo-Fr
10545;27702,628;2015;Mo-Fr
10549;8110,28;2015;Mo-Fr
10565;1434,882;2015;Mo-Fr
10569;3310,053;2015;Mo-Fr
10573;1377,052;2015;Mo-Fr
10578;0;2015;Mo-Fr
10687;4825,477;2015;Mo-Fr
10688;1002,313;2015;Mo-Fr
10691;3823,164;2015;Mo-Fr
10698;5225,93;2015;Mo-Fr
10701;3255,67;2015;Mo-Fr
10740;1046,227;2015;Mo-Fr
10760;836,063;2015;Mo-Fr
10762;836,063;2015;Mo-Fr
10764;771,598;2015;Mo-Fr
10766;771,598;2015;Mo-Fr
10768;790,197;2015;Mo-Fr
10770;719,633;2015;Mo-Fr
10772;2148,126;2015;Mo-Fr
10774;2178,828;2015;Mo-Fr
10788;8110,28;2015;Mo-Fr
10789;8110,28;2015;Mo-Fr
10792;8241,893;2015;Mo-Fr
10793;8241,893;2015;Mo-Fr
10796;11454,594;2015;Mo-Fr
10797;11454,594;2015;Mo-Fr
10800;11161,449;2015;Mo-Fr
10801;11161,449;2015;Mo-Fr
10804;10735,813;2015;Mo-Fr
10805;10735,813;2015;Mo-Fr
10808;4975,854;2015;Mo-Fr
10809;4975,854;2015;Mo-Fr
10812;4579,077;2015;Mo-Fr
10816;4579,077;2015;Mo-Fr
10817;4579,077;2015;Mo-Fr
10821;5957,579;2015;Mo-Fr
10824;5957,579;2015;Mo-Fr
10825;5957,579;2015;Mo-Fr
10828;465,314;2015;Mo-Fr
10829;465,314;2015;Mo-Fr
10833;5079,912;2015;Mo-Fr
10836;2804,396;2015;Mo-Fr
10837;2804,396;2015;Mo-Fr
10844;6791,73;2015;Mo-Fr
10845;6791,73;2015;Mo-Fr
10848;1377,052;2015;Mo-Fr
10849;1377,052;2015;Mo-Fr
10853;1702,323;2015;Mo-Fr
10856;11037,462;2015;Mo-Fr
10857;11037,462;2015;Mo-Fr
10861;8269,556;2015;Mo-Fr
10869;2939,849;2015;Mo-Fr
10876;2926,797;2015;Mo-Fr
10877;2926,797;2015;Mo-Fr
10880;1891,297;2015;Mo-Fr
10881;1891,297;2015;Mo-Fr
10885;10006,453;2015;Mo-Fr
10888;10006,453;2015;Mo-Fr
10889;10006,453;2015;Mo-Fr
10892;1292,35;2015;Mo-Fr
10893;1292,35;2015;Mo-Fr
10896;1696,762;2015;Mo-Fr
10897;1696,762;2015;Mo-Fr
10904;10061,772;2015;Mo-Fr
10905;10061,772;2015;Mo-Fr
10908;4589,431;2015;Mo-Fr
10909;4589,431;2015;Mo-Fr
10936;1434,882;2015;Mo-Fr
10937;1434,882;2015;Mo-Fr
10940;3310,053;2015;Mo-Fr
10941;3310,053;2015;Mo-Fr
10944;2008,734;2015;Mo-Fr
10945;2008,734;2015;Mo-Fr
10952;1288,428;2015;Mo-Fr
10953;1288,428;2015;Mo-Fr
10960;927,85;2015;Mo-Fr
10961;927,85;2015;Mo-Fr
10964;3423,04;2015;Mo-Fr
10965;3423,04;2015;Mo-Fr
10968;1320,285;2015;Mo-Fr
10969;1320,285;2015;Mo-Fr
10972;3731,096;2015;Mo-Fr
10973;3731,096;2015;Mo-Fr
10976;381,053;2015;Mo-Fr
10977;381,053;2015;Mo-Fr
10980;1116,928;2015;Mo-Fr
10981;1116,928;2015;Mo-Fr
10984;10061,772;2015;Mo-Fr
10985;10061,772;2015;Mo-Fr
10988;3449,552;2015;Mo-Fr
10989;3449,552;2015;Mo-Fr
10992;7995,353;2015;Mo-Fr
10993;7995,353;2015;Mo-Fr
10996;73,045;2015;Mo-Fr
10997;73,045;2015;Mo-Fr
11010;31200,489;2015;Mo-Fr
11021;31200,489;2015;Mo-Fr
11023;14832,38;2015;Mo-Fr
11025;20036,098;2015;Mo-Fr
11027;20036,098;2015;Mo-Fr
11029;34082,36;2015;Mo-Fr
11031;8220,549;2015;Mo-Fr
11037;7096,283;2015;Mo-Fr
11038;7096,283;2015;Mo-Fr
11051;8269,556;2015;Mo-Fr
11129;7538,232;2015;Mo-Fr
11130;240,106;2015;Mo-Fr
11133;227,8;2015;Mo-Fr
11135;7298,126;2015;Mo-Fr
11211;2975,592;2015;Mo-Fr
11213;5588,29;2015;Mo-Fr
11237;1702,323;2015;Mo-Fr
11269;1643,052;2015;Mo-Fr
11270;790,197;2015;Mo-Fr
11274;108,925;2015;Mo-Fr
11278;108,925;2015;Mo-Fr
11282;108,925;2015;Mo-Fr
11286;440,186;2015;Mo-Fr
11289;440,186;2015;Mo-Fr
11290;440,186;2015;Mo-Fr
11294;5079,912;2015;Mo-Fr
11301;21249,15;2015;Mo-Fr
11302;20598,289;2015;Mo-Fr
11309;998,317;2015;Mo-Fr
11413;5126,878;2015;Mo-Fr
11417;5087,882;2015;Mo-Fr
11419;38,996;2015;Mo-Fr
11423;1712,811;2015;Mo-Fr
11424;1695,71;2015;Mo-Fr
11433;2939,849;2015;Mo-Fr
11435;2975,592;2015;Mo-Fr
11441;2489,744;2015;Mo-Fr
11443;2521,929;2015;Mo-Fr
11493;2331,035;2015;Mo-Fr
11509;2414,869;2015;Mo-Fr
11511;2489,744;2015;Mo-Fr
11551;2039,975;2015;Mo-Fr
11553;2063,653;2015;Mo-Fr
11555;1970,26;2015;Mo-Fr
11631;3972,261;2015;Mo-Fr
11709;10913,647;2015;Mo-Fr
11729;4121,917;2015;Mo-Fr
11869;781,762;2015;Mo-Fr
10000;1439,725;2015;Mo-So
10004;1196,294;2015;Mo-So
10006;1243,52;2015;Mo-So
10014;2390,268;2015;Mo-So
10026;7625,725;2015;Mo-So
10030;7425,532;2015;Mo-So
10040;3504,534;2015;Mo-So
10042;3352,678;2015;Mo-So
10044;3323,501;2015;Mo-So
10046;3179,691;2015;Mo-So
10050;3109,411;2015;Mo-So
10052;4152,226;2015;Mo-So
10054;3222,896;2015;Mo-So
10056;3331,374;2015;Mo-So
10058;2415,562;2015;Mo-So
10060;2044,123;2015;Mo-So
10062;1886,347;2015;Mo-So
10068;541,612;2015;Mo-So
10072;3236,182;2015;Mo-So
10074;4284,302;2015;Mo-So
10076;4579,29;2015;Mo-So
10080;1517,708;2015;Mo-So
10084;1376,59;2015;Mo-So
10086;1350,173;2015;Mo-So
10088;1246,775;2015;Mo-So
10090;1249,171;2015;Mo-So
10092;1151,521;2015;Mo-So
10094;1151,591;2015;Mo-So
10096;1154,086;2015;Mo-So
10098;2236,457;2015;Mo-So
10100;2236,457;2015;Mo-So
10102;2656,662;2015;Mo-So
10104;13802,062;2015;Mo-So
10108;2040,392;2015;Mo-So
10110;1897,862;2015;Mo-So
10114;2368,192;2015;Mo-So
10122;1229,598;2015;Mo-So
10124;1412,263;2015;Mo-So
10126;1341,663;2015;Mo-So
10130;1326,104;2015;Mo-So
10132;1520,23;2015;Mo-So
10134;1622,636;2015;Mo-So
10136;1764,795;2015;Mo-So
10140;1875;2015;Mo-So
10142;3997,267;2015;Mo-So
10144;4478,857;2015;Mo-So
10146;497,956;2015;Mo-So
10150;436,433;2015;Mo-So
10152;6224,541;2015;Mo-So
10160;4811,841;2015;Mo-So
10162;5213,362;2015;Mo-So
10164;5308,677;2015;Mo-So
10166;5899,592;2015;Mo-So
10168;6479,534;2015;Mo-So
10170;6299,189;2015;Mo-So
10172;6319,69;2015;Mo-So
10174;5777,8;2015;Mo-So
10176;6612,666;2015;Mo-So
10180;7756,285;2015;Mo-So
10182;8866,699;2015;Mo-So
10184;1796,562;2015;Mo-So
10188;1744,567;2015;Mo-So
10190;1731,692;2015;Mo-So
10192;1408,838;2015;Mo-So
10194;1329,038;2015;Mo-So
10202;1797,715;2015;Mo-So
10204;1745,301;2015;Mo-So
10206;1560,562;2015;Mo-So
10208;1549,118;2015;Mo-So
10210;1487,175;2015;Mo-So
10212;1152,688;2015;Mo-So
10216;8028,815;2015;Mo-So
10218;7223,3;2015;Mo-So
10220;6982,341;2015;Mo-So
10222;6881,582;2015;Mo-So
10226;946,752;2015;Mo-So
10228;746,032;2015;Mo-So
10230;410,738;2015;Mo-So
10232;384,693;2015;Mo-So
10234;360,029;2015;Mo-So
10236;351,755;2015;Mo-So
10238;346,282;2015;Mo-So
10242;462,338;2015;Mo-So
10244;508,623;2015;Mo-So
10246;4958,613;2015;Mo-So
10248;4823,712;2015;Mo-So
10250;4898,778;2015;Mo-So
10254;5244,54;2015;Mo-So
10258;743,365;2015;Mo-So
10260;743,367;2015;Mo-So
10262;806,504;2015;Mo-So
10266;792,865;2015;Mo-So
10288;354,905;2015;Mo-So
10290;350,675;2015;Mo-So
10292;381,675;2015;Mo-So
10294;369,016;2015;Mo-So
10296;350,675;2015;Mo-So
10298;350,675;2015;Mo-So
10304;9222,742;2015;Mo-So
10306;9269,047;2015;Mo-So
10312;29669,859;2015;Mo-So
10314;30032,368;2015;Mo-So
10318;27364,094;2015;Mo-So
10352;34496,054;2015;Mo-So
10358;15545,892;2015;Mo-So
10360;338,897;2015;Mo-So
10370;34728,489;2015;Mo-So
10376;33235,976;2015;Mo-So
10396;4199,093;2015;Mo-So
10402;443,375;2015;Mo-So
10404;768,909;2015;Mo-So
10406;769,242;2015;Mo-So
10408;853,868;2015;Mo-So
10410;869,42;2015;Mo-So
10412;870,824;2015;Mo-So
10414;905,699;2015;Mo-So
10416;920,96;2015;Mo-So
10422;3101,51;2015;Mo-So
10424;4175,815;2015;Mo-So
10426;2111,201;2015;Mo-So
10428;774,661;2015;Mo-So
10430;4383,035;2015;Mo-So
10432;4701,588;2015;Mo-So
10434;865,556;2015;Mo-So
10436;860,038;2015;Mo-So
10442;864,422;2015;Mo-So
10446;8709,11;2015;Mo-So
10450;74,015;2015;Mo-So
10452;8252,833;2015;Mo-So
10454;7017,997;2015;Mo-So
10456;2035,118;2015;Mo-So
10476;6557,105;2015;Mo-So
10478;6558,813;2015;Mo-So
10480;5035,728;2015;Mo-So
10482;4832,713;2015;Mo-So
10484;1369,488;2015;Mo-So
10490;3314,645;2015;Mo-So
10492;3091,395;2015;Mo-So
10494;1655,799;2015;Mo-So
10496;3046,21;2015;Mo-So
10498;3005,858;2015;Mo-So
10500;2878,709;2015;Mo-So
10502;2878,388;2015;Mo-So
10504;2882,349;2015;Mo-So
10506;18710,392;2015;Mo-So
10508;18744,996;2015;Mo-So
10524;2832,959;2015;Mo-So
10528;3720,957;2015;Mo-So
10530;2882,58;2015;Mo-So
10544;27985,88;2015;Mo-So
10545;27985,88;2015;Mo-So
10549;6930,581;2015;Mo-So
10565;1461,824;2015;Mo-So
10569;3360,545;2015;Mo-So
10573;1402,672;2015;Mo-So
10578;0;2015;Mo-So
10687;5079,583;2015;Mo-So
10688;923,451;2015;Mo-So
10691;4156,132;2015;Mo-So
10698;5092,643;2015;Mo-So
10701;3219,562;2015;Mo-So
10740;914,445;2015;Mo-So
10760;796,831;2015;Mo-So
10762;796,831;2015;Mo-So
10764;730,612;2015;Mo-So
10766;730,612;2015;Mo-So
10768;841,992;2015;Mo-So
10770;771,457;2015;Mo-So
10772;1837,11;2015;Mo-So
10774;1862,797;2015;Mo-So
10788;6930,581;2015;Mo-So
10789;6930,581;2015;Mo-So
10792;8084,953;2015;Mo-So
10793;8084,953;2015;Mo-So
10796;11196,951;2015;Mo-So
10797;11196,951;2015;Mo-So
10800;10945,453;2015;Mo-So
10801;10945,453;2015;Mo-So
10804;10591,62;2015;Mo-So
10805;10591,62;2015;Mo-So
10808;4311,173;2015;Mo-So
10809;4311,173;2015;Mo-So
10812;3970,518;2015;Mo-So
10816;3970,518;2015;Mo-So
10817;3970,518;2015;Mo-So
10821;4831,003;2015;Mo-So
10824;4831,003;2015;Mo-So
10825;4831,003;2015;Mo-So
10828;403,94;2015;Mo-So
10829;403,94;2015;Mo-So
10833;4620,355;2015;Mo-So
10836;2681,608;2015;Mo-So
10837;2681,608;2015;Mo-So
10844;6676,406;2015;Mo-So
10845;6676,406;2015;Mo-So
10848;1402,672;2015;Mo-So
10849;1402,672;2015;Mo-So
10853;1679,197;2015;Mo-So
10856;12483,593;2015;Mo-So
10857;12483,593;2015;Mo-So
10861;7833,216;2015;Mo-So
10869;2802,608;2015;Mo-So
10876;2778,913;2015;Mo-So
10877;2778,913;2015;Mo-So
10880;1777,57;2015;Mo-So
10881;1777,57;2015;Mo-So
10885;9964,993;2015;Mo-So
10888;9964,993;2015;Mo-So
10889;9964,993;2015;Mo-So
10892;1166,415;2015;Mo-So
10893;1166,415;2015;Mo-So
10896;1454,701;2015;Mo-So
10897;1454,701;2015;Mo-So
10904;10004,289;2015;Mo-So
10905;10004,289;2015;Mo-So
10908;4973,514;2015;Mo-So
10909;4973,514;2015;Mo-So
10936;1461,824;2015;Mo-So
10937;1461,824;2015;Mo-So
10940;3360,545;2015;Mo-So
10941;3360,545;2015;Mo-So
10944;2035,118;2015;Mo-So
10945;2035,118;2015;Mo-So
10952;1235,679;2015;Mo-So
10953;1235,679;2015;Mo-So
10960;964,051;2015;Mo-So
10961;964,051;2015;Mo-So
10964;3456,927;2015;Mo-So
10965;3456,927;2015;Mo-So
10968;1300,083;2015;Mo-So
10969;1300,083;2015;Mo-So
10972;4100,021;2015;Mo-So
10973;4100,021;2015;Mo-So
10976;354,051;2015;Mo-So
10977;354,051;2015;Mo-So
10980;969,782;2015;Mo-So
10981;969,782;2015;Mo-So
10984;10004,289;2015;Mo-So
10985;10004,289;2015;Mo-So
10988;3409,905;2015;Mo-So
10989;3409,905;2015;Mo-So
10992;7577,251;2015;Mo-So
10993;7577,251;2015;Mo-So
10996;72,312;2015;Mo-So
10997;72,312;2015;Mo-So
11010;29186,944;2015;Mo-So
11021;29186,944;2015;Mo-So
11023;13956,262;2015;Mo-So
11025;19442,138;2015;Mo-So
11027;19442,138;2015;Mo-So
11029;33533,662;2015;Mo-So
11031;7099,93;2015;Mo-So
11037;6260,337;2015;Mo-So
11038;6260,337;2015;Mo-So
11051;7833,216;2015;Mo-So
11129;7251,804;2015;Mo-So
11130;217,866;2015;Mo-So
11133;207,204;2015;Mo-So
11135;7033,938;2015;Mo-So
11211;2836,276;2015;Mo-So
11213;5306,199;2015;Mo-So
11237;1679,197;2015;Mo-So
11269;1639,761;2015;Mo-So
11270;841,992;2015;Mo-So
11274;133,599;2015;Mo-So
11278;133,599;2015;Mo-So
11282;133,599;2015;Mo-So
11286;465,654;2015;Mo-So
11289;465,654;2015;Mo-So
11290;465,654;2015;Mo-So
11294;4620,355;2015;Mo-So
11301;21857,762;2015;Mo-So
11302;21313,112;2015;Mo-So
11309;937,193;2015;Mo-So
11413;4668,81;2015;Mo-So
11417;4629,814;2015;Mo-So
11419;38,996;2015;Mo-So
11423;1687,257;2015;Mo-So
11424;1679,864;2015;Mo-So
11433;2802,608;2015;Mo-So
11435;2836,276;2015;Mo-So
11441;2358,308;2015;Mo-So
11443;2387,653;2015;Mo-So
11493;2216,782;2015;Mo-So
11509;2291,28;2015;Mo-So
11511;2358,308;2015;Mo-So
11551;1947,903;2015;Mo-So
11553;1957,403;2015;Mo-So
11555;1873,081;2015;Mo-So
11631;4873,895;2015;Mo-So
11709;11802,167;2015;Mo-So
11729;5125,761;2015;Mo-So
11869;853,208;2015;Mo-So
10000;1525,107;2015;Sa
10004;1227,514;2015;Sa
10006;1258,902;2015;Sa
10014;2438,571;2015;Sa
10026;7505,467;2015;Sa
10030;7409,411;2015;Sa
10040;2881,204;2015;Sa
10042;2776,995;2015;Sa
10044;2728,336;2015;Sa
10046;2709,506;2015;Sa
10050;2583,337;2015;Sa
10052;3348,025;2015;Sa
10054;2663,575;2015;Sa
10056;3115,275;2015;Sa
10058;2359,712;2015;Sa
10060;2018,81;2015;Sa
10062;1872,943;2015;Sa
10068;535,771;2015;Sa
10072;2391,042;2015;Sa
10074;3278,565;2015;Sa
10076;3582,746;2015;Sa
10080;1569,996;2015;Sa
10084;1406,588;2015;Sa
10086;1382,942;2015;Sa
10088;1296,173;2015;Sa
10090;1293,05;2015;Sa
10092;1272,487;2015;Sa
10094;1270,602;2015;Sa
10096;1271,315;2015;Sa
10098;2405,975;2015;Sa
10100;2405,975;2015;Sa
10102;3196,017;2015;Sa
10104;11892,197;2015;Sa
10108;1942,483;2015;Sa
10110;1842,612;2015;Sa
10114;1840,915;2015;Sa
10122;1054,069;2015;Sa
10124;979,673;2015;Sa
10126;948,212;2015;Sa
10130;956,635;2015;Sa
10132;1071,327;2015;Sa
10134;1157,673;2015;Sa
10136;1239,096;2015;Sa
10140;1347,769;2015;Sa
10142;2905,546;2015;Sa
10144;3085,771;2015;Sa
10146;383,115;2015;Sa
10150;345,5;2015;Sa
10152;4173,315;2015;Sa
10160;3582,885;2015;Sa
10162;2744,538;2015;Sa
10164;2798,692;2015;Sa
10166;3112,904;2015;Sa
10168;3335,212;2015;Sa
10170;3454,385;2015;Sa
10172;4422;2015;Sa
10174;4146,192;2015;Sa
10176;4620,615;2015;Sa
10180;5636,731;2015;Sa
10182;6326,192;2015;Sa
10184;1713,356;2015;Sa
10188;1685,179;2015;Sa
10190;1679,623;2015;Sa
10192;1239,683;2015;Sa
10194;1152,159;2015;Sa
10202;1124,308;2015;Sa
10204;1118,5;2015;Sa
10206;1028,442;2015;Sa
10208;1018,058;2015;Sa
10210;977,385;2015;Sa
10212;759,019;2015;Sa
10216;8310,396;2015;Sa
10218;7723,683;2015;Sa
10220;7625,798;2015;Sa
10222;7568,721;2015;Sa
10226;684,628;2015;Sa
10228;544,276;2015;Sa
10230;356,463;2015;Sa
10232;338,026;2015;Sa
10234;316,601;2015;Sa
10236;312,547;2015;Sa
10238;301,778;2015;Sa
10242;383,918;2015;Sa
10244;409,63;2015;Sa
10246;6172,367;2015;Sa
10248;6190,587;2015;Sa
10250;6302,423;2015;Sa
10254;6569,248;2015;Sa
10258;720,736;2015;Sa
10260;726,25;2015;Sa
10262;791,376;2015;Sa
10266;797,023;2015;Sa
10304;6474,788;2015;Sa
10306;6589,5;2015;Sa
10312;26922,176;2015;Sa
10314;27141,984;2015;Sa
10318;25591,272;2015;Sa
10352;26636,632;2015;Sa
10358;15271,066;2015;Sa
10370;26740,888;2015;Sa
10376;25709,934;2015;Sa
10396;5438,817;2015;Sa
10402;519,844;2015;Sa
10404;730,998;2015;Sa
10406;717,194;2015;Sa
10408;757,835;2015;Sa
10410;764,017;2015;Sa
10412;765,394;2015;Sa
10414;816,64;2015;Sa
10416;827,852;2015;Sa
10422;3253,437;2015;Sa
10424;5153,388;2015;Sa
10426;2179,573;2015;Sa
10428;716,294;2015;Sa
10430;5197,973;2015;Sa
10432;5296,523;2015;Sa
10434;1169,577;2015;Sa
10436;1167,962;2015;Sa
10442;1167,827;2015;Sa
10446;8346,194;2015;Sa
10450;75,204;2015;Sa
10452;8120,515;2015;Sa
10454;7519,587;2015;Sa
10456;2125,515;2015;Sa
10476;4953,883;2015;Sa
10478;4960,886;2015;Sa
10480;4408,716;2015;Sa
10482;4317,238;2015;Sa
10484;1407,217;2015;Sa
10490;3700,525;2015;Sa
10492;3607,858;2015;Sa
10494;1696,881;2015;Sa
10496;3579,36;2015;Sa
10498;3566,369;2015;Sa
10500;3399,488;2015;Sa
10502;3399,356;2015;Sa
10504;3399,356;2015;Sa
10506;15847,951;2015;Sa
10508;15881,792;2015;Sa
10524;3359,437;2015;Sa
10528;3828,425;2015;Sa
10530;3399,356;2015;Sa
10544;21876,709;2015;Sa
10545;21876,709;2015;Sa
10549;4996,327;2015;Sa
10565;1565,273;2015;Sa
10569;3723,888;2015;Sa
10573;1469,413;2015;Sa
10578;0;2015;Sa
10687;6113,973;2015;Sa
10688;825,075;2015;Sa
10691;5288,898;2015;Sa
10698;5097,054;2015;Sa
10701;3211,246;2015;Sa
10740;694,59;2015;Sa
10760;793,51;2015;Sa
10762;793,51;2015;Sa
10764;706,052;2015;Sa
10766;706,052;2015;Sa
10768;818,868;2015;Sa
10770;753,707;2015;Sa
10772;1286,962;2015;Sa
10774;1313,173;2015;Sa
10788;4996,327;2015;Sa
10789;4996,327;2015;Sa
10792;8331,338;2015;Sa
10793;8331,338;2015;Sa
10796;11591,908;2015;Sa
10797;11591,908;2015;Sa
10800;11413,158;2015;Sa
10801;11413,158;2015;Sa
10804;11200,869;2015;Sa
10805;11200,869;2015;Sa
10808;3288,865;2015;Sa
10809;3288,865;2015;Sa
10812;3069,846;2015;Sa
10816;3069,846;2015;Sa
10817;3069,846;2015;Sa
10821;2543,288;2015;Sa
10824;2543,288;2015;Sa
10825;2543,288;2015;Sa
10828;319,923;2015;Sa
10829;319,923;2015;Sa
10833;3733,66;2015;Sa
10836;2376,475;2015;Sa
10837;2376,475;2015;Sa
10844;5923,745;2015;Sa
10845;5923,745;2015;Sa
10848;1469,413;2015;Sa
10849;1469,413;2015;Sa
10853;1686,152;2015;Sa
10856;11187,207;2015;Sa
10857;11187,207;2015;Sa
10861;7709,878;2015;Sa
10869;2836,15;2015;Sa
10876;2773,812;2015;Sa
10877;2773,812;2015;Sa
10880;1701,51;2015;Sa
10881;1701,51;2015;Sa
10885;10792,679;2015;Sa
10888;10792,679;2015;Sa
10889;10792,679;2015;Sa
10892;956,934;2015;Sa
10893;956,934;2015;Sa
10896;1039,135;2015;Sa
10897;1039,135;2015;Sa
10904;10801,498;2015;Sa
10905;10801,498;2015;Sa
10908;6375,869;2015;Sa
10909;6375,869;2015;Sa
10936;1565,273;2015;Sa
10937;1565,273;2015;Sa
10940;3723,888;2015;Sa
10941;3723,888;2015;Sa
10944;2125,515;2015;Sa
10945;2125,515;2015;Sa
10952;1261,404;2015;Sa
10953;1261,404;2015;Sa
10960;1042,894;2015;Sa
10961;1042,894;2015;Sa
10964;3637,303;2015;Sa
10965;3637,303;2015;Sa
10968;1374,813;2015;Sa
10969;1374,813;2015;Sa
10972;5346,94;2015;Sa
10973;5346,94;2015;Sa
10976;299,569;2015;Sa
10977;299,569;2015;Sa
10980;708,647;2015;Sa
10981;708,647;2015;Sa
10984;10801,498;2015;Sa
10985;10801,498;2015;Sa
10988;3441,302;2015;Sa
10989;3441,302;2015;Sa
10992;7417,156;2015;Sa
10993;7417,156;2015;Sa
10996;75,061;2015;Sa
10997;75,061;2015;Sa
11010;27010,739;2015;Sa
11021;27010,739;2015;Sa
11023;13539,421;2015;Sa
11025;18050,37;2015;Sa
11027;18050,37;2015;Sa
11029;26107,663;2015;Sa
11031;4752,337;2015;Sa
11037;4604,073;2015;Sa
11038;4604,073;2015;Sa
11051;7709,878;2015;Sa
11129;7301,118;2015;Sa
11130;191,653;2015;Sa
11133;183,592;2015;Sa
11135;7109,465;2015;Sa
11211;2891,873;2015;Sa
11213;5455,475;2015;Sa
11237;1686,152;2015;Sa
11269;1567,351;2015;Sa
11270;818,868;2015;Sa
11274;133,804;2015;Sa
11278;133,804;2015;Sa
11282;133,804;2015;Sa
11286;447,508;2015;Sa
11289;447,508;2015;Sa
11290;447,508;2015;Sa
11294;3733,66;2015;Sa
11301;17468,853;2015;Sa
11302;17133,716;2015;Sa
11309;898,345;2015;Sa
11413;3760,602;2015;Sa
11417;3760,602;2015;Sa
11423;1683,575;2015;Sa
11424;1711,121;2015;Sa
11433;2836,15;2015;Sa
11435;2891,873;2015;Sa
11441;2415,992;2015;Sa
11443;2451,61;2015;Sa
11493;2273,18;2015;Sa
11509;2345,913;2015;Sa
11511;2415,992;2015;Sa
11551;2001,035;2015;Sa
11553;1962,887;2015;Sa
11555;1885,808;2015;Sa
11631;3863,784;2015;Sa
11709;10126,169;2015;Sa
11729;4202,424;2015;Sa
11869;1164,25;2015;Sa
10000;1221,883;2015;So
10004;966,748;2015;So
10006;958,925;2015;So
10014;1906,615;2015;So
10026;5692,317;2015;So
10030;5647,273;2015;So
10040;2516,876;2015;So
10042;2447,013;2015;So
10044;2421,635;2015;So
10046;2347,596;2015;So
10050;2144,871;2015;So
10052;2608,91;2015;So
10054;2180,757;2015;So
10056;2648,426;2015;So
10058;1876,148;2015;So
10060;1578,219;2015;So
10062;1461,537;2015;So
10068;411,348;2015;So
10072;2480,852;2015;So
10074;3391,928;2015;So
10076;3590,007;2015;So
10080;1581,825;2015;So
10084;1430,513;2015;So
10086;1412,671;2015;So
10088;1367,898;2015;So
10090;1366,148;2015;So
10092;1389,425;2015;So
10094;1388,1;2015;So
10096;1392,05;2015;So
10098;2967,975;2015;So
10100;2967,975;2015;So
10102;2881,887;2015;So
10104;10288,684;2015;So
10108;1815,469;2015;So
10110;1731,065;2015;So
10114;1295,222;2015;So
10122;819,905;2015;So
10124;636,019;2015;So
10126;627,75;2015;So
10130;620,212;2015;So
10132;682,962;2015;So
10134;755,423;2015;So
10136;795,269;2015;So
10140;866,058;2015;So
10142;1713,346;2015;So
10144;1814,481;2015;So
10146;200,75;2015;So
10150;188,327;2015;So
10152;2411,019;2015;So
10160;2193,404;2015;So
10162;1554,519;2015;So
10164;1584,962;2015;So
10166;1748,192;2015;So
10168;1875,423;2015;So
10170;1891,423;2015;So
10172;2707,596;2015;So
10174;2524,288;2015;So
10176;2797,423;2015;So
10180;3236,077;2015;So
10182;3590,308;2015;So
10184;1289,093;2015;So
10188;1266,625;2015;So
10190;1261,353;2015;So
10192;936,764;2015;So
10194;893,881;2015;So
10202;743,231;2015;So
10204;741,558;2015;So
10206;688,615;2015;So
10208;686,25;2015;So
10210;653,731;2015;So
10212;492,615;2015;So
10216;7038,021;2015;So
10218;6612,286;2015;So
10220;6532,114;2015;So
10222;6480,44;2015;So
10226;480,538;2015;So
10228;417,436;2015;So
10230;319,751;2015;So
10232;305,372;2015;So
10234;292,182;2015;So
10236;289,488;2015;So
10238;272,96;2015;So
10242;317,208;2015;So
10244;331,441;2015;So
10246;5345,755;2015;So
10248;5368,129;2015;So
10250;5451,298;2015;So
10254;5612,736;2015;So
10258;557,539;2015;So
10260;560,574;2015;So
10262;602,328;2015;So
10266;603,276;2015;So
10304;3576,769;2015;So
10306;3714,712;2015;So
10312;20992,325;2015;So
10314;21130,883;2015;So
10318;20227,632;2015;So
10352;19726,447;2015;So
10358;11912,604;2015;So
10370;19764,904;2015;So
10376;19072,786;2015;So
10396;4775,325;2015;So
10402;411,975;2015;So
10404;564,175;2015;So
10406;557,65;2015;So
10408;587,475;2015;So
10410;590,1;2015;So
10412;591,175;2015;So
10414;618;2015;So
10416;624,725;2015;So
10422;3209,707;2015;So
10424;4447,929;2015;So
10426;2140,556;2015;So
10428;561,175;2015;So
10430;4460,11;2015;So
10432;4505,187;2015;So
10434;902,096;2015;So
10436;901,962;2015;So
10442;899,462;2015;So
10446;6653,56;2015;So
10450;39,082;2015;So
10452;6450,348;2015;So
10454;6053,756;2015;So
10456;2077,15;2015;So
10476;3983,539;2015;So
10478;3980,418;2015;So
10480;3609,019;2015;So
10482;3567,701;2015;So
10484;1415,827;2015;So
10490;3234,602;2015;So
10492;3195,906;2015;So
10494;1578,892;2015;So
10496;3183,142;2015;So
10498;3172,6;2015;So
10500;3013,196;2015;So
10502;3013,346;2015;So
10504;3013,346;2015;So
10506;13024,683;2015;So
10508;13042,347;2015;So
10524;2976,8;2015;So
10528;3559,791;2015;So
10530;3013,346;2015;So
10544;16686,019;2015;So
10545;16686,019;2015;So
10549;2943,654;2015;So
10565;1493,608;2015;So
10569;3250,631;2015;So
10573;1464,521;2015;So
10578;0;2015;So
10687;5320,608;2015;So
10688;626;2015;So
10691;4694,608;2015;So
10698;4419,227;2015;So
10701;3046,64;2015;So
10740;472,855;2015;So
10760;603,238;2015;So
10762;603,238;2015;So
10764;549,455;2015;So
10766;549,455;2015;So
10768;662,775;2015;So
10770;604,408;2015;So
10772;826,192;2015;So
10774;826,192;2015;So
10788;2943,654;2015;So
10789;2943,654;2015;So
10792;7050,847;2015;So
10793;7050,847;2015;So
10796;9508,827;2015;So
10797;9508,827;2015;So
10800;9393,615;2015;So
10801;9393,615;2015;So
10804;9258,634;2015;So
10805;9258,634;2015;So
10808;1997,288;2015;So
10809;1997,288;2015;So
10812;1816,692;2015;So
10816;1816,692;2015;So
10817;1816,692;2015;So
10821;1464,173;2015;So
10824;1464,173;2015;So
10825;1464,173;2015;So
10828;179,904;2015;So
10829;179,904;2015;So
10833;2955,129;2015;So
10836;2101,302;2015;So
10837;2101,302;2015;So
10844;5085,592;2015;So
10845;5085,592;2015;So
10848;1464,521;2015;So
10849;1464,521;2015;So
10853;1556,167;2015;So
10856;9829,298;2015;So
10857;9829,298;2015;So
10861;5774,627;2015;So
10869;2082,529;2015;So
10876;2044,011;2015;So
10877;2044,011;2015;So
10880;1282,806;2015;So
10881;1282,806;2015;So
10885;8929,213;2015;So
10888;8929,213;2015;So
10889;8929,213;2015;So
10892;743,801;2015;So
10893;743,801;2015;So
10896;655,308;2015;So
10897;655,308;2015;So
10904;8918,556;2015;So
10905;8918,556;2015;So
10908;5498,966;2015;So
10909;5498,966;2015;So
10936;1493,608;2015;So
10937;1493,608;2015;So
10940;3250,631;2015;So
10941;3250,631;2015;So
10944;2077,15;2015;So
10945;2077,15;2015;So
10952;944,726;2015;So
10953;944,726;2015;So
10960;1066,892;2015;So
10961;1066,892;2015;So
10964;3446,616;2015;So
10965;3446,616;2015;So
10968;1123,455;2015;So
10969;1123,455;2015;So
10972;4704,818;2015;So
10973;4704,818;2015;So
10976;273,005;2015;So
10977;273,005;2015;So
10980;492,358;2015;So
10981;492,358;2015;So
10984;8918,556;2015;So
10985;8918,556;2015;So
10988;3179,515;2015;So
10989;3179,515;2015;So
10992;5647,335;2015;So
10993;5647,335;2015;So
10996;65,898;2015;So
10997;65,898;2015;So
11010;21256,704;2015;So
11021;21256,704;2015;So
11023;9918,308;2015;So
11025;13977,712;2015;So
11027;13977,712;2015;So
11029;19370,956;2015;So
11031;3845,548;2015;So
11037;3737,512;2015;So
11038;3737,512;2015;So
11051;5774,627;2015;So
11129;5765,263;2015;So
11130;132,878;2015;So
11133;127,837;2015;So
11135;5632,385;2015;So
11211;2083,786;2015;So
11213;3743,448;2015;So
11237;1556,167;2015;So
11269;1233,34;2015;So
11270;662,775;2015;So
11274;105,074;2015;So
11278;105,074;2015;So
11282;105,074;2015;So
11286;351,822;2015;So
11289;351,822;2015;So
11290;351,822;2015;So
11294;2955,129;2015;So
11301;14065,818;2015;So
11302;13844,761;2015;So
11309;669,246;2015;So
11413;2960,794;2015;So
11417;2960,794;2015;So
11423;1562,679;2015;So
11424;1569,073;2015;So
11433;2082,529;2015;So
11435;2083,786;2015;So
11441;1640,913;2015;So
11443;1649,731;2015;So
11493;1586,915;2015;So
11509;1616,327;2015;So
11511;1640,913;2015;So
11551;1432,641;2015;So
11553;1418,629;2015;So
11555;1372,587;2015;So
11631;3761,129;2015;So
11709;8939,489;2015;So
11729;3853,897;2015;So
11869;900,769;2015;So
10000;1313,357;2016;Mo-Fr
10004;1086,045;2016;Mo-Fr
10006;1181,93;2016;Mo-Fr
10014;2399,084;2016;Mo-Fr
10026;8295,037;2016;Mo-Fr
10030;8055,46;2016;Mo-Fr
10040;3766,29;2016;Mo-Fr
10042;3631,981;2016;Mo-Fr
10044;3683,319;2016;Mo-Fr
10046;3452,889;2016;Mo-Fr
10050;3431,129;2016;Mo-Fr
10052;4584,836;2016;Mo-Fr
10054;3562,495;2016;Mo-Fr
10056;3365,147;2016;Mo-Fr
10058;2432,474;2016;Mo-Fr
10060;2028,081;2016;Mo-Fr
10062;1855,804;2016;Mo-Fr
10068;522,448;2016;Mo-Fr
10072;1704,662;2016;Mo-Fr
10074;2460,941;2016;Mo-Fr
10076;2670,145;2016;Mo-Fr
10080;1537,574;2016;Mo-Fr
10084;1371,707;2016;Mo-Fr
10086;1348,363;2016;Mo-Fr
10088;1240,675;2016;Mo-Fr
10090;1244,311;2016;Mo-Fr
10092;1089,928;2016;Mo-Fr
10094;1090,843;2016;Mo-Fr
10096;1088,021;2016;Mo-Fr
10098;5,061;2016;Mo-Fr
10100;5,061;2016;Mo-Fr
10102;2810,299;2016;Mo-Fr
10104;14313,026;2016;Mo-Fr
10108;2173,551;2016;Mo-Fr
10110;2042,003;2016;Mo-Fr
10114;2804,747;2016;Mo-Fr
10122;1393,367;2016;Mo-Fr
10124;1720,831;2016;Mo-Fr
10126;1609,119;2016;Mo-Fr
10130;1592,195;2016;Mo-Fr
10132;1843,716;2016;Mo-Fr
10134;1970,364;2016;Mo-Fr
10136;2118,077;2016;Mo-Fr
10140;2259,257;2016;Mo-Fr
10142;4685,023;2016;Mo-Fr
10144;5297,138;2016;Mo-Fr
10146;600,257;2016;Mo-Fr
10150;522,506;2016;Mo-Fr
10152;7491,006;2016;Mo-Fr
10160;5759,852;2016;Mo-Fr
10162;6490,299;2016;Mo-Fr
10164;6620,241;2016;Mo-Fr
10166;7370,146;2016;Mo-Fr
10168;8264,636;2016;Mo-Fr
10170;7974,609;2016;Mo-Fr
10172;7612,382;2016;Mo-Fr
10174;6951,725;2016;Mo-Fr
10176;7930,08;2016;Mo-Fr
10180;9366,783;2016;Mo-Fr
10182;11387,814;2016;Mo-Fr
10184;1999,26;2016;Mo-Fr
10188;1944,378;2016;Mo-Fr
10190;1922,055;2016;Mo-Fr
10192;1577,181;2016;Mo-Fr
10194;1476,818;2016;Mo-Fr
10202;2242,762;2016;Mo-Fr
10204;2161,95;2016;Mo-Fr
10206;1962,927;2016;Mo-Fr
10208;1954,759;2016;Mo-Fr
10210;1876,87;2016;Mo-Fr
10212;1406,716;2016;Mo-Fr
10216;7997,522;2016;Mo-Fr
10218;7063,713;2016;Mo-Fr
10220;6810,422;2016;Mo-Fr
10222;6671,272;2016;Mo-Fr
10226;1118,042;2016;Mo-Fr
10228;868,409;2016;Mo-Fr
10230;440,227;2016;Mo-Fr
10232;414,874;2016;Mo-Fr
10234;381,277;2016;Mo-Fr
10236;370,48;2016;Mo-Fr
10238;349,823;2016;Mo-Fr
10242;495,311;2016;Mo-Fr
10244;573,119;2016;Mo-Fr
10246;4506,455;2016;Mo-Fr
10248;4367,72;2016;Mo-Fr
10250;4411,552;2016;Mo-Fr
10254;4714,825;2016;Mo-Fr
10258;786,135;2016;Mo-Fr
10260;789,763;2016;Mo-Fr
10262;882,96;2016;Mo-Fr
10266;869,452;2016;Mo-Fr
10288;378,183;2016;Mo-Fr
10290;367,675;2016;Mo-Fr
10292;402,654;2016;Mo-Fr
10294;384,013;2016;Mo-Fr
10296;367,675;2016;Mo-Fr
10298;367,675;2016;Mo-Fr
10304;11889,654;2016;Mo-Fr
10306;11916,513;2016;Mo-Fr
10312;32943,832;2016;Mo-Fr
10314;33417,15;2016;Mo-Fr
10318;29785,602;2016;Mo-Fr
10352;36454,221;2016;Mo-Fr
10358;16659,608;2016;Mo-Fr
10360;351,463;2016;Mo-Fr
10370;36795,873;2016;Mo-Fr
10376;35229,711;2016;Mo-Fr
10396;3658,357;2016;Mo-Fr
10402;473,624;2016;Mo-Fr
10404;883,155;2016;Mo-Fr
10406;873,989;2016;Mo-Fr
10408;968,193;2016;Mo-Fr
10410;981,801;2016;Mo-Fr
10412;979,464;2016;Mo-Fr
10414;1022,532;2016;Mo-Fr
10416;1036,638;2016;Mo-Fr
10422;2933,737;2016;Mo-Fr
10424;3801,414;2016;Mo-Fr
10426;1996,957;2016;Mo-Fr
10428;886,547;2016;Mo-Fr
10430;4083,064;2016;Mo-Fr
10432;4441,252;2016;Mo-Fr
10434;807,487;2016;Mo-Fr
10436;800,157;2016;Mo-Fr
10442;806,031;2016;Mo-Fr
10446;8704,27;2016;Mo-Fr
10450;73,943;2016;Mo-Fr
10452;8191,028;2016;Mo-Fr
10454;6913,106;2016;Mo-Fr
10456;1910,767;2016;Mo-Fr
10476;8105,87;2016;Mo-Fr
10478;8103,57;2016;Mo-Fr
10480;5907,335;2016;Mo-Fr
10482;5666,852;2016;Mo-Fr
10484;1439,509;2016;Mo-Fr
10490;3522,338;2016;Mo-Fr
10492;3223,715;2016;Mo-Fr
10494;1720,279;2016;Mo-Fr
10496;3162,717;2016;Mo-Fr
10498;3127,367;2016;Mo-Fr
10500;3075,784;2016;Mo-Fr
10502;3079,957;2016;Mo-Fr
10504;3084,648;2016;Mo-Fr
10506;19377,66;2016;Mo-Fr
10508;19435,116;2016;Mo-Fr
10524;3047,692;2016;Mo-Fr
10528;3709,428;2016;Mo-Fr
10530;3083,569;2016;Mo-Fr
10544;29496,296;2016;Mo-Fr
10545;29496,296;2016;Mo-Fr
10549;8274,606;2016;Mo-Fr
10565;1489,537;2016;Mo-Fr
10569;3600,324;2016;Mo-Fr
10573;1385,654;2016;Mo-Fr
10687;4654,321;2016;Mo-Fr
10688;1037,403;2016;Mo-Fr
10691;3616,918;2016;Mo-Fr
10698;5283,718;2016;Mo-Fr
10701;3324,477;2016;Mo-Fr
10740;1092,727;2016;Mo-Fr
10760;872,503;2016;Mo-Fr
10762;872,503;2016;Mo-Fr
10764;774,319;2016;Mo-Fr
10766;774,319;2016;Mo-Fr
10768;775,564;2016;Mo-Fr
10770;719,84;2016;Mo-Fr
10772;2200,724;2016;Mo-Fr
10774;2239,636;2016;Mo-Fr
10788;8274,606;2016;Mo-Fr
10789;8274,606;2016;Mo-Fr
10792;8100,108;2016;Mo-Fr
10793;8100,108;2016;Mo-Fr
10796;11880,992;2016;Mo-Fr
10797;11880,992;2016;Mo-Fr
10800;11552,951;2016;Mo-Fr
10801;11552,951;2016;Mo-Fr
10804;11108,304;2016;Mo-Fr
10805;11108,304;2016;Mo-Fr
10808;5162,253;2016;Mo-Fr
10809;5162,253;2016;Mo-Fr
10812;4715,642;2016;Mo-Fr
10816;4715,642;2016;Mo-Fr
10817;4715,642;2016;Mo-Fr
10821;6014,54;2016;Mo-Fr
10824;6014,54;2016;Mo-Fr
10825;6014,54;2016;Mo-Fr
10828;477,226;2016;Mo-Fr
10829;477,226;2016;Mo-Fr
10833;5093,65;2016;Mo-Fr
10836;2805,101;2016;Mo-Fr
10837;2805,101;2016;Mo-Fr
10844;6989,66;2016;Mo-Fr
10845;6989,66;2016;Mo-Fr
10848;1385,654;2016;Mo-Fr
10849;1385,654;2016;Mo-Fr
10853;1862,687;2016;Mo-Fr
10856;12748,561;2016;Mo-Fr
10857;12748,561;2016;Mo-Fr
10861;8432,493;2016;Mo-Fr
10869;2853,514;2016;Mo-Fr
10876;2860,054;2016;Mo-Fr
10877;2860,054;2016;Mo-Fr
10880;1979,226;2016;Mo-Fr
10881;1979,226;2016;Mo-Fr
10885;10401,047;2016;Mo-Fr
10888;10401,047;2016;Mo-Fr
10889;10401,047;2016;Mo-Fr
10892;1362,91;2016;Mo-Fr
10893;1362,91;2016;Mo-Fr
10896;1767,743;2016;Mo-Fr
10897;1767,743;2016;Mo-Fr
10904;10485,826;2016;Mo-Fr
10905;10485,826;2016;Mo-Fr
10908;4455,171;2016;Mo-Fr
10909;4455,171;2016;Mo-Fr
10936;1489,537;2016;Mo-Fr
10937;1489,537;2016;Mo-Fr
10940;3600,324;2016;Mo-Fr
10941;3600,324;2016;Mo-Fr
10944;1910,767;2016;Mo-Fr
10945;1910,767;2016;Mo-Fr
10952;1175,554;2016;Mo-Fr
10953;1175,554;2016;Mo-Fr
10960;899,391;2016;Mo-Fr
10961;899,391;2016;Mo-Fr
10964;3372,138;2016;Mo-Fr
10965;3372,138;2016;Mo-Fr
10968;1182,03;2016;Mo-Fr
10969;1182,03;2016;Mo-Fr
10972;3530,62;2016;Mo-Fr
10973;3530,62;2016;Mo-Fr
10976;358,3;2016;Mo-Fr
10977;358,3;2016;Mo-Fr
10980;1160,37;2016;Mo-Fr
10981;1160,37;2016;Mo-Fr
10984;10485,826;2016;Mo-Fr
10985;10485,826;2016;Mo-Fr
10988;3619,437;2016;Mo-Fr
10989;3619,437;2016;Mo-Fr
10992;8242,984;2016;Mo-Fr
10993;8242,984;2016;Mo-Fr
10996;73,582;2016;Mo-Fr
10997;73,582;2016;Mo-Fr
11010;32869,789;2016;Mo-Fr
11021;32869,789;2016;Mo-Fr
11023;15060,305;2016;Mo-Fr
11025;21566,137;2016;Mo-Fr
11027;21566,137;2016;Mo-Fr
11029;34980,47;2016;Mo-Fr
11031;9156,409;2016;Mo-Fr
11037;7797,799;2016;Mo-Fr
11038;7797,799;2016;Mo-Fr
11051;8432,493;2016;Mo-Fr
11129;7271,394;2016;Mo-Fr
11130;256,728;2016;Mo-Fr
11133;238,935;2016;Mo-Fr
11135;7014,666;2016;Mo-Fr
11211;2899,587;2016;Mo-Fr
11213;5647,192;2016;Mo-Fr
11237;1862,687;2016;Mo-Fr
11269;1591,91;2016;Mo-Fr
11270;775,564;2016;Mo-Fr
11274;122,298;2016;Mo-Fr
11278;122,298;2016;Mo-Fr
11282;122,298;2016;Mo-Fr
11286;455,674;2016;Mo-Fr
11289;455,674;2016;Mo-Fr
11290;455,674;2016;Mo-Fr
11294;5093,65;2016;Mo-Fr
11301;23132,871;2016;Mo-Fr
11302;22506,419;2016;Mo-Fr
11309;873,912;2016;Mo-Fr
11413;5132,258;2016;Mo-Fr
11417;5103,295;2016;Mo-Fr
11419;28,963;2016;Mo-Fr
11423;1870,97;2016;Mo-Fr
11424;1866,295;2016;Mo-Fr
11433;2853,514;2016;Mo-Fr
11435;2899,587;2016;Mo-Fr
11441;2567,63;2016;Mo-Fr
11443;2616,828;2016;Mo-Fr
11493;2388,896;2016;Mo-Fr
11509;2494,689;2016;Mo-Fr
11511;2567,63;2016;Mo-Fr
11551;2065,307;2016;Mo-Fr
11553;2081,906;2016;Mo-Fr
11555;1959,241;2016;Mo-Fr
11631;2981,79;2016;Mo-Fr
11709;10148,1;2016;Mo-Fr
11729;3158,44;2016;Mo-Fr
11869;793,165;2016;Mo-Fr
10000;1311,172;2016;Mo-So
10004;1060,803;2016;Mo-So
10006;1133,473;2016;Mo-So
10014;2330,755;2016;Mo-So
10026;7898,414;2016;Mo-So
10030;7702,966;2016;Mo-So
10040;3512,491;2016;Mo-So
10042;3392,164;2016;Mo-So
10044;3419,331;2016;Mo-So
10046;3215,012;2016;Mo-So
10050;3157,697;2016;Mo-So
10052;4156,221;2016;Mo-So
10054;3267,082;2016;Mo-So
10056;3344,599;2016;Mo-So
10058;2438,912;2016;Mo-So
10060;2038,144;2016;Mo-So
10062;1868,617;2016;Mo-So
10068;532,724;2016;Mo-So
10072;2715,065;2016;Mo-So
10074;3755,984;2016;Mo-So
10076;4039,25;2016;Mo-So
10080;1551,364;2016;Mo-So
10084;1394;2016;Mo-So
10086;1371,823;2016;Mo-So
10088;1273,119;2016;Mo-So
10090;1275,44;2016;Mo-So
10092;1147,353;2016;Mo-So
10094;1147,782;2016;Mo-So
10096;1145,12;2016;Mo-So
10098;4,584;2016;Mo-So
10100;4,584;2016;Mo-So
10102;2933,279;2016;Mo-So
10104;13304,395;2016;Mo-So
10108;2150,28;2016;Mo-So
10110;2031,978;2016;Mo-So
10114;2469,81;2016;Mo-So
10122;1270,167;2016;Mo-So
10124;1472,038;2016;Mo-So
10126;1386,639;2016;Mo-So
10130;1376,743;2016;Mo-So
10132;1586,746;2016;Mo-So
10134;1698,765;2016;Mo-So
10136;1824,219;2016;Mo-So
10140;1952,973;2016;Mo-So
10142;4070,485;2016;Mo-So
10144;4557,574;2016;Mo-So
10146;513,844;2016;Mo-So
10150;451,5;2016;Mo-So
10152;6401,109;2016;Mo-So
10160;4999,119;2016;Mo-So
10162;5297,016;2016;Mo-So
10164;5401,995;2016;Mo-So
10166;6010,522;2016;Mo-So
10168;6721,544;2016;Mo-So
10170;6540,145;2016;Mo-So
10172;6540,845;2016;Mo-So
10174;5989,99;2016;Mo-So
10176;6816,093;2016;Mo-So
10180;8091,879;2016;Mo-So
10182;9825,127;2016;Mo-So
10184;1875,48;2016;Mo-So
10188;1826,384;2016;Mo-So
10190;1807,506;2016;Mo-So
10192;1448,805;2016;Mo-So
10194;1354,428;2016;Mo-So
10202;1880,773;2016;Mo-So
10204;1816,339;2016;Mo-So
10206;1652,585;2016;Mo-So
10208;1645,325;2016;Mo-So
10210;1580,664;2016;Mo-So
10212;1183,65;2016;Mo-So
10216;7820,524;2016;Mo-So
10218;7013,958;2016;Mo-So
10220;6810,437;2016;Mo-So
10222;6690,423;2016;Mo-So
10226;977,24;2016;Mo-So
10228;766,825;2016;Mo-So
10230;414,428;2016;Mo-So
10232;392,667;2016;Mo-So
10234;364,315;2016;Mo-So
10236;355,477;2016;Mo-So
10238;336,837;2016;Mo-So
10242;463,251;2016;Mo-So
10244;529,041;2016;Mo-So
10246;4831,988;2016;Mo-So
10248;4729,671;2016;Mo-So
10250;4785,075;2016;Mo-So
10254;5059,488;2016;Mo-So
10258;758,349;2016;Mo-So
10260;763,685;2016;Mo-So
10262;848,078;2016;Mo-So
10266;840,108;2016;Mo-So
10288;378,183;2016;Mo-So
10290;367,675;2016;Mo-So
10292;402,654;2016;Mo-So
10294;384,013;2016;Mo-So
10296;367,675;2016;Mo-So
10298;367,675;2016;Mo-So
10304;10213,379;2016;Mo-So
10306;10262,403;2016;Mo-So
10312;30345,469;2016;Mo-So
10314;30744,503;2016;Mo-So
10318;27749,429;2016;Mo-So
10352;32769,974;2016;Mo-So
10358;15863,026;2016;Mo-So
10360;351,463;2016;Mo-So
10370;33032,957;2016;Mo-So
10376;31658,868;2016;Mo-So
10396;3980,755;2016;Mo-So
10402;472,467;2016;Mo-So
10404;827,152;2016;Mo-So
10406;817,968;2016;Mo-So
10408;893,397;2016;Mo-So
10410;904,41;2016;Mo-So
10412;902,998;2016;Mo-So
10414;949,52;2016;Mo-So
10416;960,86;2016;Mo-So
10422;3079,082;2016;Mo-So
10424;3977,443;2016;Mo-So
10426;2116,793;2016;Mo-So
10428;827,594;2016;Mo-So
10430;4169,862;2016;Mo-So
10432;4441,736;2016;Mo-So
10434;864,59;2016;Mo-So
10436;858,975;2016;Mo-So
10442;862,134;2016;Mo-So
10446;8210,079;2016;Mo-So
10450;78,986;2016;Mo-So
10452;7783,11;2016;Mo-So
10454;6728,306;2016;Mo-So
10456;2026,897;2016;Mo-So
10476;7242,914;2016;Mo-So
10478;7240,019;2016;Mo-So
10480;5490,257;2016;Mo-So
10482;5289,488;2016;Mo-So
10484;1485,185;2016;Mo-So
10490;3562,922;2016;Mo-So
10492;3332,801;2016;Mo-So
10494;1741,645;2016;Mo-So
10496;3282,389;2016;Mo-So
10498;3249,667;2016;Mo-So
10500;3176,347;2016;Mo-So
10502;3179,323;2016;Mo-So
10504;3182,668;2016;Mo-So
10506;17842,5;2016;Mo-So
10508;17894,467;2016;Mo-So
10524;3143,397;2016;Mo-So
10528;3820,014;2016;Mo-So
10530;3181,906;2016;Mo-So
10544;26574,141;2016;Mo-So
10545;26574,141;2016;Mo-So
10549;7145,325;2016;Mo-So
10565;1543,436;2016;Mo-So
10569;3623,046;2016;Mo-So
10573;1412,506;2016;Mo-So
10687;4883,431;2016;Mo-So
10688;961,323;2016;Mo-So
10691;3922,108;2016;Mo-So
10698;5231,361;2016;Mo-So
10701;3399,654;2016;Mo-So
10740;962,175;2016;Mo-So
10760;841,852;2016;Mo-So
10762;841,852;2016;Mo-So
10764;746,008;2016;Mo-So
10766;746,008;2016;Mo-So
10768;802,177;2016;Mo-So
10770;733,675;2016;Mo-So
10772;1892,158;2016;Mo-So
10774;1925,992;2016;Mo-So
10788;7145,325;2016;Mo-So
10789;7145,325;2016;Mo-So
10792;7900,767;2016;Mo-So
10793;7900,767;2016;Mo-So
10796;11621,778;2016;Mo-So
10797;11621,778;2016;Mo-So
10800;11340,199;2016;Mo-So
10801;11340,199;2016;Mo-So
10804;10962,207;2016;Mo-So
10805;10962,207;2016;Mo-So
10808;4489,75;2016;Mo-So
10809;4489,75;2016;Mo-So
10812;4106,863;2016;Mo-So
10816;4106,863;2016;Mo-So
10817;4106,863;2016;Mo-So
10821;4915,669;2016;Mo-So
10824;4915,669;2016;Mo-So
10825;4915,669;2016;Mo-So
10828;411,779;2016;Mo-So
10829;411,779;2016;Mo-So
10833;4637,031;2016;Mo-So
10836;2657,492;2016;Mo-So
10837;2657,492;2016;Mo-So
10844;6746,7;2016;Mo-So
10845;6746,7;2016;Mo-So
10848;1412,506;2016;Mo-So
10849;1412,506;2016;Mo-So
10853;1866,412;2016;Mo-So
10856;11947,324;2016;Mo-So
10857;11947,324;2016;Mo-So
10861;8029,108;2016;Mo-So
10869;2746,75;2016;Mo-So
10876;2745,962;2016;Mo-So
10877;2745,962;2016;Mo-So
10880;1858,445;2016;Mo-So
10881;1858,445;2016;Mo-So
10885;10362,741;2016;Mo-So
10888;10362,741;2016;Mo-So
10889;10362,741;2016;Mo-So
10892;1229,478;2016;Mo-So
10893;1229,478;2016;Mo-So
10896;1515,678;2016;Mo-So
10897;1515,678;2016;Mo-So
10904;10431,026;2016;Mo-So
10905;10431,026;2016;Mo-So
10908;4837,13;2016;Mo-So
10909;4837,13;2016;Mo-So
10936;1543,436;2016;Mo-So
10937;1543,436;2016;Mo-So
10940;3623,046;2016;Mo-So
10941;3623,046;2016;Mo-So
10944;2026,897;2016;Mo-So
10945;2026,897;2016;Mo-So
10952;1131,136;2016;Mo-So
10953;1131,136;2016;Mo-So
10960;925,671;2016;Mo-So
10961;925,671;2016;Mo-So
10964;3528,219;2016;Mo-So
10965;3528,219;2016;Mo-So
10968;1183,596;2016;Mo-So
10969;1183,596;2016;Mo-So
10972;3860,35;2016;Mo-So
10973;3860,35;2016;Mo-So
10976;342,736;2016;Mo-So
10977;342,736;2016;Mo-So
10980;1015,186;2016;Mo-So
10981;1015,186;2016;Mo-So
10984;10431,026;2016;Mo-So
10985;10431,026;2016;Mo-So
10988;3684,259;2016;Mo-So
10989;3684,259;2016;Mo-So
10992;7836,894;2016;Mo-So
10993;7836,894;2016;Mo-So
10996;78,716;2016;Mo-So
10997;78,716;2016;Mo-So
11010;30465,132;2016;Mo-So
11021;30465,132;2016;Mo-So
11023;13932,023;2016;Mo-So
11025;20106,884;2016;Mo-So
11027;20106,884;2016;Mo-So
11029;31541,207;2016;Mo-So
11031;7881,73;2016;Mo-So
11037;6856,94;2016;Mo-So
11038;6856,94;2016;Mo-So
11051;8029,108;2016;Mo-So
11129;6911,825;2016;Mo-So
11130;219,787;2016;Mo-So
11133;205,866;2016;Mo-So
11135;6692,038;2016;Mo-So
11211;2791,362;2016;Mo-So
11213;5334,858;2016;Mo-So
11237;1866,412;2016;Mo-So
11269;1577,837;2016;Mo-So
11270;802,177;2016;Mo-So
11274;130,476;2016;Mo-So
11278;130,476;2016;Mo-So
11282;130,476;2016;Mo-So
11286;458,277;2016;Mo-So
11289;458,277;2016;Mo-So
11290;458,277;2016;Mo-So
11294;4637,031;2016;Mo-So
11301;20900,829;2016;Mo-So
11302;20383,806;2016;Mo-So
11309;839,02;2016;Mo-So
11413;4677,07;2016;Mo-So
11417;4648,107;2016;Mo-So
11419;28,963;2016;Mo-So
11423;1873,589;2016;Mo-So
11424;1884,17;2016;Mo-So
11433;2746,75;2016;Mo-So
11435;2791,362;2016;Mo-So
11441;2376,787;2016;Mo-So
11443;2420,887;2016;Mo-So
11493;2219,861;2016;Mo-So
11509;2312,119;2016;Mo-So
11511;2376,787;2016;Mo-So
11551;1932,877;2016;Mo-So
11553;1939,657;2016;Mo-So
11555;1831,707;2016;Mo-So
11631;4405,442;2016;Mo-So
11709;11348,424;2016;Mo-So
11729;4601,724;2016;Mo-So
11869;853,377;2016;Mo-So
10000;1437,381;2016;Sa
10004;1115,402;2016;Sa
10006;1149,426;2016;Sa
10014;2305,155;2016;Sa
10026;7660,689;2016;Sa
10030;7508,025;2016;Sa
10040;3082,718;2016;Sa
10042;2967,896;2016;Sa
10044;2931,451;2016;Sa
10046;2794,734;2016;Sa
10050;2708,617;2016;Sa
10052;3498,868;2016;Sa
10054;2787,817;2016;Sa
10056;3276,945;2016;Sa
10058;2474,932;2016;Sa
10060;2090,716;2016;Sa
10062;1918,905;2016;Sa
10068;514,821;2016;Sa
10072;2510,093;2016;Sa
10074;3409,498;2016;Sa
10076;3682,122;2016;Sa
10080;1635,375;2016;Sa
10084;1492,721;2016;Sa
10086;1468,904;2016;Sa
10088;1371,043;2016;Sa
10090;1369,806;2016;Sa
10092;1305,934;2016;Sa
10094;1304,93;2016;Sa
10096;1302,8;2016;Sa
10098;3,786;2016;Sa
10100;3,786;2016;Sa
10102;3275,387;2016;Sa
10104;11206,288;2016;Sa
10108;2068,649;2016;Sa
10110;1989,283;2016;Sa
10114;2003,151;2016;Sa
10122;1119,782;2016;Sa
10124;1085;2016;Sa
10126;1048,83;2016;Sa
10130;1056,113;2016;Sa
10132;1172,415;2016;Sa
10134;1238,83;2016;Sa
10136;1331,472;2016;Sa
10140;1461,566;2016;Sa
10142;2980,419;2016;Sa
10144;3184,938;2016;Sa
10146;385,736;2016;Sa
10150;346,434;2016;Sa
10152;4369,842;2016;Sa
10160;3861,458;2016;Sa
10162;3023,509;2016;Sa
10164;3081,755;2016;Sa
10166;3442,377;2016;Sa
10168;3769,679;2016;Sa
10170;3912,679;2016;Sa
10172;4799,387;2016;Sa
10174;4457,591;2016;Sa
10176;5022,97;2016;Sa
10180;6213,249;2016;Sa
10182;7505,998;2016;Sa
10184;1830,495;2016;Sa
10188;1797,292;2016;Sa
10190;1785,44;2016;Sa
10192;1323,015;2016;Sa
10194;1216,38;2016;Sa
10202;1212,151;2016;Sa
10204;1175,245;2016;Sa
10206;1071,906;2016;Sa
10208;1066,17;2016;Sa
10210;1026,868;2016;Sa
10212;764,321;2016;Sa
10216;7875,066;2016;Sa
10218;7291,181;2016;Sa
10220;7205,993;2016;Sa
10222;7126,276;2016;Sa
10226;759,2;2016;Sa
10228;596,602;2016;Sa
10230;373,612;2016;Sa
10232;358,104;2016;Sa
10234;338,34;2016;Sa
10236;331,826;2016;Sa
10238;316,254;2016;Sa
10242;416,02;2016;Sa
10244;467,608;2016;Sa
10246;5917,422;2016;Sa
10248;5883,474;2016;Sa
10250;5993,196;2016;Sa
10254;6245,142;2016;Sa
10258;790,884;2016;Sa
10260;806,349;2016;Sa
10262;879,528;2016;Sa
10266;888,167;2016;Sa
10304;7654,283;2016;Sa
10306;7798,351;2016;Sa
10312;26435,801;2016;Sa
10314;26704,046;2016;Sa
10318;24972,31;2016;Sa
10352;26693,615;2016;Sa
10358;15157,548;2016;Sa
10370;26817,69;2016;Sa
10376;25810,717;2016;Sa
10396;4949,828;2016;Sa
10402;515,406;2016;Sa
10404;788,523;2016;Sa
10406;776,177;2016;Sa
10408;810,055;2016;Sa
10410;815,725;2016;Sa
10412;816,902;2016;Sa
10414;882,355;2016;Sa
10416;886,868;2016;Sa
10422;3440,662;2016;Sa
10424;4608,377;2016;Sa
10426;2425,187;2016;Sa
10428;778,457;2016;Sa
10430;4596,268;2016;Sa
10432;4668,613;2016;Sa
10434;1137,906;2016;Sa
10436;1135,736;2016;Sa
10442;1132,774;2016;Sa
10446;7753,321;2016;Sa
10450;109,189;2016;Sa
10452;7513,872;2016;Sa
10454;6938,004;2016;Sa
10456;2334,719;2016;Sa
10476;5230,472;2016;Sa
10478;5227,736;2016;Sa
10480;4555,573;2016;Sa
10482;4453,076;2016;Sa
10484;1577,902;2016;Sa
10490;3715,728;2016;Sa
10492;3627,857;2016;Sa
10494;1846,977;2016;Sa
10496;3598,053;2016;Sa
10498;3563,487;2016;Sa
10500;3493,24;2016;Sa
10502;3493,24;2016;Sa
10504;3493,24;2016;Sa
10506;15168,022;2016;Sa
10508;15219,731;2016;Sa
10524;3442,336;2016;Sa
10528;4148,817;2016;Sa
10530;3493,24;2016;Sa
10544;21621,966;2016;Sa
10545;21621,966;2016;Sa
10549;5420,883;2016;Sa
10565;1696,091;2016;Sa
10569;3733,292;2016;Sa
10573;1531,868;2016;Sa
10687;5721,477;2016;Sa
10688;892,045;2016;Sa
10691;4829,432;2016;Sa
10698;5321,232;2016;Sa
10701;3668,46;2016;Sa
10740;777,624;2016;Sa
10760;883,994;2016;Sa
10762;883,994;2016;Sa
10764;770,683;2016;Sa
10766;770,683;2016;Sa
10768;809,65;2016;Sa
10770;728,451;2016;Sa
10772;1372,887;2016;Sa
10774;1414,906;2016;Sa
10788;5420,883;2016;Sa
10789;5420,883;2016;Sa
10792;7904,972;2016;Sa
10793;7904,972;2016;Sa
10796;11708,94;2016;Sa
10797;11708,94;2016;Sa
10800;11508,883;2016;Sa
10801;11508,883;2016;Sa
10804;11254,072;2016;Sa
10805;11254,072;2016;Sa
10808;3494,443;2016;Sa
10809;3494,443;2016;Sa
10812;3219,438;2016;Sa
10816;3219,438;2016;Sa
10817;3219,438;2016;Sa
10821;2818,962;2016;Sa
10824;2818,962;2016;Sa
10825;2818,962;2016;Sa
10828;309,849;2016;Sa
10829;309,849;2016;Sa
10833;3944,192;2016;Sa
10836;2406,402;2016;Sa
10837;2406,402;2016;Sa
10844;6341,083;2016;Sa
10845;6341,083;2016;Sa
10848;1531,868;2016;Sa
10849;1531,868;2016;Sa
10853;1877,885;2016;Sa
10856;10165,794;2016;Sa
10857;10165,794;2016;Sa
10861;7812,541;2016;Sa
10869;2718,709;2016;Sa
10876;2677;2016;Sa
10877;2677;2016;Sa
10880;1819,798;2016;Sa
10881;1819,798;2016;Sa
10885;10890,627;2016;Sa
10888;10890,627;2016;Sa
10889;10890,627;2016;Sa
10892;1054,071;2016;Sa
10893;1054,071;2016;Sa
10896;1138,151;2016;Sa
10897;1138,151;2016;Sa
10904;10922,16;2016;Sa
10905;10922,16;2016;Sa
10908;6090,624;2016;Sa
10909;6090,624;2016;Sa
10936;1696,091;2016;Sa
10937;1696,091;2016;Sa
10940;3733,292;2016;Sa
10941;3733,292;2016;Sa
10944;2334,719;2016;Sa
10945;2334,719;2016;Sa
10952;1160,992;2016;Sa
10953;1160,992;2016;Sa
10960;967,474;2016;Sa
10961;967,474;2016;Sa
10964;3954,479;2016;Sa
10965;3954,479;2016;Sa
10968;1296,675;2016;Sa
10969;1296,675;2016;Sa
10972;4833,198;2016;Sa
10973;4833,198;2016;Sa
10976;314,906;2016;Sa
10977;314,906;2016;Sa
10980;796,292;2016;Sa
10981;796,292;2016;Sa
10984;10922,16;2016;Sa
10985;10922,16;2016;Sa
10988;4004,434;2016;Sa
10989;4004,434;2016;Sa
10992;7523,45;2016;Sa
10993;7523,45;2016;Sa
10996;109,472;2016;Sa
10997;109,472;2016;Sa
11010;27072,456;2016;Sa
11021;27072,456;2016;Sa
11023;12881,916;2016;Sa
11025;18114,461;2016;Sa
11027;18114,461;2016;Sa
11029;25949,271;2016;Sa
11031;4987,249;2016;Sa
11037;4767,138;2016;Sa
11038;4767,138;2016;Sa
11051;7812,541;2016;Sa
11129;6688,728;2016;Sa
11130;149,792;2016;Sa
11133;144,717;2016;Sa
11135;6538,936;2016;Sa
11211;2784,228;2016;Sa
11213;5171,796;2016;Sa
11237;1877,885;2016;Sa
11269;1556,082;2016;Sa
11270;809,65;2016;Sa
11274;141,273;2016;Sa
11278;141,273;2016;Sa
11282;141,273;2016;Sa
11286;431,034;2016;Sa
11289;431,034;2016;Sa
11290;431,034;2016;Sa
11294;3944,192;2016;Sa
11301;16801,131;2016;Sa
11302;16520,108;2016;Sa
11309;834,732;2016;Sa
11413;3960,685;2016;Sa
11417;3960,685;2016;Sa
11423;1884,783;2016;Sa
11424;1952,625;2016;Sa
11433;2718,709;2016;Sa
11435;2784,228;2016;Sa
11441;2155,026;2016;Sa
11443;2204,03;2016;Sa
11493;2008,949;2016;Sa
11509;2090,524;2016;Sa
11511;2155,026;2016;Sa
11551;1761,944;2016;Sa
11553;1736,432;2016;Sa
11555;1652,772;2016;Sa
11631;4010,336;2016;Sa
11709;10559,985;2016;Sa
11729;4218,902;2016;Sa
11869;1132,472;2016;Sa
10000;1099,394;2016;So
10004;821,142;2016;So
10006;821,913;2016;So
10014;1875,226;2016;So
10026;6149,977;2016;So
10030;6132,406;2016;So
10040;2676,652;2016;So
10042;2620,898;2016;So
10044;2591,571;2016;So
10046;2449,412;2016;So
10050;2242,992;2016;So
10052;2674,902;2016;So
10054;2272,811;2016;So
10056;2817,475;2016;So
10058;2002,096;2016;So
10060;1644,366;2016;So
10062;1513,883;2016;So
10068;414,513;2016;So
10072;2468,121;2016;So
10074;3331,915;2016;So
10076;3517,012;2016;So
10080;1534,95;2016;So
10084;1405,275;2016;So
10086;1390,625;2016;So
10088;1336,15;2016;So
10090;1335,5;2016;So
10092;1273,95;2016;So
10094;1273,4;2016;So
10096;1271;2016;So
10098;2,975;2016;So
10100;2,975;2016;So
10102;3201,858;2016;So
10104;9499,502;2016;So
10108;2116,673;2016;So
10110;2025,181;2016;So
10114;1264,318;2016;So
10122;805,077;2016;So
10124;617,769;2016;So
10126;614,269;2016;So
10130;622,135;2016;So
10132;719,25;2016;So
10134;804,327;2016;So
10136;851,5;2016;So
10140;916,519;2016;So
10142;1840,423;2016;So
10144;1927,115;2016;So
10146;210,692;2016;So
10150;202,192;2016;So
10152;2569,058;2016;So
10160;2340,365;2016;So
10162;1624,885;2016;So
10164;1652,192;2016;So
10166;1803,788;2016;So
10168;1985,038;2016;So
10170;2018,231;2016;So
10172;2937,5;2016;So
10174;2724,692;2016;So
10176;3052,346;2016;So
10180;3607,596;2016;So
10182;4345,365;2016;So
10184;1300,053;2016;So
10188;1263,796;2016;So
10190;1255,047;2016;So
10192;932,664;2016;So
10194;880,829;2016;So
10202;745,346;2016;So
10204;735,058;2016;So
10206;686,75;2016;So
10208;682,5;2016;So
10210;658,385;2016;So
10212;491,423;2016;So
10216;6728,212;2016;So
10218;6333,356;2016;So
10220;6259,029;2016;So
10222;6193,99;2016;So
10226;492,753;2016;So
10228;430,443;2016;So
10230;326,535;2016;So
10232;316,436;2016;So
10234;305,656;2016;So
10236;304,283;2016;So
10238;292,632;2016;So
10242;350,473;2016;So
10244;370,416;2016;So
10246;5359,596;2016;So
10248;5370,398;2016;So
10250;5428,515;2016;So
10254;5580,967;2016;So
10258;585,727;2016;So
10260;589,308;2016;So
10262;640,94;2016;So
10266;643,843;2016;So
10304;4408,077;2016;So
10306;4471,481;2016;So
10312;21130,276;2016;So
10314;21289,757;2016;So
10318;20201,661;2016;So
10352;19616,581;2016;So
10358;12658,142;2016;So
10370;19626,285;2016;So
10376;18842,083;2016;So
10396;4611,242;2016;So
10402;422,898;2016;So
10404;585,429;2016;So
10406;579,377;2016;So
10408;602,921;2016;So
10410;606,358;2016;So
10412;606,952;2016;So
10414;651,517;2016;So
10416;655,925;2016;So
10422;3440,073;2016;So
10424;4217,904;2016;So
10426;2403,952;2016;So
10428;581,777;2016;So
10430;4170,913;2016;So
10432;4212,927;2016;So
10434;872,635;2016;So
10436;872,115;2016;So
10442;867,885;2016;So
10446;6195,162;2016;So
10450;73,519;2016;So
10452;6010,094;2016;So
10454;5587,023;2016;So
10456;2296,038;2016;So
10476;4568,107;2016;So
10478;4564,969;2016;So
10480;4094,585;2016;So
10482;4028,375;2016;So
10484;1619,946;2016;So
10490;3610,873;2016;So
10492;3579,598;2016;So
10494;1741,533;2016;So
10496;3561,313;2016;So
10498;3543,667;2016;So
10500;3358,11;2016;So
10502;3358,11;2016;So
10504;3358,11;2016;So
10506;12054,375;2016;So
10508;12079,058;2016;So
10524;3319,073;2016;So
10528;4018,278;2016;So
10530;3358,16;2016;So
10544;16100,338;2016;So
10545;16100,338;2016;So
10549;3234,808;2016;So
10565;1658,379;2016;So
10569;3624,729;2016;So
10573;1425,625;2016;So
10687;5179,227;2016;So
10688;650,069;2016;So
10691;4529,158;2016;So
10698;4876,974;2016;So
10701;3503,012;2016;So
10740;495,006;2016;So
10760;645,053;2016;So
10762;645,053;2016;So
10764;578,763;2016;So
10766;578,763;2016;So
10768;651,927;2016;So
10770;584,098;2016;So
10772;872,654;2016;So
10774;872,654;2016;So
10788;3234,808;2016;So
10789;3234,808;2016;So
10792;6747,615;2016;So
10793;6747,615;2016;So
10796;10215,152;2016;So
10797;10215,152;2016;So
10800;10091,19;2016;So
10801;10091,19;2016;So
10804;9913,69;2016;So
10805;9913,69;2016;So
10808;2128,75;2016;So
10809;2128,75;2016;So
10812;1955,75;2016;So
10816;1955,75;2016;So
10817;1955,75;2016;So
10821;1537,212;2016;So
10824;1537,212;2016;So
10825;1537,212;2016;So
10828;187,173;2016;So
10829;187,173;2016;So
10833;3051,315;2016;So
10836;2172,521;2016;So
10837;2172,521;2016;So
10844;5447,697;2016;So
10845;5447,697;2016;So
10848;1425,625;2016;So
10849;1425,625;2016;So
10853;1873,413;2016;So
10856;8865,955;2016;So
10857;8865,955;2016;So
10861;6225,155;2016;So
10869;2044,36;2016;So
10876;2055,501;2016;So
10877;2055,501;2016;So
10880;1291,61;2016;So
10881;1291,61;2016;So
10885;9632,441;2016;So
10888;9632,441;2016;So
10889;9632,441;2016;So
10892;738,535;2016;So
10893;738,535;2016;So
10896;635,288;2016;So
10897;635,288;2016;So
10904;9655,394;2016;So
10905;9655,394;2016;So
10908;5476,672;2016;So
10909;5476,672;2016;So
10936;1658,379;2016;So
10937;1658,379;2016;So
10940;3624,729;2016;So
10941;3624,729;2016;So
10944;2296,038;2016;So
10945;2296,038;2016;So
10952;822,698;2016;So
10953;822,698;2016;So
10960;1014,969;2016;So
10961;1014,969;2016;So
10964;3865,794;2016;So
10965;3865,794;2016;So
10968;1006,213;2016;So
10969;1006,213;2016;So
10972;4523,775;2016;So
10973;4523,775;2016;So
10976;292,977;2016;So
10977;292,977;2016;So
10980;509,582;2016;So
10981;509,582;2016;So
10984;9655,394;2016;So
10985;9655,394;2016;So
10988;3683,285;2016;So
10989;3683,285;2016;So
10992;6118,103;2016;So
10993;6118,103;2016;So
10996;73,135;2016;So
10997;73,135;2016;So
11010;21695,251;2016;So
11021;21695,251;2016;So
11023;9192,869;2016;So
11025;14889,015;2016;So
11027;14889,015;2016;So
11029;19123,704;2016;So
11031;4415,39;2016;So
11037;4250,494;2016;So
11038;4250,494;2016;So
11051;6225,155;2016;So
11129;5334,456;2016;So
11130;105,712;2016;So
11133;102,212;2016;So
11135;5228,744;2016;So
11211;2049,48;2016;So
11213;3718,851;2016;So
11237;1873,413;2016;So
11269;1253,165;2016;So
11270;651,927;2016;So
11274;100,724;2016;So
11278;100,724;2016;So
11282;100,724;2016;So
11286;353,704;2016;So
11289;353,704;2016;So
11290;353,704;2016;So
11294;3051,315;2016;So
11301;13067,518;2016;So
11302;12859,205;2016;So
11309;668,264;2016;So
11413;3064,052;2016;So
11417;3064,052;2016;So
11423;1875,319;2016;So
11424;1904,113;2016;So
11433;2044,36;2016;So
11435;2049,48;2016;So
11441;1644,931;2016;So
11443;1658,438;2016;So
11493;1586,404;2016;So
11509;1621,606;2016;So
11511;1644,931;2016;So
11551;1442,396;2016;So
11553;1432,814;2016;So
11555;1373,962;2016;So
11631;3731,316;2016;So
11709;9238,258;2016;So
11729;3790,561;2016;So
11869;871,135;2016;So
10000;1325,664;2017;Mo-Fr
10004;1083,31;2017;Mo-Fr
10006;1192,78;2017;Mo-Fr
10014;2425,208;2017;Mo-Fr
10026;7154,048;2017;Mo-Fr
10030;6858,516;2017;Mo-Fr
10040;3741,795;2017;Mo-Fr
10042;3614,592;2017;Mo-Fr
10044;3656,327;2017;Mo-Fr
10046;3396,571;2017;Mo-Fr
10050;3421,349;2017;Mo-Fr
10052;4730,862;2017;Mo-Fr
10054;3564,587;2017;Mo-Fr
10056;3577,744;2017;Mo-Fr
10058;2529,845;2017;Mo-Fr
10060;2096,456;2017;Mo-Fr
10062;1912,134;2017;Mo-Fr
10068;552,135;2017;Mo-Fr
10072;2125,785;2017;Mo-Fr
10074;2978,261;2017;Mo-Fr
10076;3313,653;2017;Mo-Fr
10080;1478,015;2017;Mo-Fr
10084;1271,159;2017;Mo-Fr
10086;1237,446;2017;Mo-Fr
10088;1140,018;2017;Mo-Fr
10090;1144,496;2017;Mo-Fr
10092;955,738;2017;Mo-Fr
10094;955,61;2017;Mo-Fr
10096;947,705;2017;Mo-Fr
10098;1649,398;2017;Mo-Fr
10100;1649,398;2017;Mo-Fr
10102;2152,844;2017;Mo-Fr
10104;13526,973;2017;Mo-Fr
10108;2249,665;2017;Mo-Fr
10110;2152,192;2017;Mo-Fr
10114;2701,874;2017;Mo-Fr
10122;1312,096;2017;Mo-Fr
10124;1656,56;2017;Mo-Fr
10126;1545,355;2017;Mo-Fr
10130;1545,324;2017;Mo-Fr
10132;1791,768;2017;Mo-Fr
10134;1912,571;2017;Mo-Fr
10136;2077,896;2017;Mo-Fr
10140;2232,714;2017;Mo-Fr
10142;4633,103;2017;Mo-Fr
10144;5203,532;2017;Mo-Fr
10146;666,35;2017;Mo-Fr
10150;548,704;2017;Mo-Fr
10152;7356,955;2017;Mo-Fr
10160;5649,023;2017;Mo-Fr
10162;6542,892;2017;Mo-Fr
10164;6661,577;2017;Mo-Fr
10166;7354,488;2017;Mo-Fr
10168;8225,365;2017;Mo-Fr
10170;7951,888;2017;Mo-Fr
10172;7492,546;2017;Mo-Fr
10174;6854,55;2017;Mo-Fr
10176;7862,915;2017;Mo-Fr
10180;9352,273;2017;Mo-Fr
10182;11298,823;2017;Mo-Fr
10184;1853,45;2017;Mo-Fr
10188;1795,9;2017;Mo-Fr
10190;1777,335;2017;Mo-Fr
10192;1496,054;2017;Mo-Fr
10194;1401,7;2017;Mo-Fr
10202;2253,292;2017;Mo-Fr
10204;2163,254;2017;Mo-Fr
10206;1954,373;2017;Mo-Fr
10208;1949,981;2017;Mo-Fr
10210;1874,885;2017;Mo-Fr
10212;1405,204;2017;Mo-Fr
10216;7793,553;2017;Mo-Fr
10218;6870,861;2017;Mo-Fr
10220;6611,141;2017;Mo-Fr
10222;6467,007;2017;Mo-Fr
10226;1053,912;2017;Mo-Fr
10228;829,269;2017;Mo-Fr
10230;415,692;2017;Mo-Fr
10232;394,981;2017;Mo-Fr
10234;366,246;2017;Mo-Fr
10236;355,527;2017;Mo-Fr
10238;347,388;2017;Mo-Fr
10242;489,762;2017;Mo-Fr
10244;556,631;2017;Mo-Fr
10246;4389,805;2017;Mo-Fr
10248;4140,811;2017;Mo-Fr
10250;4138,058;2017;Mo-Fr
10254;4396,431;2017;Mo-Fr
10258;794,696;2017;Mo-Fr
10260;789,273;2017;Mo-Fr
10262;865,585;2017;Mo-Fr
10266;837,838;2017;Mo-Fr
10304;11753,708;2017;Mo-Fr
10306;11815,988;2017;Mo-Fr
10312;33020,167;2017;Mo-Fr
10314;33458,898;2017;Mo-Fr
10318;29627,259;2017;Mo-Fr
10352;35109,203;2017;Mo-Fr
10358;17363,472;2017;Mo-Fr
10370;35454,825;2017;Mo-Fr
10376;33910,175;2017;Mo-Fr
10396;3565,847;2017;Mo-Fr
10402;487,69;2017;Mo-Fr
10404;879,538;2017;Mo-Fr
10406;865,828;2017;Mo-Fr
10408;965,58;2017;Mo-Fr
10410;978,027;2017;Mo-Fr
10412;979,221;2017;Mo-Fr
10414;1021,88;2017;Mo-Fr
10416;1029,783;2017;Mo-Fr
10422;3343,601;2017;Mo-Fr
10424;3600,755;2017;Mo-Fr
10426;2397,121;2017;Mo-Fr
10428;872,363;2017;Mo-Fr
10430;3831,582;2017;Mo-Fr
10432;4203,176;2017;Mo-Fr
10434;785,462;2017;Mo-Fr
10436;779,177;2017;Mo-Fr
10442;799,104;2017;Mo-Fr
10446;8579,452;2017;Mo-Fr
10450;70,969;2017;Mo-Fr
10452;7933,743;2017;Mo-Fr
10454;6677,691;2017;Mo-Fr
10456;2307,31;2017;Mo-Fr
10476;7740,715;2017;Mo-Fr
10478;7740,935;2017;Mo-Fr
10480;5479,947;2017;Mo-Fr
10482;5181,174;2017;Mo-Fr
10484;1455,472;2017;Mo-Fr
10490;2988,606;2017;Mo-Fr
10492;2465,927;2017;Mo-Fr
10494;1749,27;2017;Mo-Fr
10496;2412,719;2017;Mo-Fr
10498;2391,345;2017;Mo-Fr
10500;2426,9;2017;Mo-Fr
10502;2432,518;2017;Mo-Fr
10504;2440,851;2017;Mo-Fr
10506;18608,499;2017;Mo-Fr
10508;18657,375;2017;Mo-Fr
10524;2411,452;2017;Mo-Fr
10528;4208,593;2017;Mo-Fr
10530;2441,206;2017;Mo-Fr
10544;28262,869;2017;Mo-Fr
10545;28262,869;2017;Mo-Fr
10549;8247,723;2017;Mo-Fr
10565;1515,578;2017;Mo-Fr
10569;3146,805;2017;Mo-Fr
10573;1288,28;2017;Mo-Fr
10687;4578,842;2017;Mo-Fr
10688;1038,667;2017;Mo-Fr
10691;3540,175;2017;Mo-Fr
10698;5863,177;2017;Mo-Fr
10701;3833,245;2017;Mo-Fr
10740;1038,631;2017;Mo-Fr
10760;845,415;2017;Mo-Fr
10762;845,415;2017;Mo-Fr
10764;776,304;2017;Mo-Fr
10766;776,304;2017;Mo-Fr
10768;820,69;2017;Mo-Fr
10770;751,967;2017;Mo-Fr
10772;2151,552;2017;Mo-Fr
10774;2185,305;2017;Mo-Fr
10788;8247,723;2017;Mo-Fr
10789;8247,723;2017;Mo-Fr
10792;7881,864;2017;Mo-Fr
10793;7881,864;2017;Mo-Fr
10796;11641,104;2017;Mo-Fr
10797;11641,104;2017;Mo-Fr
10800;11290,665;2017;Mo-Fr
10801;11290,665;2017;Mo-Fr
10804;10853,712;2017;Mo-Fr
10805;10853,712;2017;Mo-Fr
10808;5072,654;2017;Mo-Fr
10809;5072,654;2017;Mo-Fr
10812;4598,269;2017;Mo-Fr
10816;4598,269;2017;Mo-Fr
10817;4598,269;2017;Mo-Fr
10821;6063,685;2017;Mo-Fr
10824;6063,685;2017;Mo-Fr
10825;6063,685;2017;Mo-Fr
10828;513,577;2017;Mo-Fr
10829;513,577;2017;Mo-Fr
10833;5180,159;2017;Mo-Fr
10836;2780,848;2017;Mo-Fr
10837;2780,848;2017;Mo-Fr
10844;7238,393;2017;Mo-Fr
10845;7238,393;2017;Mo-Fr
10848;1288,28;2017;Mo-Fr
10849;1288,28;2017;Mo-Fr
10853;1902,686;2017;Mo-Fr
10856;11943,345;2017;Mo-Fr
10857;11943,345;2017;Mo-Fr
10861;7285,893;2017;Mo-Fr
10869;2880,301;2017;Mo-Fr
10876;2859,612;2017;Mo-Fr
10877;2859,612;2017;Mo-Fr
10880;1837,112;2017;Mo-Fr
10881;1837,112;2017;Mo-Fr
10885;10170,886;2017;Mo-Fr
10888;10170,886;2017;Mo-Fr
10889;10170,886;2017;Mo-Fr
10892;1286,65;2017;Mo-Fr
10893;1286,65;2017;Mo-Fr
10896;1741,313;2017;Mo-Fr
10897;1741,313;2017;Mo-Fr
10904;10243,04;2017;Mo-Fr
10905;10243,04;2017;Mo-Fr
10908;4174,628;2017;Mo-Fr
10909;4174,628;2017;Mo-Fr
10936;1515,578;2017;Mo-Fr
10937;1515,578;2017;Mo-Fr
10940;3146,805;2017;Mo-Fr
10941;3146,805;2017;Mo-Fr
10944;2307,31;2017;Mo-Fr
10945;2307,31;2017;Mo-Fr
10952;1187,603;2017;Mo-Fr
10953;1187,603;2017;Mo-Fr
10960;901,012;2017;Mo-Fr
10961;901,012;2017;Mo-Fr
10964;3836,312;2017;Mo-Fr
10965;3836,312;2017;Mo-Fr
10968;1195,669;2017;Mo-Fr
10969;1195,669;2017;Mo-Fr
10972;3419,473;2017;Mo-Fr
10973;3419,473;2017;Mo-Fr
10976;348,023;2017;Mo-Fr
10977;348,023;2017;Mo-Fr
10980;1095,023;2017;Mo-Fr
10981;1095,023;2017;Mo-Fr
10984;10243,04;2017;Mo-Fr
10985;10243,04;2017;Mo-Fr
10988;4154,603;2017;Mo-Fr
10989;4154,603;2017;Mo-Fr
10992;6966,757;2017;Mo-Fr
10993;6966,757;2017;Mo-Fr
10996;65,815;2017;Mo-Fr
10997;65,815;2017;Mo-Fr
11010;33483,981;2017;Mo-Fr
11021;33483,981;2017;Mo-Fr
11023;14210,832;2017;Mo-Fr
11025;22707,11;2017;Mo-Fr
11027;22707,11;2017;Mo-Fr
11029;33620,367;2017;Mo-Fr
11031;8861,613;2017;Mo-Fr
11037;7413,298;2017;Mo-Fr
11038;7413,298;2017;Mo-Fr
11051;7285,893;2017;Mo-Fr
11073;638,189;2017;Mo-Fr
11129;7150,468;2017;Mo-Fr
11130;260,55;2017;Mo-Fr
11133;240,046;2017;Mo-Fr
11135;6889,918;2017;Mo-Fr
11211;2937,348;2017;Mo-Fr
11213;5822,77;2017;Mo-Fr
11237;1902,686;2017;Mo-Fr
11269;1650,626;2017;Mo-Fr
11270;820,69;2017;Mo-Fr
11274;111,405;2017;Mo-Fr
11278;111,405;2017;Mo-Fr
11282;111,405;2017;Mo-Fr
11286;474,794;2017;Mo-Fr
11289;474,794;2017;Mo-Fr
11290;474,794;2017;Mo-Fr
11294;5180,159;2017;Mo-Fr
11301;22265,592;2017;Mo-Fr
11302;21625,875;2017;Mo-Fr
11309;897,097;2017;Mo-Fr
11413;5300,558;2017;Mo-Fr
11417;5186,987;2017;Mo-Fr
11419;113,571;2017;Mo-Fr
11423;1924,18;2017;Mo-Fr
11424;1978,623;2017;Mo-Fr
11433;2880,301;2017;Mo-Fr
11435;2937,348;2017;Mo-Fr
11441;2690,998;2017;Mo-Fr
11443;2726,668;2017;Mo-Fr
11493;2496,687;2017;Mo-Fr
11509;2612,472;2017;Mo-Fr
11511;2690,998;2017;Mo-Fr
11551;2154,656;2017;Mo-Fr
11553;2162,924;2017;Mo-Fr
11555;2029,932;2017;Mo-Fr
11631;3679,964;2017;Mo-Fr
11709;11029,111;2017;Mo-Fr
11729;3790,718;2017;Mo-Fr
11829;225,998;2017;Mo-Fr
11831;174,426;2017;Mo-Fr
11869;775,896;2017;Mo-Fr
10000;1355,847;2017;Mo-So
10004;1081,886;2017;Mo-So
10006;1168,58;2017;Mo-So
10014;2332,443;2017;Mo-So
10026;7095,042;2017;Mo-So
10030;6835,635;2017;Mo-So
10040;3486,571;2017;Mo-So
10042;3369,632;2017;Mo-So
10044;3391,286;2017;Mo-So
10046;3165,642;2017;Mo-So
10050;3139,039;2017;Mo-So
10052;4285,559;2017;Mo-So
10054;3260,888;2017;Mo-So
10056;3480,787;2017;Mo-So
10058;2492,335;2017;Mo-So
10060;2071,597;2017;Mo-So
10062;1884,424;2017;Mo-So
10068;539,491;2017;Mo-So
10072;2861,123;2017;Mo-So
10074;3926,393;2017;Mo-So
10076;4305,546;2017;Mo-So
10080;1481,06;2017;Mo-So
10084;1293,335;2017;Mo-So
10086;1263,369;2017;Mo-So
10088;1174,104;2017;Mo-So
10090;1177,138;2017;Mo-So
10092;1017,854;2017;Mo-So
10094;1017,259;2017;Mo-So
10096;1010,873;2017;Mo-So
10098;1789,071;2017;Mo-So
10100;1789,071;2017;Mo-So
10102;2278,237;2017;Mo-So
10104;12645,75;2017;Mo-So
10108;2194,653;2017;Mo-So
10110;2098,266;2017;Mo-So
10114;2395,936;2017;Mo-So
10122;1204,921;2017;Mo-So
10124;1426,662;2017;Mo-So
10126;1337,077;2017;Mo-So
10130;1340,239;2017;Mo-So
10132;1542,527;2017;Mo-So
10134;1648;2017;Mo-So
10136;1788,231;2017;Mo-So
10140;1928,896;2017;Mo-So
10142;4017,268;2017;Mo-So
10144;4472,181;2017;Mo-So
10146;570,748;2017;Mo-So
10150;476,378;2017;Mo-So
10152;6288,811;2017;Mo-So
10160;4896,704;2017;Mo-So
10162;5372,173;2017;Mo-So
10164;5470,652;2017;Mo-So
10166;6042,515;2017;Mo-So
10168;6738,559;2017;Mo-So
10170;6574,685;2017;Mo-So
10172;6427,11;2017;Mo-So
10174;5896,46;2017;Mo-So
10176;6742,205;2017;Mo-So
10180;8039,225;2017;Mo-So
10182;9682,849;2017;Mo-So
10184;1764,586;2017;Mo-So
10188;1714,282;2017;Mo-So
10190;1698,649;2017;Mo-So
10192;1382,814;2017;Mo-So
10194;1293,4;2017;Mo-So
10202;1903,433;2017;Mo-So
10204;1833,112;2017;Mo-So
10206;1659,633;2017;Mo-So
10208;1654,532;2017;Mo-So
10210;1590,852;2017;Mo-So
10212;1188,074;2017;Mo-So
10216;7769,591;2017;Mo-So
10218;6944,852;2017;Mo-So
10220;6733,553;2017;Mo-So
10222;6608,058;2017;Mo-So
10226;925,26;2017;Mo-So
10228;732,723;2017;Mo-So
10230;392,559;2017;Mo-So
10232;374,214;2017;Mo-So
10234;349,504;2017;Mo-So
10236;339,46;2017;Mo-So
10238;329,685;2017;Mo-So
10242;457,797;2017;Mo-So
10244;517,411;2017;Mo-So
10246;4727,459;2017;Mo-So
10248;4528,014;2017;Mo-So
10250;4532,353;2017;Mo-So
10254;4761,679;2017;Mo-So
10258;752,504;2017;Mo-So
10260;751,033;2017;Mo-So
10262;824,449;2017;Mo-So
10266;805,408;2017;Mo-So
10304;10012,578;2017;Mo-So
10306;10095,805;2017;Mo-So
10312;30762,766;2017;Mo-So
10314;31136,558;2017;Mo-So
10318;27940,739;2017;Mo-So
10352;31322,151;2017;Mo-So
10358;16797,952;2017;Mo-So
10370;31584,733;2017;Mo-So
10376;30252,396;2017;Mo-So
10396;3945,09;2017;Mo-So
10402;495,121;2017;Mo-So
10404;833,268;2017;Mo-So
10406;817,148;2017;Mo-So
10408;893,64;2017;Mo-So
10410;903,935;2017;Mo-So
10412;905,113;2017;Mo-So
10414;941,578;2017;Mo-So
10416;947,136;2017;Mo-So
10422;3504,738;2017;Mo-So
10424;3851,527;2017;Mo-So
10426;2533,113;2017;Mo-So
10428;821,522;2017;Mo-So
10430;4001,542;2017;Mo-So
10432;4278,851;2017;Mo-So
10434;840,263;2017;Mo-So
10436;835,542;2017;Mo-So
10442;853,518;2017;Mo-So
10446;8086,133;2017;Mo-So
10450;62,263;2017;Mo-So
10452;7546,167;2017;Mo-So
10454;6511,484;2017;Mo-So
10456;2434,723;2017;Mo-So
10476;7047,018;2017;Mo-So
10478;7044,026;2017;Mo-So
10480;5186,353;2017;Mo-So
10482;4922,886;2017;Mo-So
10484;1474,553;2017;Mo-So
10490;3090,122;2017;Mo-So
10492;2588,901;2017;Mo-So
10494;1745,104;2017;Mo-So
10496;2546,531;2017;Mo-So
10498;2526,737;2017;Mo-So
10500;2525,696;2017;Mo-So
10502;2529,698;2017;Mo-So
10504;2535,634;2017;Mo-So
10506;17146,214;2017;Mo-So
10508;17192,389;2017;Mo-So
10524;2501,045;2017;Mo-So
10528;4342,764;2017;Mo-So
10530;2535,887;2017;Mo-So
10544;25303,273;2017;Mo-So
10545;25303,273;2017;Mo-So
10549;7101,693;2017;Mo-So
10565;1540,527;2017;Mo-So
10569;3244,865;2017;Mo-So
10573;1312,075;2017;Mo-So
10687;4840,26;2017;Mo-So
10688;952,574;2017;Mo-So
10691;3887,686;2017;Mo-So
10698;5844,121;2017;Mo-So
10701;3938,113;2017;Mo-So
10740;916,419;2017;Mo-So
10760;810,567;2017;Mo-So
10762;810,567;2017;Mo-So
10764;735,104;2017;Mo-So
10766;735,104;2017;Mo-So
10768;818,746;2017;Mo-So
10770;746,871;2017;Mo-So
10772;1850,371;2017;Mo-So
10774;1881,706;2017;Mo-So
10788;7101,693;2017;Mo-So
10789;7101,693;2017;Mo-So
10792;7837,081;2017;Mo-So
10793;7837,081;2017;Mo-So
10796;11629,013;2017;Mo-So
10797;11629,013;2017;Mo-So
10800;11321,486;2017;Mo-So
10801;11321,486;2017;Mo-So
10804;10946,708;2017;Mo-So
10805;10946,708;2017;Mo-So
10808;4405,984;2017;Mo-So
10809;4405,984;2017;Mo-So
10812;4010,422;2017;Mo-So
10816;4010,422;2017;Mo-So
10817;4010,422;2017;Mo-So
10821;4987,855;2017;Mo-So
10824;4987,855;2017;Mo-So
10825;4987,855;2017;Mo-So
10828;446,077;2017;Mo-So
10829;446,077;2017;Mo-So
10833;4709,707;2017;Mo-So
10836;2636,832;2017;Mo-So
10837;2636,832;2017;Mo-So
10844;6910,34;2017;Mo-So
10845;6910,34;2017;Mo-So
10848;1312,075;2017;Mo-So
10849;1312,075;2017;Mo-So
10853;1887,03;2017;Mo-So
10856;11336,904;2017;Mo-So
10857;11336,904;2017;Mo-So
10861;7227,303;2017;Mo-So
10869;2748,349;2017;Mo-So
10876;2726,248;2017;Mo-So
10877;2726,248;2017;Mo-So
10880;1751,652;2017;Mo-So
10881;1751,652;2017;Mo-So
10885;10384,163;2017;Mo-So
10888;10384,163;2017;Mo-So
10889;10384,163;2017;Mo-So
10892;1170,984;2017;Mo-So
10893;1170,984;2017;Mo-So
10896;1497,618;2017;Mo-So
10897;1497,618;2017;Mo-So
10904;10464,933;2017;Mo-So
10905;10464,933;2017;Mo-So
10908;4569,754;2017;Mo-So
10909;4569,754;2017;Mo-So
10936;1540,527;2017;Mo-So
10937;1540,527;2017;Mo-So
10940;3244,865;2017;Mo-So
10941;3244,865;2017;Mo-So
10944;2434,723;2017;Mo-So
10945;2434,723;2017;Mo-So
10952;1164,956;2017;Mo-So
10953;1164,956;2017;Mo-So
10960;929,992;2017;Mo-So
10961;929,992;2017;Mo-So
10964;4014,193;2017;Mo-So
10965;4014,193;2017;Mo-So
10968;1225,368;2017;Mo-So
10969;1225,368;2017;Mo-So
10972;3811,024;2017;Mo-So
10973;3811,024;2017;Mo-So
10976;329,945;2017;Mo-So
10977;329,945;2017;Mo-So
10980;960,77;2017;Mo-So
10981;960,77;2017;Mo-So
10984;10464,933;2017;Mo-So
10985;10464,933;2017;Mo-So
10988;4243,067;2017;Mo-So
10989;4243,067;2017;Mo-So
10992;6911,676;2017;Mo-So
10993;6911,676;2017;Mo-So
10996;59,986;2017;Mo-So
10997;59,986;2017;Mo-So
11010;31350,959;2017;Mo-So
11021;31350,959;2017;Mo-So
11023;13368,411;2017;Mo-So
11025;21445,148;2017;Mo-So
11027;21445,148;2017;Mo-So
11029;30085,232;2017;Mo-So
11031;7757,969;2017;Mo-So
11037;6648,638;2017;Mo-So
11038;6648,638;2017;Mo-So
11051;7227,303;2017;Mo-So
11073;684,204;2017;Mo-So
11129;6822,22;2017;Mo-So
11130;221,414;2017;Mo-So
11133;205,041;2017;Mo-So
11135;6600,806;2017;Mo-So
11211;2803,588;2017;Mo-So
11213;5480,273;2017;Mo-So
11237;1887,03;2017;Mo-So
11269;1615,284;2017;Mo-So
11270;818,746;2017;Mo-So
11274;127,163;2017;Mo-So
11278;127,163;2017;Mo-So
11282;127,163;2017;Mo-So
11286;461,79;2017;Mo-So
11289;461,79;2017;Mo-So
11290;461,79;2017;Mo-So
11294;4709,707;2017;Mo-So
11301;20124,082;2017;Mo-So
11302;19607,961;2017;Mo-So
11309;857,784;2017;Mo-So
11413;4842,577;2017;Mo-So
11417;4719,775;2017;Mo-So
11419;122,802;2017;Mo-So
11423;1907,024;2017;Mo-So
11424;1973,143;2017;Mo-So
11433;2748,349;2017;Mo-So
11435;2803,588;2017;Mo-So
11441;2498,929;2017;Mo-So
11443;2533,648;2017;Mo-So
11493;2324,993;2017;Mo-So
11509;2427,823;2017;Mo-So
11511;2498,929;2017;Mo-So
11551;2022,937;2017;Mo-So
11553;2022,868;2017;Mo-So
11555;1906,008;2017;Mo-So
11631;4743,419;2017;Mo-So
11709;11947,162;2017;Mo-So
11729;5036,822;2017;Mo-So
11829;228,026;2017;Mo-So
11831;176,427;2017;Mo-So
11869;832,836;2017;Mo-So
10000;1464,896;2017;Sa
10004;1156,44;2017;Sa
10006;1211,871;2017;Sa
10014;2346,783;2017;Sa
10026;7740,094;2017;Sa
10030;7516,798;2017;Sa
10040;3060,286;2017;Sa
10042;2946,421;2017;Sa
10044;2902,471;2017;Sa
10046;2789,439;2017;Sa
10050;2680,289;2017;Sa
10052;3658,446;2017;Sa
10054;2773,158;2017;Sa
10056;3345,366;2017;Sa
10058;2489,219;2017;Sa
10060;2077,97;2017;Sa
10062;1910,734;2017;Sa
10068;487,823;2017;Sa
10072;2612,212;2017;Sa
10074;3546,141;2017;Sa
10076;3830,461;2017;Sa
10080;1522,262;2017;Sa
10084;1385,585;2017;Sa
10086;1355,431;2017;Sa
10088;1283,033;2017;Sa
10090;1282,283;2017;Sa
10092;1187,944;2017;Sa
10094;1184,677;2017;Sa
10096;1182,958;2017;Sa
10098;2127,498;2017;Sa
10100;2127,498;2017;Sa
10102;2598,213;2017;Sa
10104;10999,781;2017;Sa
10108;2052,283;2017;Sa
10110;1969,948;2017;Sa
10114;2007,327;2017;Sa
10122;1082,846;2017;Sa
10124;1083,192;2017;Sa
10126;1016,404;2017;Sa
10130;1023,231;2017;Sa
10132;1125,808;2017;Sa
10134;1184,577;2017;Sa
10136;1295,808;2017;Sa
10140;1445,558;2017;Sa
10142;2959,269;2017;Sa
10144;3159,751;2017;Sa
10146;425,827;2017;Sa
10150;368,904;2017;Sa
10152;4353,308;2017;Sa
10160;3837,846;2017;Sa
10162;3298,096;2017;Sa
10164;3358,712;2017;Sa
10166;3715,596;2017;Sa
10168;4058,462;2017;Sa
10170;4242,288;2017;Sa
10172;4776,962;2017;Sa
10174;4450,404;2017;Sa
10176;5007,423;2017;Sa
10180;6148,269;2017;Sa
10182;7293,25;2017;Sa
10184;1781,904;2017;Sa
10188;1746,288;2017;Sa
10190;1734,481;2017;Sa
10192;1280,308;2017;Sa
10194;1177,019;2017;Sa
10202;1276,058;2017;Sa
10204;1240,942;2017;Sa
10206;1123,865;2017;Sa
10208;1116,673;2017;Sa
10210;1070,058;2017;Sa
10212;779,308;2017;Sa
10216;8471,546;2017;Sa
10218;7762,104;2017;Sa
10220;7659,643;2017;Sa
10222;7573,604;2017;Sa
10226;749,788;2017;Sa
10228;586,538;2017;Sa
10230;367,423;2017;Sa
10232;351,519;2017;Sa
10234;329,827;2017;Sa
10236;320,846;2017;Sa
10238;307;2017;Sa
10242;424,481;2017;Sa
10244;485,481;2017;Sa
10246;5948,396;2017;Sa
10248;5857,55;2017;Sa
10250;5884,246;2017;Sa
10254;6100,796;2017;Sa
10258;750,615;2017;Sa
10260;759,865;2017;Sa
10262;844,115;2017;Sa
10266;854,558;2017;Sa
10304;7389,712;2017;Sa
10306;7531,269;2017;Sa
10312;28148,679;2017;Sa
10314;28407,564;2017;Sa
10318;26429,007;2017;Sa
10352;24228,999;2017;Sa
10358;17222,403;2017;Sa
10370;24311,405;2017;Sa
10376;23393,703;2017;Sa
10396;5298,058;2017;Sa
10402;553,504;2017;Sa
10404;796,954;2017;Sa
10406;768,021;2017;Sa
10408;797,358;2017;Sa
10410;804,529;2017;Sa
10412;804,919;2017;Sa
10414;840,402;2017;Sa
10416;840,888;2017;Sa
10422;3994,567;2017;Sa
10424;4781,323;2017;Sa
10426;2899,988;2017;Sa
10428;766,106;2017;Sa
10430;4730,906;2017;Sa
10432;4798,512;2017;Sa
10434;1122,365;2017;Sa
10436;1121,231;2017;Sa
10442;1138,442;2017;Sa
10446;7456,312;2017;Sa
10450;55,865;2017;Sa
10452;7133,15;2017;Sa
10454;6580,485;2017;Sa
10456;2775,875;2017;Sa
10476;5710,346;2017;Sa
10478;5704,521;2017;Sa
10480;4774,759;2017;Sa
10482;4559,453;2017;Sa
10484;1511,052;2017;Sa
10490;3421,706;2017;Sa
10492;2894,61;2017;Sa
10494;1792,615;2017;Sa
10496;2887,365;2017;Sa
10498;2861,581;2017;Sa
10500;2820,517;2017;Sa
10502;2820,517;2017;Sa
10504;2820,517;2017;Sa
10506;14469,173;2017;Sa
10508;14520,373;2017;Sa
10524;2771,304;2017;Sa
10528;4794,039;2017;Sa
10530;2820,517;2017;Sa
10544;19749,48;2017;Sa
10545;19749,48;2017;Sa
10549;5408,154;2017;Sa
10565;1619,85;2017;Sa
10569;3559,131;2017;Sa
10573;1414,419;2017;Sa
10687;5914,771;2017;Sa
10688;840,515;2017;Sa
10691;5074,256;2017;Sa
10698;6164,178;2017;Sa
10701;4324,463;2017;Sa
10740;763,558;2017;Sa
10760;846,712;2017;Sa
10762;846,712;2017;Sa
10764;733,981;2017;Sa
10766;733,981;2017;Sa
10768;799,259;2017;Sa
10770;710,306;2017;Sa
10772;1340,096;2017;Sa
10774;1391,327;2017;Sa
10788;5408,154;2017;Sa
10789;5408,154;2017;Sa
10792;8490,104;2017;Sa
10793;8490,104;2017;Sa
10796;12555,565;2017;Sa
10797;12555,565;2017;Sa
10800;12308,795;2017;Sa
10801;12308,795;2017;Sa
10804;12041,93;2017;Sa
10805;12041,93;2017;Sa
10808;3488,673;2017;Sa
10809;3488,673;2017;Sa
10812;3231,308;2017;Sa
10816;3231,308;2017;Sa
10817;3231,308;2017;Sa
10821;3083,865;2017;Sa
10824;3083,865;2017;Sa
10825;3083,865;2017;Sa
10828;345,75;2017;Sa
10829;345,75;2017;Sa
10833;4062,454;2017;Sa
10836;2425,583;2017;Sa
10837;2425,583;2017;Sa
10844;6419,187;2017;Sa
10845;6419,187;2017;Sa
10848;1414,419;2017;Sa
10849;1414,419;2017;Sa
10853;1882,462;2017;Sa
10856;10311,006;2017;Sa
10857;10311,006;2017;Sa
10861;7886,443;2017;Sa
10869;2796,486;2017;Sa
10876;2744,092;2017;Sa
10877;2744,092;2017;Sa
10880;1775,231;2017;Sa
10881;1775,231;2017;Sa
10885;11819,743;2017;Sa
10888;11819,743;2017;Sa
10889;11819,743;2017;Sa
10892;1031,692;2017;Sa
10893;1031,692;2017;Sa
10896;1145,308;2017;Sa
10897;1145,308;2017;Sa
10904;11955,027;2017;Sa
10905;11955,027;2017;Sa
10908;5936,844;2017;Sa
10909;5936,844;2017;Sa
10936;1619,85;2017;Sa
10937;1619,85;2017;Sa
10940;3559,131;2017;Sa
10941;3559,131;2017;Sa
10944;2775,875;2017;Sa
10945;2775,875;2017;Sa
10952;1221,808;2017;Sa
10953;1221,808;2017;Sa
10960;1056,454;2017;Sa
10961;1056,454;2017;Sa
10964;4533,869;2017;Sa
10965;4533,869;2017;Sa
10968;1321,175;2017;Sa
10969;1321,175;2017;Sa
10972;5144,275;2017;Sa
10973;5144,275;2017;Sa
10976;305,731;2017;Sa
10977;305,731;2017;Sa
10980;776,692;2017;Sa
10981;776,692;2017;Sa
10984;11955,027;2017;Sa
10985;11955,027;2017;Sa
10988;4652,969;2017;Sa
10989;4652,969;2017;Sa
10992;7522,278;2017;Sa
10993;7522,278;2017;Sa
10996;50,788;2017;Sa
10997;50,788;2017;Sa
11010;29122,007;2017;Sa
11021;29122,007;2017;Sa
11023;12714,614;2017;Sa
11025;20532,124;2017;Sa
11027;20532,124;2017;Sa
11029;23537,89;2017;Sa
11031;5572,958;2017;Sa
11037;5207,415;2017;Sa
11038;5207,415;2017;Sa
11051;7886,443;2017;Sa
11073;762,15;2017;Sa
11129;6472,44;2017;Sa
11130;153,019;2017;Sa
11133;145,038;2017;Sa
11135;6319,421;2017;Sa
11211;2890,657;2017;Sa
11213;5529,633;2017;Sa
11237;1882,462;2017;Sa
11269;1618,272;2017;Sa
11270;799,259;2017;Sa
11274;120,682;2017;Sa
11278;120,682;2017;Sa
11282;120,682;2017;Sa
11286;399,275;2017;Sa
11289;399,275;2017;Sa
11290;399,275;2017;Sa
11294;4062,454;2017;Sa
11301;15952,765;2017;Sa
11302;15731,821;2017;Sa
11309;907,844;2017;Sa
11413;4318,068;2017;Sa
11417;4083,415;2017;Sa
11419;234,653;2017;Sa
11423;1892,504;2017;Sa
11424;1999,71;2017;Sa
11433;2796,486;2017;Sa
11435;2890,657;2017;Sa
11441;2399,027;2017;Sa
11443;2446,7;2017;Sa
11493;2218,052;2017;Sa
11509;2321,452;2017;Sa
11511;2399,027;2017;Sa
11551;1963,8;2017;Sa
11553;1937,971;2017;Sa
11555;1839,715;2017;Sa
11631;4260,044;2017;Sa
11709;11114,355;2017;Sa
11729;4695,168;2017;Sa
11829;237,688;2017;Sa
11831;185,959;2017;Sa
11869;1119,154;2017;Sa
10000;1296,891;2017;So
10004;926,189;2017;So
10006;930,915;2017;So
10014;1854,065;2017;So
10026;6167,469;2017;So
10030;6051,049;2017;So
10040;2652,766;2017;So
10042;2583,173;2017;So
10044;2570,674;2017;So
10046;2401,888;2017;So
10050;2204,217;2017;So
10052;2716,33;2017;So
10054;2249,576;2017;So
10056;2840,57;2017;So
10058;1996,503;2017;So
10060;1685,975;2017;So
10062;1524,818;2017;So
10068;459,312;2017;So
10072;2738,981;2017;So
10074;3646,577;2017;So
10076;3917,751;2017;So
10080;1455,575;2017;So
10084;1311,613;2017;So
10086;1300,215;2017;So
10088;1234,445;2017;So
10090;1234,108;2017;So
10092;1155,692;2017;So
10094;1155,428;2017;So
10096;1151,915;2017;So
10098;2130,388;2017;So
10100;2130,388;2017;So
10102;2579,43;2017;So
10104;9735,563;2017;So
10108;2064,468;2017;So
10110;1959,623;2017;So
10114;1280,301;2017;So
10122;798,925;2017;So
10124;640,189;2017;So
10126;633,887;2017;So
10130;649,057;2017;So
10132;733,396;2017;So
10134;809,774;2017;So
10136;855,83;2017;So
10140;918,415;2017;So
10142;1772,604;2017;So
10144;1851,585;2017;So
10146;243,943;2017;So
10150;227,019;2017;So
10152;2513,34;2017;So
10160;2244,962;2017;So
10162;1663,962;2017;So
10164;1700,472;2017;So
10166;1889,434;2017;So
10168;2074,321;2017;So
10170;2106,981;2017;So
10172;2819,453;2017;So
10174;2615,17;2017;So
10176;2946,434;2017;So
10180;3453,132;2017;So
10182;4099,943;2017;So
10184;1311,66;2017;So
10188;1282,491;2017;So
10190;1277,491;2017;So
10192;927,868;2017;So
10194;876,302;2017;So
10202;802,679;2017;So
10204;794,547;2017;So
10206;739,396;2017;So
10208;732,868;2017;So
10210;708,453;2017;So
10212;523,962;2017;So
10216;6963,323;2017;So
10218;6505,997;2017;So
10220;6425,449;2017;So
10222;6352,676;2017;So
10226;466,302;2017;So
10228;402,528;2017;So
10230;303,736;2017;So
10232;294,604;2017;So
10234;286,679;2017;So
10236;278,906;2017;So
10238;265,094;2017;So
10242;333,679;2017;So
10244;356,34;2017;So
10246;5185,976;2017;So
10248;5123,047;2017;So
10250;5140,247;2017;So
10254;5239,608;2017;So
10258;547,377;2017;So
10260;554,774;2017;So
10262;603,358;2017;So
10266;598,094;2017;So
10304;4044,566;2017;So
10306;4173,321;2017;So
10312;22253,487;2017;So
10314;22421,45;2017;So
10318;21150,449;2017;So
10352;19748,474;2017;So
10358;13558,837;2017;So
10370;19780,474;2017;So
10376;19082,86;2017;So
10396;4478,085;2017;So
10402;474,294;2017;So
10404;641,915;2017;So
10406;626,543;2017;So
10408;635,196;2017;So
10410;637,994;2017;So
10412;639,868;2017;So
10414;646,913;2017;So
10416;645,942;2017;So
10422;3814,638;2017;So
10424;4169,477;2017;So
10426;2840,292;2017;So
10428;626,489;2017;So
10430;4119,706;2017;So
10432;4140,23;2017;So
10434;832,321;2017;So
10436;831,755;2017;So
10442;840,906;2017;So
10446;6284,017;2017;So
10450;25,83;2017;So
10452;6050,07;2017;So
10454;5628,432;2017;So
10456;2725,055;2017;So
10476;4595,822;2017;So
10478;4595,096;2017;So
10480;4020,49;2017;So
10482;3909,251;2017;So
10484;1532,351;2017;So
10490;3262,794;2017;So
10492;2892,23;2017;So
10494;1678,055;2017;So
10496;2868,562;2017;So
10498;2862,396;2017;So
10500;2721,098;2017;So
10502;2721,098;2017;So
10504;2721,098;2017;So
10506;12417,058;2017;So
10508;12445,05;2017;So
10524;2675,402;2017;So
10528;4509,773;2017;So
10530;2721,098;2017;So
10544;16278,87;2017;So
10545;16278,87;2017;So
10549;3141,245;2017;So
10565;1585,092;2017;So
10569;3417,579;2017;So
10573;1328,394;2017;So
10687;5068,446;2017;So
10688;640,175;2017;So
10691;4428,271;2017;So
10698;5436,617;2017;So
10701;4073,496;2017;So
10740;466,868;2017;So
10760;604,151;2017;So
10762;604,151;2017;So
10764;534,094;2017;So
10766;534,094;2017;So
10768;698,889;2017;So
10770;639,097;2017;So
10772;879,208;2017;So
10774;879,208;2017;So
10788;3141,245;2017;So
10789;3141,245;2017;So
10792;6976,681;2017;So
10793;6976,681;2017;So
10796;10645,724;2017;So
10797;10645,724;2017;So
10800;10494,875;2017;So
10801;10494,875;2017;So
10804;10312,743;2017;So
10805;10312,743;2017;So
10808;2035,528;2017;So
10809;2035,528;2017;So
10812;1891,057;2017;So
10816;1891,057;2017;So
10817;1891,057;2017;So
10821;1578,264;2017;So
10824;1578,264;2017;So
10825;1578,264;2017;So
10828;213,377;2017;So
10829;213,377;2017;So
10833;3036,869;2017;So
10836;2137,601;2017;So
10837;2137,601;2017;So
10844;5485,463;2017;So
10845;5485,463;2017;So
10848;1328,394;2017;So
10849;1328,394;2017;So
10853;1814,709;2017;So
10856;9171,385;2017;So
10857;9171,385;2017;So
10861;6287,754;2017;So
10869;2041,165;2017;So
10876;2042,4;2017;So
10877;2042,4;2017;So
10880;1309,283;2017;So
10881;1309,283;2017;So
10885;10021,928;2017;So
10888;10021,928;2017;So
10889;10021,928;2017;So
10892;740,226;2017;So
10893;740,226;2017;So
10896;652,396;2017;So
10897;652,396;2017;So
10904;10091,485;2017;So
10905;10091,485;2017;So
10908;5166,821;2017;So
10909;5166,821;2017;So
10936;1585,092;2017;So
10937;1585,092;2017;So
10940;3417,579;2017;So
10941;3417,579;2017;So
10944;2725,055;2017;So
10945;2725,055;2017;So
10952;921,749;2017;So
10953;921,749;2017;So
10960;948,081;2017;So
10961;948,081;2017;So
10964;4341,564;2017;So
10965;4341,564;2017;So
10968;1182,296;2017;So
10969;1182,296;2017;So
10972;4423,745;2017;So
10973;4423,745;2017;So
10976;265,019;2017;So
10977;265,019;2017;So
10980;482,774;2017;So
10981;482,774;2017;So
10984;10091,485;2017;So
10985;10091,485;2017;So
10988;4274,872;2017;So
10989;4274,872;2017;So
10992;6036,701;2017;So
10993;6036,701;2017;So
10996;40,415;2017;So
10997;40,415;2017;So
11010;23073,962;2017;So
11021;23073,962;2017;So
11023;9809,44;2017;So
11025;16094,424;2017;So
11027;16094,424;2017;So
11029;19211,876;2017;So
11031;4462,884;2017;So
11037;4293,304;2017;So
11038;4293,304;2017;So
11051;6287,754;2017;So
11073;830,7;2017;So
11129;5555,12;2017;So
11130;96,528;2017;So
11133;92,189;2017;So
11135;5458,592;2017;So
11211;2048,41;2017;So
11213;3737,383;2017;So
11237;1814,709;2017;So
11269;1309,536;2017;So
11270;698,889;2017;So
11274;121,295;2017;So
11278;121,295;2017;So
11282;121,295;2017;So
11286;387,206;2017;So
11289;387,206;2017;So
11290;387,206;2017;So
11294;3036,869;2017;So
11301;13528,956;2017;So
11302;13329,55;2017;So
11309;615,808;2017;So
11413;3052,152;2017;So
11417;3052,152;2017;So
11423;1837,108;2017;So
11424;1920,194;2017;So
11433;2041,165;2017;So
11435;2048,41;2017;So
11441;1654,723;2017;So
11443;1672,062;2017;So
11493;1587,651;2017;So
11509;1626,364;2017;So
11511;1654,723;2017;So
11551;1434,794;2017;So
11553;1419,092;2017;So
11555;1363,121;2017;So
11631;4179,614;2017;So
11709;9777,392;2017;So
11729;4291,929;2017;So
11869;831,245;2017;So
10000;1334,25;2018;Mo-Fr
10004;1063,63;2018;Mo-Fr
10006;1169,94;2018;Mo-Fr
10014;2478,79;2018;Mo-Fr
10026;8810,03;2018;Mo-Fr
10030;8505,48;2018;Mo-Fr
10040;3612,99;2018;Mo-Fr
10042;3480,77;2018;Mo-Fr
10044;3525,96;2018;Mo-Fr
10046;3317,91;2018;Mo-Fr
10050;3362,28;2018;Mo-Fr
10052;4606,76;2018;Mo-Fr
10054;3501,23;2018;Mo-Fr
10056;3318,24;2018;Mo-Fr
10058;2328,67;2018;Mo-Fr
10060;1883,06;2018;Mo-Fr
10062;1680,61;2018;Mo-Fr
10068;473,788;2018;Mo-Fr
10072;988,278;2018;Mo-Fr
10074;1484,39;2018;Mo-Fr
10076;1737,94;2018;Mo-Fr
10080;1698,54;2018;Mo-Fr
10084;1481,1;2018;Mo-Fr
10086;1450,2;2018;Mo-Fr
10088;1280,88;2018;Mo-Fr
10090;1238,82;2018;Mo-Fr
10092;919,48;2018;Mo-Fr
10094;918,449;2018;Mo-Fr
10096;909,159;2018;Mo-Fr
10098;17,295;2018;Mo-Fr
10100;17,295;2018;Mo-Fr
10102;947,412;2018;Mo-Fr
10104;14243,94;2018;Mo-Fr
10108;2321,44;2018;Mo-Fr
10110;2230,03;2018;Mo-Fr
10114;2747,85;2018;Mo-Fr
10122;1306;2018;Mo-Fr
10124;1607,55;2018;Mo-Fr
10126;1526,45;2018;Mo-Fr
10130;1520,12;2018;Mo-Fr
10132;1777,6;2018;Mo-Fr
10134;1889,19;2018;Mo-Fr
10136;2075,68;2018;Mo-Fr
10140;2256,13;2018;Mo-Fr
10142;4722,51;2018;Mo-Fr
10144;5337,27;2018;Mo-Fr
10146;679,1;2018;Mo-Fr
10150;557,617;2018;Mo-Fr
10152;7446,78;2018;Mo-Fr
10160;5918,74;2018;Mo-Fr
10162;6742,15;2018;Mo-Fr
10164;6870,82;2018;Mo-Fr
10166;7605,26;2018;Mo-Fr
10168;8418,01;2018;Mo-Fr
10170;8145,46;2018;Mo-Fr
10172;7826,05;2018;Mo-Fr
10174;7117,92;2018;Mo-Fr
10176;8247,26;2018;Mo-Fr
10180;9633,61;2018;Mo-Fr
10182;11195,43;2018;Mo-Fr
10184;1831,63;2018;Mo-Fr
10188;1773,46;2018;Mo-Fr
10190;1756,4;2018;Mo-Fr
10192;1484,2;2018;Mo-Fr
10194;1396,08;2018;Mo-Fr
10202;2238;2018;Mo-Fr
10204;2131,02;2018;Mo-Fr
10206;1943,69;2018;Mo-Fr
10208;1938,74;2018;Mo-Fr
10210;1864,21;2018;Mo-Fr
10212;1436,51;2018;Mo-Fr
10216;8015,85;2018;Mo-Fr
10218;7125,08;2018;Mo-Fr
10220;6857,74;2018;Mo-Fr
10222;6713,41;2018;Mo-Fr
10226;1020,82;2018;Mo-Fr
10228;780,605;2018;Mo-Fr
10230;394,709;2018;Mo-Fr
10232;375,49;2018;Mo-Fr
10234;354,038;2018;Mo-Fr
10236;341,372;2018;Mo-Fr
10238;336,824;2018;Mo-Fr
10242;464,448;2018;Mo-Fr
10244;526,303;2018;Mo-Fr
10246;4710,5;2018;Mo-Fr
10248;4477,55;2018;Mo-Fr
10250;4440,52;2018;Mo-Fr
10254;4691,28;2018;Mo-Fr
10258;749,946;2018;Mo-Fr
10260;741,816;2018;Mo-Fr
10262;822,747;2018;Mo-Fr
10266;803,165;2018;Mo-Fr
10304;11781,48;2018;Mo-Fr
10306;11772,88;2018;Mo-Fr
10312;34551,46;2018;Mo-Fr
10314;35044,08;2018;Mo-Fr
10318;31169,25;2018;Mo-Fr
10352;37872,74;2018;Mo-Fr
10358;18362,75;2018;Mo-Fr
10370;38102,67;2018;Mo-Fr
10376;36192,92;2018;Mo-Fr
10396;3839,82;2018;Mo-Fr
10402;557,681;2018;Mo-Fr
10404;952,955;2018;Mo-Fr
10406;944,362;2018;Mo-Fr
10408;1058,43;2018;Mo-Fr
10410;1065,56;2018;Mo-Fr
10412;1063,71;2018;Mo-Fr
10414;1112,97;2018;Mo-Fr
10416;1121,77;2018;Mo-Fr
10422;3307,75;2018;Mo-Fr
10424;3755,86;2018;Mo-Fr
10426;2413,39;2018;Mo-Fr
10428;962,879;2018;Mo-Fr
10430;3969,67;2018;Mo-Fr
10432;4280,38;2018;Mo-Fr
10434;741,31;2018;Mo-Fr
10436;737,149;2018;Mo-Fr
10442;743,943;2018;Mo-Fr
10446;8644,08;2018;Mo-Fr
10450;71,693;2018;Mo-Fr
10452;8062;2018;Mo-Fr
10454;6724,95;2018;Mo-Fr
10456;2320,99;2018;Mo-Fr
10476;7236,62;2018;Mo-Fr
10478;7236,45;2018;Mo-Fr
10480;5015,68;2018;Mo-Fr
10482;4790,02;2018;Mo-Fr
10484;1512,97;2018;Mo-Fr
10490;2127,14;2018;Mo-Fr
10492;1665,15;2018;Mo-Fr
10494;1768,9;2018;Mo-Fr
10496;1196,67;2018;Mo-Fr
10498;1173,35;2018;Mo-Fr
10500;767,735;2018;Mo-Fr
10502;769,622;2018;Mo-Fr
10504;772,251;2018;Mo-Fr
10506;19258,36;2018;Mo-Fr
10508;19306,2;2018;Mo-Fr
10524;1052,66;2018;Mo-Fr
10528;4258,83;2018;Mo-Fr
10530;770,372;2018;Mo-Fr
10544;29504,37;2018;Mo-Fr
10545;29504,37;2018;Mo-Fr
10549;8668,16;2018;Mo-Fr
10565;1560,89;2018;Mo-Fr
10569;3063,18;2018;Mo-Fr
10573;1502,4;2018;Mo-Fr
10687;4927,44;2018;Mo-Fr
10688;1129,95;2018;Mo-Fr
10691;3797,49;2018;Mo-Fr
10698;5922,4;2018;Mo-Fr
10701;3825,64;2018;Mo-Fr
10740;1026,74;2018;Mo-Fr
10760;808,95;2018;Mo-Fr
10762;808,95;2018;Mo-Fr
10764;737,28;2018;Mo-Fr
10766;737,28;2018;Mo-Fr
10768;668,339;2018;Mo-Fr
10770;633,008;2018;Mo-Fr
10772;2161,68;2018;Mo-Fr
10774;2192,48;2018;Mo-Fr
10788;8668,16;2018;Mo-Fr
10789;8668,16;2018;Mo-Fr
10792;8099,81;2018;Mo-Fr
10793;8099,81;2018;Mo-Fr
10796;12775,73;2018;Mo-Fr
10797;12775,73;2018;Mo-Fr
10800;12450,15;2018;Mo-Fr
10801;12450,15;2018;Mo-Fr
10804;12055,26;2018;Mo-Fr
10805;12055,26;2018;Mo-Fr
10808;5368,42;2018;Mo-Fr
10809;5368,42;2018;Mo-Fr
10812;4875,12;2018;Mo-Fr
10816;4875,12;2018;Mo-Fr
10817;4875,12;2018;Mo-Fr
10821;6209,83;2018;Mo-Fr
10824;6209,83;2018;Mo-Fr
10825;6209,83;2018;Mo-Fr
10828;539,72;2018;Mo-Fr
10829;539,72;2018;Mo-Fr
10833;5093,48;2018;Mo-Fr
10836;2712,52;2018;Mo-Fr
10837;2712,52;2018;Mo-Fr
10844;6834,35;2018;Mo-Fr
10845;6834,35;2018;Mo-Fr
10848;1502,4;2018;Mo-Fr
10849;1502,4;2018;Mo-Fr
10853;1994,44;2018;Mo-Fr
10856;12649,76;2018;Mo-Fr
10857;12649,76;2018;Mo-Fr
10861;8944,62;2018;Mo-Fr
10869;2973,15;2018;Mo-Fr
10876;2920,69;2018;Mo-Fr
10877;2920,69;2018;Mo-Fr
10880;1811,93;2018;Mo-Fr
10881;1811,93;2018;Mo-Fr
10885;11389,35;2018;Mo-Fr
10888;11389,35;2018;Mo-Fr
10889;11389,35;2018;Mo-Fr
10892;1304,36;2018;Mo-Fr
10893;1304,36;2018;Mo-Fr
10896;1758,95;2018;Mo-Fr
10897;1758,95;2018;Mo-Fr
10904;11423,77;2018;Mo-Fr
10905;11423,77;2018;Mo-Fr
10908;4471,73;2018;Mo-Fr
10909;4471,73;2018;Mo-Fr
10936;1560,89;2018;Mo-Fr
10937;1560,89;2018;Mo-Fr
10940;3063,18;2018;Mo-Fr
10941;3063,18;2018;Mo-Fr
10944;2320,99;2018;Mo-Fr
10945;2320,99;2018;Mo-Fr
10952;1153,35;2018;Mo-Fr
10953;1153,35;2018;Mo-Fr
10960;878,659;2018;Mo-Fr
10961;878,659;2018;Mo-Fr
10964;3883,69;2018;Mo-Fr
10965;3883,69;2018;Mo-Fr
10968;1189,4;2018;Mo-Fr
10969;1189,4;2018;Mo-Fr
10972;3698,13;2018;Mo-Fr
10973;3698,13;2018;Mo-Fr
10976;335,851;2018;Mo-Fr
10977;335,851;2018;Mo-Fr
10980;1076,74;2018;Mo-Fr
10981;1076,74;2018;Mo-Fr
10984;11423,77;2018;Mo-Fr
10985;11423,77;2018;Mo-Fr
10988;4123,67;2018;Mo-Fr
10989;4123,67;2018;Mo-Fr
10992;8657,11;2018;Mo-Fr
10993;8657,11;2018;Mo-Fr
10996;65,751;2018;Mo-Fr
10997;65,751;2018;Mo-Fr
11010;35435,1;2018;Mo-Fr
11021;35435,1;2018;Mo-Fr
11023;11719,94;2018;Mo-Fr
11025;23715,16;2018;Mo-Fr
11027;23715,16;2018;Mo-Fr
11029;35902,74;2018;Mo-Fr
11031;9101,25;2018;Mo-Fr
11037;7236,62;2018;Mo-Fr
11038;7236,62;2018;Mo-Fr
11051;8944,62;2018;Mo-Fr
11073;160,9;2018;Mo-Fr
11129;7275,06;2018;Mo-Fr
11130;262,67;2018;Mo-Fr
11133;240,387;2018;Mo-Fr
11135;7012,39;2018;Mo-Fr
11211;3037,48;2018;Mo-Fr
11213;5990,5;2018;Mo-Fr
11237;1994,44;2018;Mo-Fr
11269;1441,28;2018;Mo-Fr
11270;668,339;2018;Mo-Fr
11274;96,589;2018;Mo-Fr
11278;96,589;2018;Mo-Fr
11282;96,589;2018;Mo-Fr
11286;425,311;2018;Mo-Fr
11289;425,311;2018;Mo-Fr
11290;425,311;2018;Mo-Fr
11294;5093,48;2018;Mo-Fr
11301;22889,02;2018;Mo-Fr
11302;22204,3;2018;Mo-Fr
11309;921,447;2018;Mo-Fr
11413;5383,25;2018;Mo-Fr
11417;5109,31;2018;Mo-Fr
11419;284,863;2018;Mo-Fr
11423;1999,99;2018;Mo-Fr
11424;2015,81;2018;Mo-Fr
11433;2973,15;2018;Mo-Fr
11435;3037,48;2018;Mo-Fr
11441;2768,1;2018;Mo-Fr
11443;2807,36;2018;Mo-Fr
11493;2587,14;2018;Mo-Fr
11509;2706,2;2018;Mo-Fr
11511;2768,1;2018;Mo-Fr
11551;2264,31;2018;Mo-Fr
11553;2261,02;2018;Mo-Fr
11555;2096,76;2018;Mo-Fr
11631;2019,32;2018;Mo-Fr
11709;9054,51;2018;Mo-Fr
11729;2220,17;2018;Mo-Fr
11829;243,012;2018;Mo-Fr
11831;185,365;2018;Mo-Fr
11869;735,908;2018;Mo-Fr
10000;1214,64;2018;Sa
10004;897,237;2018;Sa
10006;945,542;2018;Sa
10014;2274,94;2018;Sa
10026;8533,83;2018;Sa
10030;8342,24;2018;Sa
10040;3131,66;2018;Sa
10042;2988,06;2018;Sa
10044;2968,7;2018;Sa
10046;2868,14;2018;Sa
10050;2709,81;2018;Sa
10052;3716,74;2018;Sa
10054;2826,07;2018;Sa
10056;3531,26;2018;Sa
10058;2622,04;2018;Sa
10060;2163,64;2018;Sa
10062;1935,55;2018;Sa
10068;569,763;2018;Sa
10072;1670,55;2018;Sa
10074;2301,07;2018;Sa
10076;2579,39;2018;Sa
10080;1796,69;2018;Sa
10084;1651,84;2018;Sa
10086;1623,15;2018;Sa
10088;1471,64;2018;Sa
10090;1454,39;2018;Sa
10092;1131,24;2018;Sa
10094;1129,47;2018;Sa
10096;1119,67;2018;Sa
10098;36,292;2018;Sa
10100;36,292;2018;Sa
10102;1015,7;2018;Sa
10104;11853,86;2018;Sa
10108;2177,94;2018;Sa
10110;2089,77;2018;Sa
10114;2271,06;2018;Sa
10122;1231,96;2018;Sa
10124;1129,94;2018;Sa
10126;1084,27;2018;Sa
10130;1092,5;2018;Sa
10132;1197,67;2018;Sa
10134;1267,9;2018;Sa
10136;1380,85;2018;Sa
10140;1523,52;2018;Sa
10142;3042,06;2018;Sa
10144;3246,64;2018;Sa
10146;407,404;2018;Sa
10150;345,288;2018;Sa
10152;4464,25;2018;Sa
10160;3965,6;2018;Sa
10162;3217,33;2018;Sa
10164;3278,37;2018;Sa
10166;3636,06;2018;Sa
10168;3953,92;2018;Sa
10170;4160,25;2018;Sa
10172;4939,42;2018;Sa
10174;4576,33;2018;Sa
10176;5187,79;2018;Sa
10180;6210,54;2018;Sa
10182;7009,62;2018;Sa
10184;1972,73;2018;Sa
10188;1936,73;2018;Sa
10190;1922,29;2018;Sa
10192;1442,6;2018;Sa
10194;1333,65;2018;Sa
10202;1171,81;2018;Sa
10204;1146,04;2018;Sa
10206;1043,64;2018;Sa
10208;1040,33;2018;Sa
10210;995,865;2018;Sa
10212;754,135;2018;Sa
10216;8900,91;2018;Sa
10218;8313,14;2018;Sa
10220;8215,41;2018;Sa
10222;8150,04;2018;Sa
10226;803,404;2018;Sa
10228;627,25;2018;Sa
10230;396,75;2018;Sa
10232;379,365;2018;Sa
10234;361,769;2018;Sa
10236;351,692;2018;Sa
10238;333,942;2018;Sa
10242;438,019;2018;Sa
10244;483,538;2018;Sa
10246;6608,64;2018;Sa
10248;6500,78;2018;Sa
10250;6509,6;2018;Sa
10254;6697,99;2018;Sa
10258;745,154;2018;Sa
10260;751,846;2018;Sa
10262;824,019;2018;Sa
10266;830,269;2018;Sa
10304;7178,33;2018;Sa
10306;7276,37;2018;Sa
10312;29907,71;2018;Sa
10314;30198,65;2018;Sa
10318;28257,34;2018;Sa
10352;25958,03;2018;Sa
10358;18036,17;2018;Sa
10370;25992,32;2018;Sa
10376;24904,77;2018;Sa
10396;5768,91;2018;Sa
10402;602,625;2018;Sa
10404;863,7;2018;Sa
10406;832,3;2018;Sa
10408;843,575;2018;Sa
10410;845,5;2018;Sa
10412;847,15;2018;Sa
10414;886,85;2018;Sa
10416;893,6;2018;Sa
10422;3973,29;2018;Sa
10424;5355,36;2018;Sa
10426;2962,24;2018;Sa
10428;826,475;2018;Sa
10430;5346,51;2018;Sa
10432;5359,84;2018;Sa
10434;1111,9;2018;Sa
10436;1110,64;2018;Sa
10442;1118,75;2018;Sa
10446;7875,38;2018;Sa
10450;51,135;2018;Sa
10452;7566,24;2018;Sa
10454;6934,06;2018;Sa
10456;2846,24;2018;Sa
10476;5968,5;2018;Sa
10478;5968,5;2018;Sa
10480;4895,62;2018;Sa
10482;4795,04;2018;Sa
10484;1545,88;2018;Sa
10490;2439,31;2018;Sa
10492;1652,95;2018;Sa
10494;1778,47;2018;Sa
10496;1171,8;2018;Sa
10498;1161,1;2018;Sa
10500;656,342;2018;Sa
10502;656,342;2018;Sa
10504;656,342;2018;Sa
10506;15076,59;2018;Sa
10508;15125,22;2018;Sa
10524;1041;2018;Sa
10528;4870,36;2018;Sa
10530;656,342;2018;Sa
10544;20758,4;2018;Sa
10545;20758,4;2018;Sa
10549;5601,15;2018;Sa
10565;1627,1;2018;Sa
10569;3737,48;2018;Sa
10573;1679,43;2018;Sa
10687;6494,95;2018;Sa
10688;890,8;2018;Sa
10691;5604,15;2018;Sa
10698;6284,92;2018;Sa
10701;4439,51;2018;Sa
10740;828,577;2018;Sa
10760;825,962;2018;Sa
10762;825,962;2018;Sa
10764;728,096;2018;Sa
10766;728,096;2018;Sa
10768;864,2;2018;Sa
10770;784,36;2018;Sa
10772;1432,1;2018;Sa
10774;1470,96;2018;Sa
10788;5601,15;2018;Sa
10789;5601,15;2018;Sa
10792;8924,97;2018;Sa
10793;8924,97;2018;Sa
10796;13371,51;2018;Sa
10797;13371,51;2018;Sa
10800;13152,84;2018;Sa
10801;13152,84;2018;Sa
10804;12910,82;2018;Sa
10805;12910,82;2018;Sa
10808;3627,69;2018;Sa
10809;3627,69;2018;Sa
10812;3365,35;2018;Sa
10816;3365,35;2018;Sa
10817;3365,35;2018;Sa
10821;3003,54;2018;Sa
10824;3003,54;2018;Sa
10825;3003,54;2018;Sa
10828;335,231;2018;Sa
10829;335,231;2018;Sa
10833;4183,16;2018;Sa
10836;2462,05;2018;Sa
10837;2462,05;2018;Sa
10844;6635,46;2018;Sa
10845;6635,46;2018;Sa
10848;1679,43;2018;Sa
10849;1679,43;2018;Sa
10853;1932,67;2018;Sa
10856;11243,88;2018;Sa
10857;11243,88;2018;Sa
10861;8703,86;2018;Sa
10869;2674,89;2018;Sa
10876;2626,52;2018;Sa
10877;2626,52;2018;Sa
10880;1965,21;2018;Sa
10881;1965,21;2018;Sa
10885;12493,74;2018;Sa
10888;12493,74;2018;Sa
10889;12493,74;2018;Sa
10892;1170,33;2018;Sa
10893;1170,33;2018;Sa
10896;1256,56;2018;Sa
10897;1256,56;2018;Sa
10904;12501,13;2018;Sa
10905;12501,13;2018;Sa
10908;6525,89;2018;Sa
10909;6525,89;2018;Sa
10936;1627,1;2018;Sa
10937;1627,1;2018;Sa
10940;3737,48;2018;Sa
10941;3737,48;2018;Sa
10944;2846,24;2018;Sa
10945;2846,24;2018;Sa
10952;951,869;2018;Sa
10953;951,869;2018;Sa
10960;986,312;2018;Sa
10961;986,312;2018;Sa
10964;4592,22;2018;Sa
10965;4592,22;2018;Sa
10968;1065,14;2018;Sa
10969;1065,14;2018;Sa
10972;5647,03;2018;Sa
10973;5647,03;2018;Sa
10976;326,827;2018;Sa
10977;326,827;2018;Sa
10980;841,577;2018;Sa
10981;841,577;2018;Sa
10984;12501,13;2018;Sa
10985;12501,13;2018;Sa
10988;4773,44;2018;Sa
10989;4773,44;2018;Sa
10992;8362,26;2018;Sa
10993;8362,26;2018;Sa
10996;49,192;2018;Sa
10997;49,192;2018;Sa
11010;31128,93;2018;Sa
11021;31128,93;2018;Sa
11023;9701,57;2018;Sa
11025;21427,36;2018;Sa
11027;21427,36;2018;Sa
11029;25013,64;2018;Sa
11031;6855,2;2018;Sa
11037;5968,5;2018;Sa
11038;5968,5;2018;Sa
11051;8703,86;2018;Sa
11073;171,681;2018;Sa
11129;7007,39;2018;Sa
11130;149;2018;Sa
11133;139,923;2018;Sa
11135;6858,39;2018;Sa
11211;2752,15;2018;Sa
11213;5445,41;2018;Sa
11237;1932,67;2018;Sa
11269;1651,07;2018;Sa
11270;864,2;2018;Sa
11274;155,229;2018;Sa
11278;155,229;2018;Sa
11282;155,229;2018;Sa
11286;478,662;2018;Sa
11289;478,662;2018;Sa
11290;478,662;2018;Sa
11294;4183,16;2018;Sa
11301;16549,14;2018;Sa
11302;16259,49;2018;Sa
11309;899,507;2018;Sa
11413;4432,54;2018;Sa
11417;4208,09;2018;Sa
11419;224,45;2018;Sa
11423;1937,58;2018;Sa
11424;2026,48;2018;Sa
11433;2674,89;2018;Sa
11435;2752,15;2018;Sa
11441;2435,08;2018;Sa
11443;2478;2018;Sa
11493;2250,12;2018;Sa
11509;2352,25;2018;Sa
11511;2435,08;2018;Sa
11551;1996,79;2018;Sa
11553;1954,24;2018;Sa
11555;1845,41;2018;Sa
11631;2898,46;2018;Sa
11709;9793,38;2018;Sa
11729;3157,93;2018;Sa
11829;221,1;2018;Sa
11831;156,575;2018;Sa
11869;1110,4;2018;Sa
10000;1036,25;2018;So
10004;763,983;2018;So
10006;760,838;2018;So
10014;1932,47;2018;So
10026;7337,38;2018;So
10030;7298,93;2018;So
10040;2785,04;2018;So
10042;2700,42;2018;So
10044;2698,3;2018;So
10046;2534,75;2018;So
10050;2295,78;2018;So
10052;2791,93;2018;So
10054;2340,63;2018;So
10056;3136,15;2018;So
10058;2203,53;2018;So
10060;1802,68;2018;So
10062;1631,01;2018;So
10068;510,079;2018;So
10072;1837,13;2018;So
10074;2526,17;2018;So
10076;2716,86;2018;So
10080;1689,29;2018;So
10084;1549,39;2018;So
10086;1536,49;2018;So
10088;1404,98;2018;So
10090;1390,62;2018;So
10092;1075,68;2018;So
10094;1075,47;2018;So
10096;1065,33;2018;So
10098;21,395;2018;So
10100;21,395;2018;So
10102;866,196;2018;So
10104;10694,79;2018;So
10108;2337,46;2018;So
10110;2253,35;2018;So
10114;1482,87;2018;So
10122;917,596;2018;So
10124;650,962;2018;So
10126;632,385;2018;So
10130;646,558;2018;So
10132;735,077;2018;So
10134;805,115;2018;So
10136;866,481;2018;So
10140;934,5;2018;So
10142;1761,6;2018;So
10144;1850,19;2018;So
10146;233,096;2018;So
10150;211,308;2018;So
10152;2467,52;2018;So
10160;2267,64;2018;So
10162;1616,27;2018;So
10164;1642,54;2018;So
10166;1780,92;2018;So
10168;1899,77;2018;So
10170;1931,46;2018;So
10172;2794,5;2018;So
10174;2597,4;2018;So
10176;2948,83;2018;So
10180;3364,06;2018;So
10182;3808;2018;So
10184;1468,92;2018;So
10188;1438,42;2018;So
10190;1428,08;2018;So
10192;1045,06;2018;So
10194;999,865;2018;So
10202;762,269;2018;So
10204;751,25;2018;So
10206;703,25;2018;So
10208;700,692;2018;So
10210;673,404;2018;So
10212;514,558;2018;So
10216;7320,17;2018;So
10218;6901,5;2018;So
10220;6796,06;2018;So
10222;6731,48;2018;So
10226;550,404;2018;So
10228;454,538;2018;So
10230;318,577;2018;So
10232;309,019;2018;So
10234;296,365;2018;So
10236;288,558;2018;So
10238;275,346;2018;So
10242;338,385;2018;So
10244;363,558;2018;So
10246;5564,53;2018;So
10248;5497,79;2018;So
10250;5516,09;2018;So
10254;5626,11;2018;So
10258;584,154;2018;So
10260;589,558;2018;So
10262;611,288;2018;So
10266;606,038;2018;So
10304;3775,48;2018;So
10306;3898,79;2018;So
10312;24232,09;2018;So
10314;24426,99;2018;So
10318;23182,21;2018;So
10352;21182,35;2018;So
10358;15098,45;2018;So
10370;21165,27;2018;So
10376;20332,2;2018;So
10396;4846,31;2018;So
10402;532,421;2018;So
10404;698,723;2018;So
10406;680,294;2018;So
10408;687,25;2018;So
10410;689,738;2018;So
10412;689,188;2018;So
10414;704,417;2018;So
10416;705,502;2018;So
10422;3646,26;2018;So
10424;4440,7;2018;So
10426;2644,25;2018;So
10428;679,423;2018;So
10430;4354,24;2018;So
10432;4367,68;2018;So
10434;820,077;2018;So
10436;819,212;2018;So
10442;819,808;2018;So
10446;6564,15;2018;So
10450;29,481;2018;So
10452;6359,43;2018;So
10454;5897,14;2018;So
10456;2499,1;2018;So
10476;4295,68;2018;So
10478;4278,54;2018;So
10480;3645,1;2018;So
10482;3588,93;2018;So
10484;1689,36;2018;So
10490;1829,15;2018;So
10492;1458,78;2018;So
10494;1791,93;2018;So
10496;1014,63;2018;So
10498;998,788;2018;So
10500;544,844;2018;So
10502;544,844;2018;So
10504;544,844;2018;So
10506;13224,1;2018;So
10508;13268,29;2018;So
10524;880,652;2018;So
10528;4345,74;2018;So
10530;544,844;2018;So
10544;17268,66;2018;So
10545;17268,66;2018;So
10549;3150,89;2018;So
10565;1719,46;2018;So
10569;2951,44;2018;So
10573;1563,69;2018;So
10687;5474,31;2018;So
10688;698,046;2018;So
10691;4776,26;2018;So
10698;5419,5;2018;So
10701;3928,29;2018;So
10740;569,885;2018;So
10760;610,385;2018;So
10762;610,385;2018;So
10764;578,5;2018;So
10766;578,5;2018;So
10768;779,204;2018;So
10770;712,9;2018;So
10772;875,135;2018;So
10774;875,135;2018;So
10788;3150,89;2018;So
10789;3150,89;2018;So
10792;7341,13;2018;So
10793;7341,13;2018;So
10796;11808,58;2018;So
10797;11808,58;2018;So
10800;11666,15;2018;So
10801;11666,15;2018;So
10804;11490,14;2018;So
10805;11490,14;2018;So
10808;2072,81;2018;So
10809;2072,81;2018;So
10812;1923,67;2018;So
10816;1923,67;2018;So
10817;1923,67;2018;So
10821;1531,69;2018;So
10824;1531,69;2018;So
10825;1531,69;2018;So
10828;206,923;2018;So
10829;206,923;2018;So
10833;3107,94;2018;So
10836;2251,95;2018;So
10837;2251,95;2018;So
10844;5919,71;2018;So
10845;5919,71;2018;So
10848;1563,69;2018;So
10849;1563,69;2018;So
10853;2070,27;2018;So
10856;10018,98;2018;So
10857;10018,98;2018;So
10861;7402,58;2018;So
10869;2146,64;2018;So
10876;2138,29;2018;So
10877;2138,29;2018;So
10880;1465,58;2018;So
10881;1465,58;2018;So
10885;11135,49;2018;So
10888;11135,49;2018;So
10889;11135,49;2018;So
10892;869,865;2018;So
10893;869,865;2018;So
10896;718,192;2018;So
10897;718,192;2018;So
10904;11130,71;2018;So
10905;11130,71;2018;So
10908;5543,94;2018;So
10909;5543,94;2018;So
10936;1719,46;2018;So
10937;1719,46;2018;So
10940;2951,44;2018;So
10941;2951,44;2018;So
10944;2499,1;2018;So
10945;2499,1;2018;So
10952;748,806;2018;So
10953;748,806;2018;So
10960;996,513;2018;So
10961;996,513;2018;So
10964;4166,21;2018;So
10965;4166,21;2018;So
10968;940,196;2018;So
10969;940,196;2018;So
10972;4761,09;2018;So
10973;4761,09;2018;So
10976;269,558;2018;So
10977;269,558;2018;So
10980;578,923;2018;So
10981;578,923;2018;So
10984;11130,71;2018;So
10985;11130,71;2018;So
10988;4142,08;2018;So
10989;4142,08;2018;So
10992;7285,44;2018;So
10993;7285,44;2018;So
10996;44,635;2018;So
10997;44,635;2018;So
11010;25319,88;2018;So
11021;25319,88;2018;So
11023;7492,87;2018;So
11025;17827,01;2018;So
11027;17827,01;2018;So
11029;20394,29;2018;So
11031;4886,52;2018;So
11037;4295,68;2018;So
11038;4295,68;2018;So
11051;7402,58;2018;So
11073;156,006;2018;So
11129;5671,89;2018;So
11130;110,538;2018;So
11133;104,404;2018;So
11135;5561,35;2018;So
11211;2172,66;2018;So
11213;4058,17;2018;So
11237;2070,27;2018;So
11269;1426,37;2018;So
11270;779,204;2018;So
11274;143,965;2018;So
11278;143,965;2018;So
11282;143,965;2018;So
11286;422,41;2018;So
11289;422,41;2018;So
11290;422,41;2018;So
11294;3107,94;2018;So
11301;14307,05;2018;So
11302;14080,77;2018;So
11309;616,08;2018;So
11413;3123,39;2018;So
11417;3123,39;2018;So
11423;2067,09;2018;So
11424;2123,18;2018;So
11433;2146,64;2018;So
11435;2172,66;2018;So
11441;1829,64;2018;So
11443;1852,52;2018;So
11493;1727,1;2018;So
11509;1787,91;2018;So
11511;1829,64;2018;So
11551;1575;2018;So
11553;1552,02;2018;So
11555;1491,22;2018;So
11631;2912,39;2018;So
11709;8903,49;2018;So
11729;2983,78;2018;So
11869;820,808;2018;So
10000;1274,76;2018;Mo-So
10004;997,235;2018;Mo-So
10006;1079,69;2018;Mo-So
10014;2371,92;2018;Mo-So
10026;8560,88;2018;Mo-So
10030;8310,33;2018;Mo-So
10040;3426,46;2018;Mo-So
10042;3299,4;2018;Mo-So
10044;3328,66;2018;Mo-So
10046;3142,26;2018;Mo-So
10050;3117,39;2018;Mo-So
10052;4221,41;2018;Mo-So
10054;3239,7;2018;Mo-So
10056;3322,64;2018;Mo-So
10058;2352,63;2018;Mo-So
10060;1911,58;2018;Mo-So
10062;1709,87;2018;Mo-So
10068;492,631;2018;Mo-So
10072;1206,41;2018;Mo-So
10074;1749,16;2018;Mo-So
10076;1997,28;2018;Mo-So
10080;1711,2;2018;Mo-So
10084;1515,15;2018;Mo-So
10086;1487,13;2018;Mo-So
10088;1325,73;2018;Mo-So
10090;1291,16;2018;Mo-So
10092;971,902;2018;Mo-So
10094;970,881;2018;Mo-So
10096;961,399;2018;Mo-So
10098;20,201;2018;Mo-So
10100;20,201;2018;Mo-So
10102;946,004;2018;Mo-So
10104;13397,8;2018;Mo-So
10108;2303,28;2018;Mo-So
10110;2213,37;2018;Mo-So
10114;2499,7;2018;Mo-So
10122;1240,12;2018;Mo-So
10124;1402,66;2018;Mo-So
10126;1335,56;2018;Mo-So
10130;1334,24;2018;Mo-So
10132;1545,82;2018;Mo-So
10134;1645,57;2018;Mo-So
10136;1803,67;2018;Mo-So
10140;1962,67;2018;Mo-So
10142;4061,28;2018;Mo-So
10144;4542,64;2018;Mo-So
10146;576,852;2018;Mo-So
10150;478,03;2018;Mo-So
10152;6312,5;2018;Mo-So
10160;5120,33;2018;Mo-So
10162;5509,72;2018;Mo-So
10164;5614,17;2018;Mo-So
10166;6210,01;2018;Mo-So
10168;6853,4;2018;Mo-So
10170;6692,43;2018;Mo-So
10172;6697,98;2018;Mo-So
10174;6111,81;2018;Mo-So
10176;7056,55;2018;Mo-So
10180;8252,75;2018;Mo-So
10182;9546,64;2018;Mo-So
10184;1800,06;2018;Mo-So
10188;1748,99;2018;Mo-So
10190;1733,26;2018;Mo-So
10192;1415,71;2018;Mo-So
10194;1330,74;2018;Mo-So
10202;1875,86;2018;Mo-So
10204;1794,12;2018;Mo-So
10206;1638,74;2018;Mo-So
10208;1634,37;2018;Mo-So
10210;1570,85;2018;Mo-So
10212;1207,95;2018;Mo-So
10216;8042,83;2018;Mo-So
10218;7262,49;2018;Mo-So
10220;7042,37;2018;Mo-So
10222;6920,66;2018;Mo-So
10226;922,83;2018;Mo-So
10228;712,304;2018;Mo-So
10230;384,153;2018;Mo-So
10232;366,573;2018;Mo-So
10234;346,923;2018;Mo-So
10236;335,318;2018;Mo-So
10238;327,655;2018;Mo-So
10242;442,723;2018;Mo-So
10244;497,025;2018;Mo-So
10246;5102,59;2018;Mo-So
10248;4911,14;2018;Mo-So
10250;4888,53;2018;Mo-So
10254;5110,35;2018;Mo-So
10258;725,644;2018;Mo-So
10260;721,553;2018;Mo-So
10262;792,803;2018;Mo-So
10266;778,942;2018;Mo-So
10304;9985,11;2018;Mo-So
10306;10010,49;2018;Mo-So
10312;32419,73;2018;Mo-So
10314;32841,2;2018;Mo-So
10318;29616,52;2018;Mo-So
10352;33797,5;2018;Mo-So
10358;17851,17;2018;Mo-So
10370;33964,36;2018;Mo-So
10376;32325,14;2018;Mo-So
10396;4258,04;2018;Mo-So
10402;560,485;2018;Mo-So
10404;904,02;2018;Mo-So
10406;890,776;2018;Mo-So
10408;974,938;2018;Mo-So
10410;980,665;2018;Mo-So
10412;979,502;2018;Mo-So
10414;1022,55;2018;Mo-So
10416;1029,96;2018;Mo-So
10422;3450,79;2018;Mo-So
10424;4081,3;2018;Mo-So
10426;2524,48;2018;Mo-So
10428;903,063;2018;Mo-So
10430;4220,61;2018;Mo-So
10432;4446,6;2018;Mo-So
10434;805,329;2018;Mo-So
10436;802,049;2018;Mo-So
10442;808,148;2018;Mo-So
10446;8238,25;2018;Mo-So
10450;62,751;2018;Mo-So
10452;7748,81;2018;Mo-So
10454;6636,81;2018;Mo-So
10456;2421,2;2018;Mo-So
10476;6636,97;2018;Mo-So
10478;6634,41;2018;Mo-So
10480;4803,31;2018;Mo-So
10482;4619,62;2018;Mo-So
10484;1542,79;2018;Mo-So
10490;2129,16;2018;Mo-So
10492;1634,89;2018;Mo-So
10494;1773,55;2018;Mo-So
10496;1167,96;2018;Mo-So
10498;1147,48;2018;Mo-So
10500;720,948;2018;Mo-So
10502;722,303;2018;Mo-So
10504;724,191;2018;Mo-So
10506;17802,93;2018;Mo-So
10508;17850,36;2018;Mo-So
10524;1027,22;2018;Mo-So
10528;4358,33;2018;Mo-So
10530;722,841;2018;Mo-So
10544;26515,2;2018;Mo-So
10545;26515,2;2018;Mo-So
10549;7445,19;2018;Mo-So
10565;1592,91;2018;Mo-So
10569;3143,33;2018;Mo-So
10573;1536,35;2018;Mo-So
10687;5228,66;2018;Mo-So
10688;1034,35;2018;Mo-So
10691;4194,32;2018;Mo-So
10698;5902,4;2018;Mo-So
10701;3927,72;2018;Mo-So
10740;933,419;2018;Mo-So
10760;783,085;2018;Mo-So
10762;783,085;2018;Mo-So
10764;713,351;2018;Mo-So
10766;713,351;2018;Mo-So
10768;712,037;2018;Mo-So
10770;665,952;2018;Mo-So
10772;1873,66;2018;Mo-So
10774;1901,21;2018;Mo-So
10788;7445,19;2018;Mo-So
10789;7445,19;2018;Mo-So
10792;8109,28;2018;Mo-So
10793;8109,28;2018;Mo-So
10796;12722,82;2018;Mo-So
10797;12722,82;2018;Mo-So
10800;12438,57;2018;Mo-So
10801;12438,57;2018;Mo-So
10804;12096,64;2018;Mo-So
10805;12096,64;2018;Mo-So
10808;4650,91;2018;Mo-So
10809;4650,91;2018;Mo-So
10812;4239,55;2018;Mo-So
10816;4239,55;2018;Mo-So
10817;4239,55;2018;Mo-So
10821;5086,57;2018;Mo-So
10824;5086,57;2018;Mo-So
10825;5086,57;2018;Mo-So
10828;463,175;2018;Mo-So
10829;463,175;2018;Mo-So
10833;4680,92;2018;Mo-So
10836;2611,22;2018;Mo-So
10837;2611,22;2018;Mo-So
10844;6675,71;2018;Mo-So
10845;6675,71;2018;Mo-So
10848;1536,35;2018;Mo-So
10849;1536,35;2018;Mo-So
10853;1996,45;2018;Mo-So
10856;12074,68;2018;Mo-So
10857;12074,68;2018;Mo-So
10861;8690,63;2018;Mo-So
10869;2812,91;2018;Mo-So
10876;2767,32;2018;Mo-So
10877;2767,32;2018;Mo-So
10880;1784,43;2018;Mo-So
10881;1784,43;2018;Mo-So
10885;11510,52;2018;Mo-So
10888;11510,52;2018;Mo-So
10889;11510,52;2018;Mo-So
10892;1223,36;2018;Mo-So
10893;1223,36;2018;Mo-So
10896;1538,5;2018;Mo-So
10897;1538,5;2018;Mo-So
10904;11535,51;2018;Mo-So
10905;11535,51;2018;Mo-So
10908;4917,13;2018;Mo-So
10909;4917,13;2018;Mo-So
10936;1592,91;2018;Mo-So
10937;1592,91;2018;Mo-So
10940;3143,33;2018;Mo-So
10941;3143,33;2018;Mo-So
10944;2421,2;2018;Mo-So
10945;2421,2;2018;Mo-So
10952;1067,01;2018;Mo-So
10953;1067,01;2018;Mo-So
10960;910,786;2018;Mo-So
10961;910,786;2018;Mo-So
10964;4024,88;2018;Mo-So
10965;4024,88;2018;Mo-So
10968;1136,19;2018;Mo-So
10969;1136,19;2018;Mo-So
10972;4127,21;2018;Mo-So
10973;4127,21;2018;Mo-So
10976;325,121;2018;Mo-So
10977;325,121;2018;Mo-So
10980;972,312;2018;Mo-So
10981;972,312;2018;Mo-So
10984;11535,51;2018;Mo-So
10985;11535,51;2018;Mo-So
10988;4218,86;2018;Mo-So
10989;4218,86;2018;Mo-So
10992;8419,69;2018;Mo-So
10993;8419,69;2018;Mo-So
10996;60,384;2018;Mo-So
10997;60,384;2018;Mo-So
11010;33380,55;2018;Mo-So
11021;33380,55;2018;Mo-So
11023;10830,18;2018;Mo-So
11025;22550,37;2018;Mo-So
11027;22550,37;2018;Mo-So
11029;32141,99;2018;Mo-So
11031;8180,81;2018;Mo-So
11037;6636,97;2018;Mo-So
11038;6636,97;2018;Mo-So
11051;8690,63;2018;Mo-So
11073;161,767;2018;Mo-So
11129;7008,53;2018;Mo-So
11130;224,803;2018;Mo-So
11133;206,701;2018;Mo-So
11135;6783,72;2018;Mo-So
11211;2873,63;2018;Mo-So
11213;5637,55;2018;Mo-So
11237;1996,45;2018;Mo-So
11269;1469,05;2018;Mo-So
11270;712,037;2018;Mo-So
11274;111,693;2018;Mo-So
11278;111,693;2018;Mo-So
11282;111,693;2018;Mo-So
11286;432,498;2018;Mo-So
11289;432,498;2018;Mo-So
11290;432,498;2018;Mo-So
11294;4680,92;2018;Mo-So
11301;20763,16;2018;Mo-So
11302;20200,04;2018;Mo-So
11309;874,817;2018;Mo-So
11413;4925,86;2018;Mo-So
11417;4697,99;2018;Mo-So
11419;274,495;2018;Mo-So
11423;2000,66;2018;Mo-So
11424;2032,63;2018;Mo-So
11433;2812,91;2018;Mo-So
11435;2873,63;2018;Mo-So
11441;2586,96;2018;Mo-So
11443;2624,4;2018;Mo-So
11493;2416,6;2018;Mo-So
11509;2524,95;2018;Mo-So
11511;2586,96;2018;Mo-So
11551;2127,99;2018;Mo-So
11553;2116,31;2018;Mo-So
11555;1974,68;2018;Mo-So
11631;2271,8;2018;Mo-So
11709;9138,26;2018;Mo-So
11729;2462,55;2018;Mo-So
11829;239,252;2018;Mo-So
11831;180,424;2018;Mo-So
11869;801,356;2018;Mo-So
10000;1283,1;2017;Mo-So
10004;1028,98;2017;Mo-So
10006;1117,8;2017;Mo-So
10014;2330,91;2017;Mo-So
10026;7009,97;2017;Mo-So
10030;6755,43;2017;Mo-So
10040;3486,57;2017;Mo-So
10042;3369,63;2017;Mo-So
10044;3391,29;2017;Mo-So
10046;3165,64;2017;Mo-So
10050;3139,04;2017;Mo-So
10052;4285,56;2017;Mo-So
10054;3260,89;2017;Mo-So
10056;3067,8;2017;Mo-So
10058;2163,22;2017;Mo-So
10060;1771,68;2017;Mo-So
10062;1607,28;2017;Mo-So
10068;396,601;2017;Mo-So
10072;1162,09;2017;Mo-So
10074;1685,89;2017;Mo-So
10076;1911,57;2017;Mo-So
10080;1481,06;2017;Mo-So
10084;1293,34;2017;Mo-So
10086;1263,37;2017;Mo-So
10088;1174,1;2017;Mo-So
10090;1177,14;2017;Mo-So
10092;1017,85;2017;Mo-So
10094;1017,26;2017;Mo-So
10096;1010,87;2017;Mo-So
10098;1348,33;2017;Mo-So
10100;1348,33;2017;Mo-So
10102;2278,24;2017;Mo-So
10104;12131,85;2017;Mo-So
10108;2194,65;2017;Mo-So
10110;2098,27;2017;Mo-So
10114;2390,89;2017;Mo-So
10122;1203,39;2017;Mo-So
10124;1426,66;2017;Mo-So
10126;1337,08;2017;Mo-So
10130;1340,24;2017;Mo-So
10132;1542,53;2017;Mo-So
10134;1648;2017;Mo-So
10136;1788,23;2017;Mo-So
10140;1928,9;2017;Mo-So
10142;3970,82;2017;Mo-So
10144;4415,2;2017;Mo-So
10146;570,748;2017;Mo-So
10150;476,378;2017;Mo-So
10152;6209,58;2017;Mo-So
10160;4896,7;2017;Mo-So
10162;5372,17;2017;Mo-So
10164;5470,65;2017;Mo-So
10166;6042,52;2017;Mo-So
10168;6738,56;2017;Mo-So
10170;6574,69;2017;Mo-So
10172;6427,11;2017;Mo-So
10174;5896,46;2017;Mo-So
10176;6742,21;2017;Mo-So
10180;8039,23;2017;Mo-So
10182;9682,85;2017;Mo-So
10184;1764,76;2017;Mo-So
10188;1713,65;2017;Mo-So
10190;1697,97;2017;Mo-So
10192;1381,29;2017;Mo-So
10194;1291,93;2017;Mo-So
10202;1903,43;2017;Mo-So
10204;1833,11;2017;Mo-So
10206;1659,63;2017;Mo-So
10208;1654,53;2017;Mo-So
10210;1590,85;2017;Mo-So
10212;1188,07;2017;Mo-So
10216;7769,59;2017;Mo-So
10218;6944,85;2017;Mo-So
10220;6733,55;2017;Mo-So
10222;6608,06;2017;Mo-So
10226;923,91;2017;Mo-So
10228;731,901;2017;Mo-So
10230;392,312;2017;Mo-So
10232;373,992;2017;Mo-So
10234;349,362;2017;Mo-So
10236;339,479;2017;Mo-So
10238;329,6;2017;Mo-So
10242;457,208;2017;Mo-So
10244;516,718;2017;Mo-So
10246;4727,46;2017;Mo-So
10248;4528,01;2017;Mo-So
10250;4532,35;2017;Mo-So
10254;4761,68;2017;Mo-So
10258;753,019;2017;Mo-So
10260;751,373;2017;Mo-So
10262;824,477;2017;Mo-So
10266;805,718;2017;Mo-So
10304;10012,58;2017;Mo-So
10306;10095,81;2017;Mo-So
10312;30798,52;2017;Mo-So
10314;31174,6;2017;Mo-So
10318;27965,41;2017;Mo-So
10352;30760,55;2017;Mo-So
10358;16617,61;2017;Mo-So
10370;31023,14;2017;Mo-So
10376;29690,8;2017;Mo-So
10396;3945,09;2017;Mo-So
10402;495,121;2017;Mo-So
10404;833,268;2017;Mo-So
10406;817,148;2017;Mo-So
10408;893,64;2017;Mo-So
10410;903,935;2017;Mo-So
10412;905,113;2017;Mo-So
10414;941,578;2017;Mo-So
10416;947,136;2017;Mo-So
10422;3504,74;2017;Mo-So
10424;3851,53;2017;Mo-So
10426;2533,11;2017;Mo-So
10428;821,522;2017;Mo-So
10430;4001,54;2017;Mo-So
10432;4278,85;2017;Mo-So
10434;840,263;2017;Mo-So
10436;835,542;2017;Mo-So
10442;853,518;2017;Mo-So
10446;8086,13;2017;Mo-So
10450;62,263;2017;Mo-So
10452;7546,17;2017;Mo-So
10454;6511,48;2017;Mo-So
10456;2434,72;2017;Mo-So
10476;6759,29;2017;Mo-So
10478;6758,39;2017;Mo-So
10480;5010,5;2017;Mo-So
10482;4762;2017;Mo-So
10484;1474,55;2017;Mo-So
10490;3090,12;2017;Mo-So
10492;2588,9;2017;Mo-So
10494;1745,1;2017;Mo-So
10496;2546,53;2017;Mo-So
10498;2526,74;2017;Mo-So
10500;2525,7;2017;Mo-So
10502;2529,7;2017;Mo-So
10504;2535,63;2017;Mo-So
10506;16608,42;2017;Mo-So
10508;16654,6;2017;Mo-So
10524;2501,05;2017;Mo-So
10528;4296,95;2017;Mo-So
10530;2535,89;2017;Mo-So
10544;24741,85;2017;Mo-So
10545;24741,85;2017;Mo-So
10549;7101,69;2017;Mo-So
10565;1540,53;2017;Mo-So
10569;3244,87;2017;Mo-So
10573;1312,08;2017;Mo-So
10687;4840,26;2017;Mo-So
10688;952,574;2017;Mo-So
10691;3887,69;2017;Mo-So
10698;5844,12;2017;Mo-So
10701;3938,11;2017;Mo-So
10740;915,173;2017;Mo-So
10760;810,66;2017;Mo-So
10762;810,66;2017;Mo-So
10764;735,501;2017;Mo-So
10766;735,501;2017;Mo-So
10768;605,333;2017;Mo-So
10770;551,91;2017;Mo-So
10772;1850,37;2017;Mo-So
10774;1881,71;2017;Mo-So
10788;7101,69;2017;Mo-So
10789;7101,69;2017;Mo-So
10792;7837,08;2017;Mo-So
10793;7837,08;2017;Mo-So
10796;11626,66;2017;Mo-So
10797;11626,66;2017;Mo-So
10800;11320,05;2017;Mo-So
10801;11320,05;2017;Mo-So
10804;10944,25;2017;Mo-So
10805;10944,25;2017;Mo-So
10808;4405,98;2017;Mo-So
10809;4405,98;2017;Mo-So
10812;4010,42;2017;Mo-So
10816;4010,42;2017;Mo-So
10817;4010,42;2017;Mo-So
10821;4987,86;2017;Mo-So
10824;4987,86;2017;Mo-So
10825;4987,86;2017;Mo-So
10828;446,077;2017;Mo-So
10829;446,077;2017;Mo-So
10833;4709,71;2017;Mo-So
10836;2636,83;2017;Mo-So
10837;2636,83;2017;Mo-So
10844;6497,36;2017;Mo-So
10845;6497,36;2017;Mo-So
10848;1312,08;2017;Mo-So
10849;1312,08;2017;Mo-So
10853;1887,03;2017;Mo-So
10856;10825,53;2017;Mo-So
10857;10825,53;2017;Mo-So
10861;7136,9;2017;Mo-So
10869;2746,24;2017;Mo-So
10876;2724,23;2017;Mo-So
10877;2724,23;2017;Mo-So
10880;1751,05;2017;Mo-So
10881;1751,05;2017;Mo-So
10885;10384,16;2017;Mo-So
10888;10384,16;2017;Mo-So
10889;10384,16;2017;Mo-So
10892;1169,48;2017;Mo-So
10893;1169,48;2017;Mo-So
10896;1497,62;2017;Mo-So
10897;1497,62;2017;Mo-So
10904;10464,93;2017;Mo-So
10905;10464,93;2017;Mo-So
10908;4569,76;2017;Mo-So
10909;4569,76;2017;Mo-So
10936;1540,53;2017;Mo-So
10937;1540,53;2017;Mo-So
10940;3244,87;2017;Mo-So
10941;3244,87;2017;Mo-So
10944;2434,72;2017;Mo-So
10945;2434,72;2017;Mo-So
10952;1116,24;2017;Mo-So
10953;1116,24;2017;Mo-So
10960;929,992;2017;Mo-So
10961;929,992;2017;Mo-So
10964;3984,14;2017;Mo-So
10965;3984,14;2017;Mo-So
10968;1156,69;2017;Mo-So
10969;1156,69;2017;Mo-So
10972;3811,02;2017;Mo-So
10973;3811,02;2017;Mo-So
10976;329,773;2017;Mo-So
10977;329,773;2017;Mo-So
10980;959,381;2017;Mo-So
10981;959,381;2017;Mo-So
10984;10464,93;2017;Mo-So
10985;10464,93;2017;Mo-So
10988;4243,07;2017;Mo-So
10989;4243,07;2017;Mo-So
10992;6827,2;2017;Mo-So
10993;6827,2;2017;Mo-So
10996;59,986;2017;Mo-So
10997;59,986;2017;Mo-So
11010;31390,33;2017;Mo-So
11021;31390,33;2017;Mo-So
11023;10127,94;2017;Mo-So
11025;21262,4;2017;Mo-So
11027;21262,4;2017;Mo-So
11029;29523,64;2017;Mo-So
11031;7754,07;2017;Mo-So
11037;6645,78;2017;Mo-So
11038;6645,78;2017;Mo-So
11051;7136,9;2017;Mo-So
11073;684,204;2017;Mo-So
11129;6822,22;2017;Mo-So
11130;221,414;2017;Mo-So
11133;205,041;2017;Mo-So
11135;6600,81;2017;Mo-So
11211;2801,33;2017;Mo-So
11213;5477,9;2017;Mo-So
11237;1887,03;2017;Mo-So
11269;1401,87;2017;Mo-So
11270;605,333;2017;Mo-So
11274;77,721;2017;Mo-So
11278;77,721;2017;Mo-So
11282;77,721;2017;Mo-So
11286;341,803;2017;Mo-So
11289;341,803;2017;Mo-So
11290;341,803;2017;Mo-So
11294;4709,71;2017;Mo-So
11301;19586,29;2017;Mo-So
11302;19070,17;2017;Mo-So
11309;857,784;2017;Mo-So
11413;4794,8;2017;Mo-So
11417;4719,78;2017;Mo-So
11419;122,802;2017;Mo-So
11423;1907,02;2017;Mo-So
11424;1973,14;2017;Mo-So
11433;2746,24;2017;Mo-So
11435;2801,33;2017;Mo-So
11441;2498,93;2017;Mo-So
11443;2533,65;2017;Mo-So
11493;2324,99;2017;Mo-So
11509;2427,82;2017;Mo-So
11511;2498,93;2017;Mo-So
11551;2022,94;2017;Mo-So
11553;2022,87;2017;Mo-So
11555;1906,01;2017;Mo-So
11631;2189,89;2017;Mo-So
11709;8885,18;2017;Mo-So
11729;2387,82;2017;Mo-So
11829;228,026;2017;Mo-So
11831;176,427;2017;Mo-So
11869;832,836;2017;Mo-So
10000;1416,504;2013;Mo-So
10000;1440,034;2012;Mo-So
10004;1154,893;2012;Mo-So
10004;1169,292;2013;Mo-So
10006;1215,559;2013;Mo-So
10006;1237,746;2012;Mo-So
10014;2403,463;2013;Mo-So
10014;2428,215;2012;Mo-So
10026;8350,691;2012;Mo-So
10026;8440,252;2013;Mo-So
10030;8199,906;2013;Mo-So
10030;8220,704;2012;Mo-So
10040;3343,676;2013;Mo-So
10040;3636,871;2012;Mo-So
10042;3228,121;2013;Mo-So
10042;3509,29;2012;Mo-So
10044;3227,128;2013;Mo-So
10044;3486,528;2012;Mo-So
10046;3219,659;2013;Mo-So
10046;3427,43;2012;Mo-So
10050;3153,645;2013;Mo-So
10050;3316,408;2012;Mo-So
10052;4309,886;2013;Mo-So
10052;4409,691;2012;Mo-So
10054;3251,909;2013;Mo-So
10054;3394,873;2012;Mo-So
10056;2627,5;2012;Mo-So
10056;2763,935;2013;Mo-So
10058;1914,826;2012;Mo-So
10058;2047,778;2013;Mo-So
10060;1625,479;2012;Mo-So
10060;1705,792;2013;Mo-So
10062;1494,146;2012;Mo-So
10062;1567,485;2013;Mo-So
10068;275,226;2012;Mo-So
10068;311,902;2013;Mo-So
10072;1017,126;2012;Mo-So
10072;1150,778;2013;Mo-So
10074;1438,569;2012;Mo-So
10074;1635,943;2013;Mo-So
10076;1590,116;2012;Mo-So
10076;1783,446;2013;Mo-So
10080;1747,504;2012;Mo-So
10080;1804,723;2013;Mo-So
10084;1652,665;2012;Mo-So
10084;1708,068;2013;Mo-So
10086;1642,889;2012;Mo-So
10086;1688,957;2013;Mo-So
10088;1527,743;2012;Mo-So
10088;1598,722;2013;Mo-So
10090;1527,769;2012;Mo-So
10090;1598,446;2013;Mo-So
10092;1413,671;2012;Mo-So
10092;1445,287;2013;Mo-So
10094;1411,731;2012;Mo-So
10094;1441,61;2013;Mo-So
10096;1410,533;2012;Mo-So
10096;1441,379;2013;Mo-So
10098;2413,593;2012;Mo-So
10098;2505,215;2013;Mo-So
10100;2413,607;2012;Mo-So
10100;2505,215;2013;Mo-So
10102;2783,649;2012;Mo-So
10102;2869,707;2013;Mo-So
10104;11398,694;2012;Mo-So
10104;12331,389;2013;Mo-So
10108;2068,873;2012;Mo-So
10108;2089,23;2013;Mo-So
10110;2024,245;2013;Mo-So
10110;2044,755;2012;Mo-So
10114;2231,335;2013;Mo-So
10114;2266,158;2012;Mo-So
10122;1240,633;2012;Mo-So
10122;1248,894;2013;Mo-So
10124;1325,04;2013;Mo-So
10124;1378,981;2012;Mo-So
10126;1248,982;2013;Mo-So
10126;1299,219;2012;Mo-So
10130;1242,37;2013;Mo-So
10130;1296,565;2012;Mo-So
10132;1429,408;2013;Mo-So
10132;1455,43;2012;Mo-So
10134;1520,321;2013;Mo-So
10134;1547,291;2012;Mo-So
10136;1651,033;2013;Mo-So
10136;1681,661;2012;Mo-So
10140;1770,555;2013;Mo-So
10140;1806,31;2012;Mo-So
10142;3633,464;2013;Mo-So
10142;3711,139;2012;Mo-So
10144;4076,594;2013;Mo-So
10144;4164,817;2012;Mo-So
10146;425,752;2013;Mo-So
10146;438,253;2012;Mo-So
10150;378,89;2013;Mo-So
10150;383,946;2012;Mo-So
10152;5655,515;2013;Mo-So
10152;5759,829;2012;Mo-So
10160;4256,988;2012;Mo-So
10160;4542,121;2013;Mo-So
10162;4742,99;2013;Mo-So
10162;5240,276;2012;Mo-So
10164;4836,956;2013;Mo-So
10164;5332,346;2012;Mo-So
10166;5295,96;2013;Mo-So
10166;5787,739;2012;Mo-So
10168;5776,923;2013;Mo-So
10168;6354,348;2012;Mo-So
10170;5614,027;2013;Mo-So
10170;6226,131;2012;Mo-So
10172;5562,789;2012;Mo-So
10172;5954,475;2013;Mo-So
10174;5076,255;2012;Mo-So
10174;5443,128;2013;Mo-So
10176;5763,012;2012;Mo-So
10176;6177,387;2013;Mo-So
10180;6750,137;2012;Mo-So
10180;7293,815;2013;Mo-So
10182;7508,057;2012;Mo-So
10182;8112,712;2013;Mo-So
10184;1822,711;2012;Mo-So
10184;1877,348;2013;Mo-So
10188;1785,798;2012;Mo-So
10188;1836,036;2013;Mo-So
10190;1778,596;2012;Mo-So
10190;1821,654;2013;Mo-So
10192;1426,529;2013;Mo-So
10192;1437,041;2012;Mo-So
10194;1349,729;2013;Mo-So
10194;1351,86;2012;Mo-So
10202;1748,402;2013;Mo-So
10202;1771,557;2012;Mo-So
10204;1686,409;2013;Mo-So
10204;1716,34;2012;Mo-So
10206;1489,352;2013;Mo-So
10206;1515,078;2012;Mo-So
10208;1478,952;2013;Mo-So
10208;1498,575;2012;Mo-So
10210;1412,121;2013;Mo-So
10210;1421,031;2012;Mo-So
10212;1056,813;2012;Mo-So
10212;1064,21;2013;Mo-So
10216;7290,248;2012;Mo-So
10216;7509,202;2013;Mo-So
10218;6384,955;2012;Mo-So
10218;6663,997;2013;Mo-So
10220;6129,111;2012;Mo-So
10220;6369,508;2013;Mo-So
10222;6058,325;2012;Mo-So
10222;6300,758;2013;Mo-So
10226;899,353;2012;Mo-So
10226;914,859;2013;Mo-So
10228;697,892;2012;Mo-So
10228;713,21;2013;Mo-So
10230;364,729;2012;Mo-So
10230;383,644;2013;Mo-So
10232;343,06;2012;Mo-So
10232;362,777;2013;Mo-So
10234;326,508;2012;Mo-So
10234;352,186;2013;Mo-So
10236;318,558;2012;Mo-So
10236;345,735;2013;Mo-So
10238;333,045;2012;Mo-So
10238;364,265;2013;Mo-So
10242;439,438;2012;Mo-So
10242;479,193;2013;Mo-So
10244;476,486;2012;Mo-So
10244;516,922;2013;Mo-So
10246;4207,495;2012;Mo-So
10246;4538,455;2013;Mo-So
10248;4102,598;2012;Mo-So
10248;4430,37;2013;Mo-So
10250;4162,105;2012;Mo-So
10250;4500,672;2013;Mo-So
10254;4476,646;2012;Mo-So
10254;4814,929;2013;Mo-So
10258;736,406;2012;Mo-So
10258;739,983;2013;Mo-So
10260;731,488;2012;Mo-So
10260;733,743;2013;Mo-So
10262;745,197;2012;Mo-So
10262;760,857;2013;Mo-So
10266;715,969;2012;Mo-So
10266;729,968;2013;Mo-So
10288;331,363;2012;Mo-So
10288;355,198;2013;Mo-So
10290;335,666;2012;Mo-So
10290;360,376;2013;Mo-So
10292;382,231;2012;Mo-So
10292;383,89;2013;Mo-So
10294;348,236;2012;Mo-So
10294;370,698;2013;Mo-So
10296;335,666;2012;Mo-So
10296;360,376;2013;Mo-So
10298;335,666;2012;Mo-So
10298;360,376;2013;Mo-So
10304;7780,276;2012;Mo-So
10304;8415,772;2013;Mo-So
10306;7832,946;2012;Mo-So
10306;8451,837;2013;Mo-So
10312;27607,025;2012;Mo-So
10312;27858,675;2013;Mo-So
10314;27880,87;2012;Mo-So
10314;28154,348;2013;Mo-So
10318;25671,422;2012;Mo-So
10318;25858,567;2013;Mo-So
10352;30158,689;2012;Mo-So
10352;30608,474;2013;Mo-So
10358;13305,343;2013;Mo-So
10358;13668,88;2012;Mo-So
10360;285,09;2012;Mo-So
10360;322,331;2013;Mo-So
10370;30372,159;2012;Mo-So
10370;30888,225;2013;Mo-So
10376;28738,943;2012;Mo-So
10376;29444,496;2013;Mo-So
10396;3569,795;2012;Mo-So
10396;3874,966;2013;Mo-So
10402;468,39;2013;Mo-So
10402;471,672;2012;Mo-So
10404;819,946;2013;Mo-So
10404;828,884;2012;Mo-So
10406;826,335;2013;Mo-So
10406;833,764;2012;Mo-So
10408;880,485;2013;Mo-So
10408;899,036;2012;Mo-So
10410;890,469;2013;Mo-So
10410;915,432;2012;Mo-So
10412;889,627;2013;Mo-So
10412;916,646;2012;Mo-So
10414;895,281;2013;Mo-So
10414;934,536;2012;Mo-So
10416;908,981;2013;Mo-So
10416;947,547;2012;Mo-So
10422;2975,08;2012;Mo-So
10422;2978,125;2013;Mo-So
10424;3676,063;2012;Mo-So
10424;4006,439;2013;Mo-So
10426;1976,782;2012;Mo-So
10426;1983,771;2013;Mo-So
10428;831,065;2013;Mo-So
10428;840,698;2012;Mo-So
10430;3854,73;2012;Mo-So
10430;4197,041;2013;Mo-So
10432;4150,085;2012;Mo-So
10432;4470,127;2013;Mo-So
10434;857,005;2012;Mo-So
10434;867,124;2013;Mo-So
10436;857,005;2012;Mo-So
10436;865,55;2013;Mo-So
10442;857,005;2012;Mo-So
10442;865,968;2013;Mo-So
10446;7797,472;2012;Mo-So
10446;8237,364;2013;Mo-So
10450;65,846;2013;Mo-So
10450;132,631;2012;Mo-So
10452;7452,357;2012;Mo-So
10452;7875,017;2013;Mo-So
10454;6361,829;2012;Mo-So
10454;6787,715;2013;Mo-So
10456;1895,397;2013;Mo-So
10456;1898,06;2012;Mo-So
10476;6248,424;2012;Mo-So
10476;6425,897;2013;Mo-So
10478;6236,91;2012;Mo-So
10478;6418,313;2013;Mo-So
10480;5034,046;2012;Mo-So
10480;5194,144;2013;Mo-So
10482;4868,686;2012;Mo-So
10482;5023,371;2013;Mo-So
10484;1453,294;2012;Mo-So
10484;1554,599;2013;Mo-So
10490;3564,739;2012;Mo-So
10490;3692,198;2013;Mo-So
10492;3350,158;2012;Mo-So
10492;3433,976;2013;Mo-So
10494;1796,688;2012;Mo-So
10494;1852,165;2013;Mo-So
10496;3269,659;2012;Mo-So
10496;3349,297;2013;Mo-So
10498;3219,399;2012;Mo-So
10498;3291,931;2013;Mo-So
10500;3051,46;2012;Mo-So
10500;3137,51;2013;Mo-So
10502;3051,522;2012;Mo-So
10502;3138,421;2013;Mo-So
10504;3052,967;2012;Mo-So
10504;3140,528;2013;Mo-So
10506;15567,786;2012;Mo-So
10506;16753,793;2013;Mo-So
10508;15623,277;2012;Mo-So
10508;16809,057;2013;Mo-So
10524;2969,247;2012;Mo-So
10524;3065,861;2013;Mo-So
10528;3591,573;2013;Mo-So
10528;3634,837;2012;Mo-So
10530;3049,874;2012;Mo-So
10530;3140,43;2013;Mo-So
10544;23742,975;2012;Mo-So
10544;24593,489;2013;Mo-So
10545;23742,975;2012;Mo-So
10545;24593,489;2013;Mo-So
10549;6060,914;2012;Mo-So
10549;6512,256;2013;Mo-So
10565;1600,599;2012;Mo-So
10565;1654,821;2013;Mo-So
10569;3617,594;2012;Mo-So
10569;3764,776;2013;Mo-So
10573;1641,666;2012;Mo-So
10573;1717,844;2013;Mo-So
10687;4536,202;2012;Mo-So
10687;4779,647;2013;Mo-So
10688;918,505;2013;Mo-So
10688;959,286;2012;Mo-So
10691;3576,917;2012;Mo-So
10691;3861,142;2013;Mo-So
10698;4869,33;2013;Mo-So
10698;4930,033;2012;Mo-So
10701;3137,462;2013;Mo-So
10701;3169,471;2012;Mo-So
10740;842,457;2012;Mo-So
10740;851,249;2013;Mo-So
10760;733,295;2012;Mo-So
10760;746,791;2013;Mo-So
10762;733,295;2012;Mo-So
10762;746,791;2013;Mo-So
10764;725,604;2012;Mo-So
10764;735,672;2013;Mo-So
10766;725,604;2012;Mo-So
10766;735,672;2013;Mo-So
10768;487,566;2012;Mo-So
10768;534,253;2013;Mo-So
10770;430,331;2012;Mo-So
10770;478,022;2013;Mo-So
10772;1722,926;2013;Mo-So
10772;1745,877;2012;Mo-So
10774;1754,735;2013;Mo-So
10774;1774,718;2012;Mo-So
10788;6060,914;2012;Mo-So
10788;6512,256;2013;Mo-So
10789;6060,914;2012;Mo-So
10789;6512,256;2013;Mo-So
10792;7329,63;2012;Mo-So
10792;7551,038;2013;Mo-So
10793;7329,63;2012;Mo-So
10793;7551,038;2013;Mo-So
10796;10813,448;2013;Mo-So
10796;11062,777;2012;Mo-So
10797;10813,448;2013;Mo-So
10797;11062,777;2012;Mo-So
10800;10664,998;2013;Mo-So
10800;10897,701;2012;Mo-So
10801;10664,998;2013;Mo-So
10801;10897,701;2012;Mo-So
10804;10376,248;2013;Mo-So
10804;10582,053;2012;Mo-So
10805;10376,248;2013;Mo-So
10805;10582,053;2012;Mo-So
10808;3823,079;2012;Mo-So
10808;4052,452;2013;Mo-So
10809;3823,079;2012;Mo-So
10809;4052,452;2013;Mo-So
10812;3550,159;2012;Mo-So
10812;3728,696;2013;Mo-So
10816;3550,159;2012;Mo-So
10816;3728,696;2013;Mo-So
10817;3550,159;2012;Mo-So
10817;3728,696;2013;Mo-So
10821;4388,976;2013;Mo-So
10821;4868,458;2012;Mo-So
10824;4388,976;2013;Mo-So
10824;4868,458;2012;Mo-So
10825;4388,976;2013;Mo-So
10825;4868,458;2012;Mo-So
10828;355,744;2013;Mo-So
10828;364,243;2012;Mo-So
10829;355,744;2013;Mo-So
10829;364,243;2012;Mo-So
10833;4713,584;2013;Mo-So
10833;4790,488;2012;Mo-So
10836;2744,351;2013;Mo-So
10836;2920,414;2012;Mo-So
10837;2744,351;2013;Mo-So
10837;2920,414;2012;Mo-So
10844;5874,296;2013;Mo-So
10844;6020,222;2012;Mo-So
10845;5874,296;2013;Mo-So
10845;6020,222;2012;Mo-So
10848;1641,666;2012;Mo-So
10848;1717,844;2013;Mo-So
10849;1641,666;2012;Mo-So
10849;1717,844;2013;Mo-So
10853;1783,315;2013;Mo-So
10853;1826,601;2012;Mo-So
10856;10296,083;2012;Mo-So
10856;11101,259;2013;Mo-So
10857;10296,083;2012;Mo-So
10857;11101,259;2013;Mo-So
10861;8622,125;2012;Mo-So
10861;8692,498;2013;Mo-So
10869;2784,787;2013;Mo-So
10869;2803,895;2012;Mo-So
10876;2777,563;2013;Mo-So
10876;2792,01;2012;Mo-So
10877;2777,563;2013;Mo-So
10877;2792,01;2012;Mo-So
10880;1811,721;2012;Mo-So
10880;1860,281;2013;Mo-So
10881;1811,721;2012;Mo-So
10881;1860,281;2013;Mo-So
10885;9845,942;2013;Mo-So
10885;10045,094;2012;Mo-So
10888;9845,942;2013;Mo-So
10888;10045,094;2012;Mo-So
10889;9845,942;2013;Mo-So
10889;10045,094;2012;Mo-So
10892;1149,424;2012;Mo-So
10892;1160,899;2013;Mo-So
10893;1149,424;2012;Mo-So
10893;1160,899;2013;Mo-So
10896;1307,78;2013;Mo-So
10896;1372,433;2012;Mo-So
10897;1307,78;2013;Mo-So
10897;1372,433;2012;Mo-So
10904;9994,179;2013;Mo-So
10904;10182,375;2012;Mo-So
10905;9994,179;2013;Mo-So
10905;10182,375;2012;Mo-So
10908;4238,313;2012;Mo-So
10908;4581,985;2013;Mo-So
10909;4238,313;2012;Mo-So
10909;4581,985;2013;Mo-So
10936;1600,599;2012;Mo-So
10936;1654,821;2013;Mo-So
10937;1600,599;2012;Mo-So
10937;1654,821;2013;Mo-So
10940;3617,594;2012;Mo-So
10940;3764,776;2013;Mo-So
10941;3617,594;2012;Mo-So
10941;3764,776;2013;Mo-So
10944;1917,332;2013;Mo-So
10944;1925,256;2012;Mo-So
10945;1917,332;2013;Mo-So
10945;1925,256;2012;Mo-So
10952;1198,602;2013;Mo-So
10952;1222,163;2012;Mo-So
10953;1198,602;2013;Mo-So
10953;1222,163;2012;Mo-So
10960;990,47;2013;Mo-So
10960;994,199;2012;Mo-So
10961;990,47;2013;Mo-So
10961;994,199;2012;Mo-So
10964;3331,785;2013;Mo-So
10964;3352,896;2012;Mo-So
10965;3331,785;2013;Mo-So
10965;3352,896;2012;Mo-So
10968;1232,923;2012;Mo-So
10968;1247,235;2013;Mo-So
10969;1232,923;2012;Mo-So
10969;1247,235;2013;Mo-So
10972;3519,357;2012;Mo-So
10972;3800,997;2013;Mo-So
10973;3519,357;2012;Mo-So
10973;3800,997;2013;Mo-So
10976;341,392;2012;Mo-So
10976;373,677;2013;Mo-So
10977;341,392;2012;Mo-So
10977;373,677;2013;Mo-So
10980;915,737;2012;Mo-So
10980;923,626;2013;Mo-So
10981;915,737;2012;Mo-So
10981;923,626;2013;Mo-So
10984;9994,179;2013;Mo-So
10984;10182,375;2012;Mo-So
10985;9994,179;2013;Mo-So
10985;10182,375;2012;Mo-So
10988;3242,504;2013;Mo-So
10988;3295,829;2012;Mo-So
10989;3242,504;2013;Mo-So
10989;3295,829;2012;Mo-So
10992;8359,486;2012;Mo-So
10992;8370,004;2013;Mo-So
10993;8359,486;2012;Mo-So
10993;8370,004;2013;Mo-So
10996;66,278;2013;Mo-So
10996;132,631;2012;Mo-So
10997;66,278;2013;Mo-So
10997;132,631;2012;Mo-So
11010;25949,555;2012;Mo-So
11010;26322,859;2013;Mo-So
11021;25949,555;2012;Mo-So
11021;26322,859;2013;Mo-So
11023;9330,449;2012;Mo-So
11023;9661,028;2013;Mo-So
11025;16619,106;2012;Mo-So
11025;16661,831;2013;Mo-So
11027;16619,106;2012;Mo-So
11027;16661,831;2013;Mo-So
11029;28797,135;2012;Mo-So
11029;29272,136;2013;Mo-So
11031;6660,22;2012;Mo-So
11031;6931,987;2013;Mo-So
11037;5976,375;2012;Mo-So
11037;6189,383;2013;Mo-So
11038;5976,375;2012;Mo-So
11038;6189,383;2013;Mo-So
11051;8622,125;2012;Mo-So
11051;8692,498;2013;Mo-So
11129;6463,752;2012;Mo-So
11129;6889,315;2013;Mo-So
11130;188,224;2012;Mo-So
11130;206,686;2013;Mo-So
11133;182,396;2012;Mo-So
11133;195,937;2013;Mo-So
11135;6275,528;2012;Mo-So
11135;6683,762;2013;Mo-So
11173;19,456;2012;Mo-So
11174;19,671;2012;Mo-So
11211;2784,787;2013;Mo-So
11211;2803,895;2012;Mo-So
11213;4848,735;2013;Mo-So
11213;4914,202;2012;Mo-So
11237;1783,315;2013;Mo-So
11237;1826,601;2012;Mo-So
11269;1316,773;2012;Mo-So
11269;1337,076;2013;Mo-So
11270;487,566;2012;Mo-So
11270;534,253;2013;Mo-So
11274;63,042;2012;Mo-So
11274;68,518;2013;Mo-So
11278;63,042;2012;Mo-So
11278;68,518;2013;Mo-So
11282;63,042;2012;Mo-So
11282;68,518;2013;Mo-So
11286;229,304;2012;Mo-So
11286;276,411;2013;Mo-So
11289;229,304;2012;Mo-So
11289;276,411;2013;Mo-So
11290;229,304;2012;Mo-So
11290;276,411;2013;Mo-So
11294;4713,584;2013;Mo-So
11294;4790,488;2012;Mo-So
11301;18358,957;2012;Mo-So
11301;19379,402;2013;Mo-So
11302;17914,666;2012;Mo-So
11302;18975,023;2013;Mo-So
11309;865,23;2013;Mo-So
11309;877,774;2012;Mo-So
11413;4726,033;2013;Mo-So
11413;4802,886;2012;Mo-So
11417;4725,178;2013;Mo-So
11417;4802,886;2012;Mo-So
11419;62,4;2013;Mo-So
11423;1798,715;2013;Mo-So
11423;1848,37;2012;Mo-So
11424;1799,036;2013;Mo-So
11424;1848,37;2012;Mo-So
11433;2784,787;2013;Mo-So
11433;2803,895;2012;Mo-So
11435;2784,787;2013;Mo-So
11435;2803,895;2012;Mo-So
11441;1984,281;2013;Mo-So
11441;2035,098;2012;Mo-So
11443;1984,281;2013;Mo-So
11443;2035,098;2012;Mo-So
11493;1984,281;2013;Mo-So
11493;2035,098;2012;Mo-So
11509;1984,281;2013;Mo-So
11509;2035,098;2012;Mo-So
11511;1984,281;2013;Mo-So
11511;2035,098;2012;Mo-So
11551;1731,867;2013;Mo-So
11551;1760,563;2012;Mo-So
11553;1731,867;2013;Mo-So
11553;1760,563;2012;Mo-So
11555;1731,867;2013;Mo-So
11555;1760,563;2012;Mo-So
11631;1775,788;2012;Mo-So
11631;1983,055;2013;Mo-So
11709;7796,01;2012;Mo-So
11709;7857,351;2013;Mo-So
11729;1775,788;2012;Mo-So
11729;1983,055;2013;Mo-So
11869;857,005;2012;Mo-So
11869;858,862;2013;Mo-So
10000;1261,468;2016;Mo-So
10000;1326,236;2014;Mo-So
10000;1436,823;2015;Mo-So
10004;1021,41;2016;Mo-So
10004;1072,97;2014;Mo-So
10004;1193,745;2015;Mo-So
10006;1098,651;2016;Mo-So
10006;1129,743;2014;Mo-So
10006;1240,856;2015;Mo-So
10014;2301,625;2014;Mo-So
10014;2306,973;2016;Mo-So
10014;2388,749;2015;Mo-So
10026;7615,552;2015;Mo-So
10026;7898,414;2016;Mo-So
10026;8108,57;2014;Mo-So
10030;7416,205;2015;Mo-So
10030;7702,966;2016;Mo-So
10030;7916,953;2014;Mo-So
10040;3256,284;2014;Mo-So
10040;3347,134;2015;Mo-So
10040;3512,492;2016;Mo-So
10042;3141,542;2014;Mo-So
10042;3218,267;2015;Mo-So
10042;3392,165;2016;Mo-So
10044;3138,195;2014;Mo-So
10044;3207,378;2015;Mo-So
10044;3419,33;2016;Mo-So
10046;3076,876;2014;Mo-So
10046;3091,063;2015;Mo-So
10046;3215,011;2016;Mo-So
10050;3041,47;2014;Mo-So
10050;3050,76;2015;Mo-So
10050;3157,697;2016;Mo-So
10052;4094,249;2014;Mo-So
10052;4098,685;2015;Mo-So
10052;4156,221;2016;Mo-So
10054;3150,967;2014;Mo-So
10054;3169,283;2015;Mo-So
10054;3267,082;2016;Mo-So
10056;2824,035;2014;Mo-So
10056;2908,721;2015;Mo-So
10056;2976,958;2016;Mo-So
10058;2026,038;2014;Mo-So
10058;2084,076;2015;Mo-So
10058;2137,897;2016;Mo-So
10060;1675,058;2014;Mo-So
10060;1747,103;2015;Mo-So
10060;1762,211;2016;Mo-So
10062;1541,099;2014;Mo-So
10062;1600,645;2015;Mo-So
10062;1608,521;2016;Mo-So
10068;337,897;2014;Mo-So
10068;372,362;2015;Mo-So
10068;389,469;2016;Mo-So
10072;1130,477;2015;Mo-So
10072;1196,813;2016;Mo-So
10072;1225,756;2014;Mo-So
10074;1636,933;2015;Mo-So
10074;1732,695;2016;Mo-So
10074;1768,803;2014;Mo-So
10076;1798,696;2015;Mo-So
10076;1891,657;2016;Mo-So
10076;1920,203;2014;Mo-So
10080;1517,708;2015;Mo-So
10080;1551,364;2016;Mo-So
10080;1653,463;2014;Mo-So
10084;1376,59;2015;Mo-So
10084;1394;2016;Mo-So
10084;1543,294;2014;Mo-So
10086;1350,173;2015;Mo-So
10086;1371,823;2016;Mo-So
10086;1525,356;2014;Mo-So
10088;1246,775;2015;Mo-So
10088;1273,119;2016;Mo-So
10088;1418,945;2014;Mo-So
10090;1249,171;2015;Mo-So
10090;1275,44;2016;Mo-So
10090;1417,164;2014;Mo-So
10092;1147,353;2016;Mo-So
10092;1151,521;2015;Mo-So
10092;1297,07;2014;Mo-So
10094;1147,782;2016;Mo-So
10094;1151,591;2015;Mo-So
10094;1297,056;2014;Mo-So
10096;1145,12;2016;Mo-So
10096;1154,086;2015;Mo-So
10096;1285,549;2014;Mo-So
10098;4,584;2016;Mo-So
10098;559,171;2015;Mo-So
10098;2217,835;2014;Mo-So
10100;4,584;2016;Mo-So
10100;559,171;2015;Mo-So
10100;2217,835;2014;Mo-So
10102;2633,617;2014;Mo-So
10102;2656,662;2015;Mo-So
10102;2933,279;2016;Mo-So
10104;11506,781;2015;Mo-So
10104;12399,774;2014;Mo-So
10104;12830,995;2016;Mo-So
10108;2008,292;2014;Mo-So
10108;2040,392;2015;Mo-So
10108;2150,28;2016;Mo-So
10110;1897,862;2015;Mo-So
10110;1902,524;2014;Mo-So
10110;2031,978;2016;Mo-So
10114;2175,184;2014;Mo-So
10114;2368,192;2015;Mo-So
10114;2469,81;2016;Mo-So
10122;1229,598;2015;Mo-So
10122;1229,853;2014;Mo-So
10122;1270,167;2016;Mo-So
10124;1320,058;2014;Mo-So
10124;1412,263;2015;Mo-So
10124;1472,038;2016;Mo-So
10126;1249,232;2014;Mo-So
10126;1341,663;2015;Mo-So
10126;1386,639;2016;Mo-So
10130;1236,13;2014;Mo-So
10130;1326,104;2015;Mo-So
10130;1376,743;2016;Mo-So
10132;1409,32;2014;Mo-So
10132;1520,23;2015;Mo-So
10132;1586,746;2016;Mo-So
10134;1501,084;2014;Mo-So
10134;1622,636;2015;Mo-So
10134;1698,765;2016;Mo-So
10136;1622,543;2014;Mo-So
10136;1764,795;2015;Mo-So
10136;1824,219;2016;Mo-So
10140;1716,162;2014;Mo-So
10140;1875;2015;Mo-So
10140;1952,973;2016;Mo-So
10142;3633,025;2014;Mo-So
10142;3945,003;2015;Mo-So
10142;4027,973;2016;Mo-So
10144;4089,046;2014;Mo-So
10144;4414,375;2015;Mo-So
10144;4504,969;2016;Mo-So
10146;426,692;2014;Mo-So
10146;497,956;2015;Mo-So
10146;513,844;2016;Mo-So
10150;374,16;2014;Mo-So
10150;436,433;2015;Mo-So
10150;451,5;2016;Mo-So
10152;5663,932;2014;Mo-So
10152;6136,507;2015;Mo-So
10152;6329,546;2016;Mo-So
10160;4421,377;2014;Mo-So
10160;4811,841;2015;Mo-So
10160;4999,119;2016;Mo-So
10162;5042,838;2014;Mo-So
10162;5213,362;2015;Mo-So
10162;5297,016;2016;Mo-So
10164;5129,595;2014;Mo-So
10164;5308,677;2015;Mo-So
10164;5401,995;2016;Mo-So
10166;5637,729;2014;Mo-So
10166;5899,592;2015;Mo-So
10166;6010,522;2016;Mo-So
10168;6145,81;2014;Mo-So
10168;6479,534;2015;Mo-So
10168;6721,544;2016;Mo-So
10170;5978,266;2014;Mo-So
10170;6299,189;2015;Mo-So
10170;6540,145;2016;Mo-So
10172;5793,525;2014;Mo-So
10172;6319,69;2015;Mo-So
10172;6540,845;2016;Mo-So
10174;5280,363;2014;Mo-So
10174;5777,8;2015;Mo-So
10174;5989,99;2016;Mo-So
10176;6054,965;2014;Mo-So
10176;6612,666;2015;Mo-So
10176;6816,093;2016;Mo-So
10180;7224,939;2014;Mo-So
10180;7756,285;2015;Mo-So
10180;8091,879;2016;Mo-So
10182;8140,236;2014;Mo-So
10182;8866,699;2015;Mo-So
10182;9825,127;2016;Mo-So
10184;1796,562;2015;Mo-So
10184;1834,015;2014;Mo-So
10184;1875,48;2016;Mo-So
10188;1744,567;2015;Mo-So
10188;1788,972;2014;Mo-So
10188;1826,384;2016;Mo-So
10190;1731,692;2015;Mo-So
10190;1777,095;2014;Mo-So
10190;1807,506;2016;Mo-So
10192;1407,089;2014;Mo-So
10192;1408,838;2015;Mo-So
10192;1448,805;2016;Mo-So
10194;1325,38;2014;Mo-So
10194;1329,038;2015;Mo-So
10194;1354,428;2016;Mo-So
10202;1631,403;2014;Mo-So
10202;1797,715;2015;Mo-So
10202;1880,773;2016;Mo-So
10204;1571,891;2014;Mo-So
10204;1745,301;2015;Mo-So
10204;1816,339;2016;Mo-So
10206;1393,791;2014;Mo-So
10206;1560,562;2015;Mo-So
10206;1652,585;2016;Mo-So
10208;1382,564;2014;Mo-So
10208;1549,118;2015;Mo-So
10208;1645,325;2016;Mo-So
10210;1322,653;2014;Mo-So
10210;1487,175;2015;Mo-So
10210;1580,664;2016;Mo-So
10212;1002,006;2014;Mo-So
10212;1152,688;2015;Mo-So
10212;1183,65;2016;Mo-So
10216;7799,194;2016;Mo-So
10216;7884,717;2014;Mo-So
10216;8028,816;2015;Mo-So
10218;6992,629;2016;Mo-So
10218;7054,209;2014;Mo-So
10218;7223,3;2015;Mo-So
10220;6789,107;2016;Mo-So
10220;6790,604;2014;Mo-So
10220;6982,341;2015;Mo-So
10222;6669,094;2016;Mo-So
10222;6725,49;2014;Mo-So
10222;6881,582;2015;Mo-So
10226;935,353;2014;Mo-So
10226;946,752;2015;Mo-So
10226;977,24;2016;Mo-So
10228;739,021;2014;Mo-So
10228;746,032;2015;Mo-So
10228;766,825;2016;Mo-So
10230;388,956;2014;Mo-So
10230;410,738;2015;Mo-So
10230;414,428;2016;Mo-So
10232;371,507;2014;Mo-So
10232;384,693;2015;Mo-So
10232;392,667;2016;Mo-So
10234;352,088;2014;Mo-So
10234;360,029;2015;Mo-So
10234;364,315;2016;Mo-So
10236;348,39;2014;Mo-So
10236;351,755;2015;Mo-So
10236;355,477;2016;Mo-So
10238;336,837;2016;Mo-So
10238;346,282;2015;Mo-So
10238;351,007;2014;Mo-So
10242;462,338;2015;Mo-So
10242;463,251;2016;Mo-So
10242;466,726;2014;Mo-So
10244;508,574;2014;Mo-So
10244;508,623;2015;Mo-So
10244;529,041;2016;Mo-So
10246;4831,987;2016;Mo-So
10246;4866,36;2014;Mo-So
10246;4958,613;2015;Mo-So
10248;4729,671;2016;Mo-So
10248;4751,31;2014;Mo-So
10248;4823,712;2015;Mo-So
10250;4785,075;2016;Mo-So
10250;4829,12;2014;Mo-So
10250;4898,778;2015;Mo-So
10254;5059,487;2016;Mo-So
10254;5159,57;2014;Mo-So
10254;5244,54;2015;Mo-So
10258;737,58;2014;Mo-So
10258;743,365;2015;Mo-So
10258;758,349;2016;Mo-So
10260;734,403;2014;Mo-So
10260;743,367;2015;Mo-So
10260;763,685;2016;Mo-So
10262;790,454;2014;Mo-So
10262;806,504;2015;Mo-So
10262;848,078;2016;Mo-So
10266;769,591;2014;Mo-So
10266;792,865;2015;Mo-So
10266;840,108;2016;Mo-So
10288;254,186;2014;Mo-So
10288;354,905;2015;Mo-So
10288;378,183;2016;Mo-So
10290;350,675;2015;Mo-So
10290;355,074;2014;Mo-So
10290;367,675;2016;Mo-So
10292;259,498;2014;Mo-So
10292;381,675;2015;Mo-So
10292;402,654;2016;Mo-So
10294;256,669;2014;Mo-So
10294;369,016;2015;Mo-So
10294;384,013;2016;Mo-So
10296;350,675;2015;Mo-So
10296;355,074;2014;Mo-So
10296;367,675;2016;Mo-So
10298;350,675;2015;Mo-So
10298;355,074;2014;Mo-So
10298;367,675;2016;Mo-So
10304;8508,435;2014;Mo-So
10304;9222,742;2015;Mo-So
10304;10213,379;2016;Mo-So
10306;8525,621;2014;Mo-So
10306;9269,047;2015;Mo-So
10306;10262,403;2016;Mo-So
10312;27810,133;2014;Mo-So
10312;29669,859;2015;Mo-So
10312;30322,711;2016;Mo-So
10314;28112,558;2014;Mo-So
10314;30032,368;2015;Mo-So
10314;30721,744;2016;Mo-So
10318;25763,643;2014;Mo-So
10318;27364,095;2015;Mo-So
10318;27726,67;2016;Mo-So
10352;31185,528;2015;Mo-So
10352;31706,413;2014;Mo-So
10352;32247,294;2016;Mo-So
10358;12577,741;2014;Mo-So
10358;14978,371;2015;Mo-So
10358;15755,348;2016;Mo-So
10360;247,006;2014;Mo-So
10360;338,897;2015;Mo-So
10360;351,463;2016;Mo-So
10370;31417,964;2015;Mo-So
10370;31910,975;2014;Mo-So
10370;32510,278;2016;Mo-So
10376;29925,451;2015;Mo-So
10376;30240,904;2014;Mo-So
10376;31136,189;2016;Mo-So
10396;3980,755;2016;Mo-So
10396;4115,028;2014;Mo-So
10396;4199,093;2015;Mo-So
10402;443,375;2015;Mo-So
10402;472,467;2016;Mo-So
10402;473,108;2014;Mo-So
10404;768,909;2015;Mo-So
10404;827,112;2014;Mo-So
10404;827,152;2016;Mo-So
10406;769,242;2015;Mo-So
10406;817,968;2016;Mo-So
10406;824,699;2014;Mo-So
10408;853,868;2015;Mo-So
10408;887,201;2014;Mo-So
10408;893,397;2016;Mo-So
10410;869,42;2015;Mo-So
10410;897,93;2014;Mo-So
10410;904,41;2016;Mo-So
10412;870,824;2015;Mo-So
10412;897,503;2014;Mo-So
10412;902,998;2016;Mo-So
10414;905,699;2015;Mo-So
10414;907,317;2014;Mo-So
10414;949,52;2016;Mo-So
10416;920,96;2015;Mo-So
10416;922,307;2014;Mo-So
10416;960,86;2016;Mo-So
10422;2942,71;2014;Mo-So
10422;3079,083;2016;Mo-So
10422;3101,076;2015;Mo-So
10424;3977,443;2016;Mo-So
10424;4098,018;2014;Mo-So
10424;4175,815;2015;Mo-So
10426;2001,226;2014;Mo-So
10426;2111,201;2015;Mo-So
10426;2116,793;2016;Mo-So
10428;774,661;2015;Mo-So
10428;827,594;2016;Mo-So
10428;831,003;2014;Mo-So
10430;4169,862;2016;Mo-So
10430;4309,624;2014;Mo-So
10430;4383,035;2015;Mo-So
10432;4441,736;2016;Mo-So
10432;4634,644;2014;Mo-So
10432;4701,588;2015;Mo-So
10434;860,485;2014;Mo-So
10434;864,59;2016;Mo-So
10434;865,556;2015;Mo-So
10436;857,49;2014;Mo-So
10436;858,975;2016;Mo-So
10436;860,038;2015;Mo-So
10442;858,871;2014;Mo-So
10442;862,134;2016;Mo-So
10442;864,422;2015;Mo-So
10446;8210,079;2016;Mo-So
10446;8585,217;2014;Mo-So
10446;8709,11;2015;Mo-So
10450;70,706;2014;Mo-So
10450;74,015;2015;Mo-So
10450;78,986;2016;Mo-So
10452;7783,11;2016;Mo-So
10452;8147,724;2014;Mo-So
10452;8252,833;2015;Mo-So
10454;6728,306;2016;Mo-So
10454;6926,93;2014;Mo-So
10454;7017,997;2015;Mo-So
10456;1919,699;2014;Mo-So
10456;2026,897;2016;Mo-So
10456;2035,118;2015;Mo-So
10476;6280,061;2014;Mo-So
10476;6344,148;2015;Mo-So
10476;6967,899;2016;Mo-So
10478;6280,929;2014;Mo-So
10478;6344,667;2015;Mo-So
10478;6967,013;2016;Mo-So
10480;4867,117;2014;Mo-So
10480;4888,602;2015;Mo-So
10480;5326,82;2016;Mo-So
10482;4696,89;2015;Mo-So
10482;4699,872;2014;Mo-So
10482;5139,249;2016;Mo-So
10484;1369,488;2015;Mo-So
10484;1382,281;2014;Mo-So
10484;1485,185;2016;Mo-So
10490;3314,645;2015;Mo-So
10490;3317,832;2014;Mo-So
10490;3562,922;2016;Mo-So
10492;3091,395;2015;Mo-So
10492;3107,332;2014;Mo-So
10492;3332,801;2016;Mo-So
10494;1655,799;2015;Mo-So
10494;1696,436;2014;Mo-So
10494;1741,645;2016;Mo-So
10496;3034,691;2014;Mo-So
10496;3046,21;2015;Mo-So
10496;3282,389;2016;Mo-So
10498;2994,819;2014;Mo-So
10498;3005,858;2015;Mo-So
10498;3249,667;2016;Mo-So
10500;2866,905;2014;Mo-So
10500;2878,709;2015;Mo-So
10500;3176,347;2016;Mo-So
10502;2867,964;2014;Mo-So
10502;2878,388;2015;Mo-So
10502;3179,323;2016;Mo-So
10504;2872,044;2014;Mo-So
10504;2882,349;2015;Mo-So
10504;3182,668;2016;Mo-So
10506;15972,944;2015;Mo-So
10506;16900,181;2014;Mo-So
10506;17353,148;2016;Mo-So
10508;16007,548;2015;Mo-So
10508;16933,713;2014;Mo-So
10508;17405,114;2016;Mo-So
10524;2813,222;2014;Mo-So
10524;2832,959;2015;Mo-So
10524;3143,397;2016;Mo-So
10528;3539,055;2014;Mo-So
10528;3720,356;2015;Mo-So
10528;3806,601;2016;Mo-So
10530;2873,298;2014;Mo-So
10530;2882,58;2015;Mo-So
10530;3181,906;2016;Mo-So
10544;24675,953;2015;Mo-So
10544;25147,924;2014;Mo-So
10544;26051,597;2016;Mo-So
10545;24675,953;2015;Mo-So
10545;25147,924;2014;Mo-So
10545;26051,597;2016;Mo-So
10549;6375,375;2014;Mo-So
10549;6930,581;2015;Mo-So
10549;7145,325;2016;Mo-So
10565;1461,824;2015;Mo-So
10565;1502,874;2014;Mo-So
10565;1543,436;2016;Mo-So
10569;3360,545;2015;Mo-So
10569;3379,402;2014;Mo-So
10569;3623,046;2016;Mo-So
10573;1402,672;2015;Mo-So
10573;1412,506;2016;Mo-So
10573;1569,863;2014;Mo-So
10578;0;2014;Mo-So
10578;0;2015;Mo-So
10687;4883,431;2016;Mo-So
10687;5025,246;2014;Mo-So
10687;5079,583;2015;Mo-So
10688;923,451;2015;Mo-So
10688;930,457;2014;Mo-So
10688;961,323;2016;Mo-So
10691;3922,108;2016;Mo-So
10691;4094,79;2014;Mo-So
10691;4156,132;2015;Mo-So
10698;4822,736;2014;Mo-So
10698;5092,642;2015;Mo-So
10698;5231,361;2016;Mo-So
10701;3148,102;2014;Mo-So
10701;3219,562;2015;Mo-So
10701;3399,654;2016;Mo-So
10740;886,255;2014;Mo-So
10740;914,445;2015;Mo-So
10740;962,175;2016;Mo-So
10760;779,435;2014;Mo-So
10760;796,831;2015;Mo-So
10760;841,852;2016;Mo-So
10762;779,435;2014;Mo-So
10762;796,831;2015;Mo-So
10762;841,852;2016;Mo-So
10764;730,612;2015;Mo-So
10764;732,43;2014;Mo-So
10764;746,008;2016;Mo-So
10766;730,612;2015;Mo-So
10766;732,43;2014;Mo-So
10766;746,008;2016;Mo-So
10768;535,998;2014;Mo-So
10768;599,776;2016;Mo-So
10768;604,488;2015;Mo-So
10770;480,41;2014;Mo-So
10770;547,968;2016;Mo-So
10770;551,046;2015;Mo-So
10772;1686,858;2014;Mo-So
10772;1837,11;2015;Mo-So
10772;1892,158;2016;Mo-So
10774;1713,845;2014;Mo-So
10774;1862,797;2015;Mo-So
10774;1925,992;2016;Mo-So
10788;6375,375;2014;Mo-So
10788;6930,581;2015;Mo-So
10788;7145,325;2016;Mo-So
10789;6375,375;2014;Mo-So
10789;6930,581;2015;Mo-So
10789;7145,325;2016;Mo-So
10792;7879,437;2016;Mo-So
10792;7937,593;2014;Mo-So
10792;8084,953;2015;Mo-So
10793;7879,437;2016;Mo-So
10793;7937,593;2014;Mo-So
10793;8084,953;2015;Mo-So
10796;10777,639;2014;Mo-So
10796;11196,951;2015;Mo-So
10796;11613,809;2016;Mo-So
10797;10777,639;2014;Mo-So
10797;11196,951;2015;Mo-So
10797;11613,809;2016;Mo-So
10800;10616,287;2014;Mo-So
10800;10945,453;2015;Mo-So
10800;11335,804;2016;Mo-So
10801;10616,287;2014;Mo-So
10801;10945,453;2015;Mo-So
10801;11335,804;2016;Mo-So
10804;10327,998;2014;Mo-So
10804;10591,62;2015;Mo-So
10804;10953,757;2016;Mo-So
10805;10327,998;2014;Mo-So
10805;10591,62;2015;Mo-So
10805;10953,757;2016;Mo-So
10808;3938,814;2014;Mo-So
10808;4311,173;2015;Mo-So
10808;4489,75;2016;Mo-So
10809;3938,814;2014;Mo-So
10809;4311,173;2015;Mo-So
10809;4489,75;2016;Mo-So
10812;3612,795;2014;Mo-So
10812;3970,518;2015;Mo-So
10812;4106,863;2016;Mo-So
10816;3612,795;2014;Mo-So
10816;3970,518;2015;Mo-So
10816;4106,863;2016;Mo-So
10817;3612,795;2014;Mo-So
10817;3970,518;2015;Mo-So
10817;4106,863;2016;Mo-So
10821;4669,967;2014;Mo-So
10821;4831,003;2015;Mo-So
10821;4915,669;2016;Mo-So
10824;4669,967;2014;Mo-So
10824;4831,003;2015;Mo-So
10824;4915,669;2016;Mo-So
10825;4669,967;2014;Mo-So
10825;4831,003;2015;Mo-So
10825;4915,669;2016;Mo-So
10828;353,226;2014;Mo-So
10828;403,94;2015;Mo-So
10828;411,779;2016;Mo-So
10829;353,226;2014;Mo-So
10829;403,94;2015;Mo-So
10829;411,779;2016;Mo-So
10833;4549,856;2014;Mo-So
10833;4567,265;2015;Mo-So
10833;4637,031;2016;Mo-So
10836;2607,725;2014;Mo-So
10836;2623,356;2015;Mo-So
10836;2657,492;2016;Mo-So
10837;2607,725;2014;Mo-So
10837;2623,356;2015;Mo-So
10837;2657,492;2016;Mo-So
10844;5849,737;2014;Mo-So
10844;6077,101;2015;Mo-So
10844;6379,059;2016;Mo-So
10845;5849,737;2014;Mo-So
10845;6077,101;2015;Mo-So
10845;6379,059;2016;Mo-So
10848;1402,672;2015;Mo-So
10848;1412,506;2016;Mo-So
10848;1569,863;2014;Mo-So
10849;1402,672;2015;Mo-So
10849;1412,506;2016;Mo-So
10849;1569,863;2014;Mo-So
10853;1679,197;2015;Mo-So
10853;1698,027;2014;Mo-So
10853;1866,412;2016;Mo-So
10856;10386,68;2015;Mo-So
10856;11140,727;2014;Mo-So
10856;11476,454;2016;Mo-So
10857;10386,68;2015;Mo-So
10857;11140,727;2014;Mo-So
10857;11476,454;2016;Mo-So
10861;7822,188;2015;Mo-So
10861;8029,108;2016;Mo-So
10861;8377,863;2014;Mo-So
10869;2681,295;2014;Mo-So
10869;2713,694;2016;Mo-So
10869;2800,505;2015;Mo-So
10876;2654,982;2014;Mo-So
10876;2714,049;2016;Mo-So
10876;2776,898;2015;Mo-So
10877;2654,982;2014;Mo-So
10877;2714,049;2016;Mo-So
10877;2776,898;2015;Mo-So
10880;1777,57;2015;Mo-So
10880;1817,21;2014;Mo-So
10880;1858,445;2016;Mo-So
10881;1777,57;2015;Mo-So
10881;1817,21;2014;Mo-So
10881;1858,445;2016;Mo-So
10885;9813,321;2014;Mo-So
10885;9964,993;2015;Mo-So
10885;10362,741;2016;Mo-So
10888;9813,321;2014;Mo-So
10888;9964,993;2015;Mo-So
10888;10362,741;2016;Mo-So
10889;9813,321;2014;Mo-So
10889;9964,993;2015;Mo-So
10889;10362,741;2016;Mo-So
10892;1155,623;2014;Mo-So
10892;1166,415;2015;Mo-So
10892;1229,478;2016;Mo-So
10893;1155,623;2014;Mo-So
10893;1166,415;2015;Mo-So
10893;1229,478;2016;Mo-So
10896;1288,285;2014;Mo-So
10896;1454,701;2015;Mo-So
10896;1515,678;2016;Mo-So
10897;1288,285;2014;Mo-So
10897;1454,701;2015;Mo-So
10897;1515,678;2016;Mo-So
10904;9941,873;2014;Mo-So
10904;10004,288;2015;Mo-So
10904;10431,026;2016;Mo-So
10905;9941,873;2014;Mo-So
10905;10004,288;2015;Mo-So
10905;10431,026;2016;Mo-So
10908;4837,13;2016;Mo-So
10908;4896,972;2014;Mo-So
10908;4973,515;2015;Mo-So
10909;4837,13;2016;Mo-So
10909;4896,972;2014;Mo-So
10909;4973,515;2015;Mo-So
10936;1461,824;2015;Mo-So
10936;1502,874;2014;Mo-So
10936;1543,436;2016;Mo-So
10937;1461,824;2015;Mo-So
10937;1502,874;2014;Mo-So
10937;1543,436;2016;Mo-So
10940;3360,545;2015;Mo-So
10940;3379,402;2014;Mo-So
10940;3623,046;2016;Mo-So
10941;3360,545;2015;Mo-So
10941;3379,402;2014;Mo-So
10941;3623,046;2016;Mo-So
10944;1941,577;2014;Mo-So
10944;2026,897;2016;Mo-So
10944;2035,118;2015;Mo-So
10945;1941,577;2014;Mo-So
10945;2026,897;2016;Mo-So
10945;2035,118;2015;Mo-So
10952;1098,746;2016;Mo-So
10952;1118,188;2014;Mo-So
10952;1233;2015;Mo-So
10953;1098,746;2016;Mo-So
10953;1118,188;2014;Mo-So
10953;1233;2015;Mo-So
10960;925,671;2016;Mo-So
10960;934,473;2014;Mo-So
10960;963,641;2015;Mo-So
10961;925,671;2016;Mo-So
10961;934,473;2014;Mo-So
10961;963,641;2015;Mo-So
10964;3281,387;2014;Mo-So
10964;3456,39;2015;Mo-So
10964;3519,864;2016;Mo-So
10965;3281,387;2014;Mo-So
10965;3456,39;2015;Mo-So
10965;3519,864;2016;Mo-So
10968;1134,962;2016;Mo-So
10968;1164,114;2014;Mo-So
10968;1297,446;2015;Mo-So
10969;1134,962;2016;Mo-So
10969;1164,114;2014;Mo-So
10969;1297,446;2015;Mo-So
10972;3860,349;2016;Mo-So
10972;4027,973;2014;Mo-So
10972;4100,02;2015;Mo-So
10973;3860,349;2016;Mo-So
10973;4027,973;2014;Mo-So
10973;4100,02;2015;Mo-So
10976;342,736;2016;Mo-So
10976;354,051;2015;Mo-So
10976;359,383;2014;Mo-So
10977;342,736;2016;Mo-So
10977;354,051;2015;Mo-So
10977;359,383;2014;Mo-So
10980;942,041;2014;Mo-So
10980;969,782;2015;Mo-So
10980;1015,186;2016;Mo-So
10981;942,041;2014;Mo-So
10981;969,782;2015;Mo-So
10981;1015,186;2016;Mo-So
10984;9941,873;2014;Mo-So
10984;10004,288;2015;Mo-So
10984;10431,026;2016;Mo-So
10985;9941,873;2014;Mo-So
10985;10004,288;2015;Mo-So
10985;10431,026;2016;Mo-So
10988;3254,341;2014;Mo-So
10988;3409,905;2015;Mo-So
10988;3684,259;2016;Mo-So
10989;3254,341;2014;Mo-So
10989;3409,905;2015;Mo-So
10989;3684,259;2016;Mo-So
10992;7567,125;2015;Mo-So
10992;7836,893;2016;Mo-So
10992;8085,803;2014;Mo-So
10993;7567,125;2015;Mo-So
10993;7836,893;2016;Mo-So
10993;8085,803;2014;Mo-So
10996;71,956;2014;Mo-So
10996;72,312;2015;Mo-So
10996;78,716;2016;Mo-So
10997;71,956;2014;Mo-So
10997;72,312;2015;Mo-So
10997;78,716;2016;Mo-So
11010;26439,877;2014;Mo-So
11010;29186,944;2015;Mo-So
11010;30442,372;2016;Mo-So
11021;26439,877;2014;Mo-So
11021;29186,944;2015;Mo-So
11021;30442,372;2016;Mo-So
11023;10399,009;2015;Mo-So
11023;10443,78;2016;Mo-So
11023;10668,348;2014;Mo-So
11025;15771,529;2014;Mo-So
11025;18787,935;2015;Mo-So
11025;19998,592;2016;Mo-So
11027;15771,529;2014;Mo-So
11027;18787,935;2015;Mo-So
11027;19998,592;2016;Mo-So
11029;30223,137;2015;Mo-So
11029;30497,768;2014;Mo-So
11029;31018,528;2016;Mo-So
11031;7025,287;2014;Mo-So
11031;7091,191;2015;Mo-So
11031;7872,265;2016;Mo-So
11037;6181,308;2014;Mo-So
11037;6253,898;2015;Mo-So
11037;6849,787;2016;Mo-So
11038;6181,308;2014;Mo-So
11038;6253,898;2015;Mo-So
11038;6849,787;2016;Mo-So
11051;7822,188;2015;Mo-So
11051;8029,108;2016;Mo-So
11051;8377,863;2014;Mo-So
11129;6911,825;2016;Mo-So
11129;7135,236;2014;Mo-So
11129;7238,672;2015;Mo-So
11130;217,866;2015;Mo-So
11130;219,787;2016;Mo-So
11130;220,706;2014;Mo-So
11133;205,866;2016;Mo-So
11133;207,204;2015;Mo-So
11133;207,446;2014;Mo-So
11135;6692,038;2016;Mo-So
11135;6927,833;2014;Mo-So
11135;7033,938;2015;Mo-So
11211;2683,339;2014;Mo-So
11211;2756,473;2016;Mo-So
11211;2834,075;2015;Mo-So
11213;4677,938;2014;Mo-So
11213;5298,578;2016;Mo-So
11213;5303,959;2015;Mo-So
11237;1679,197;2015;Mo-So
11237;1698,027;2014;Mo-So
11237;1866,412;2016;Mo-So
11269;1337,593;2014;Mo-So
11269;1375,436;2016;Mo-So
11269;1402,257;2015;Mo-So
11270;535,998;2014;Mo-So
11270;599,776;2016;Mo-So
11270;604,488;2015;Mo-So
11274;80,61;2014;Mo-So
11274;86,247;2015;Mo-So
11274;90,101;2016;Mo-So
11278;80,61;2014;Mo-So
11278;86,247;2015;Mo-So
11278;90,101;2016;Mo-So
11282;80,61;2014;Mo-So
11282;86,247;2015;Mo-So
11282;90,101;2016;Mo-So
11286;290,666;2014;Mo-So
11286;321,688;2015;Mo-So
11286;337,545;2016;Mo-So
11289;290,666;2014;Mo-So
11289;321,688;2015;Mo-So
11289;337,545;2016;Mo-So
11290;290,666;2014;Mo-So
11290;321,688;2015;Mo-So
11290;337,545;2016;Mo-So
11294;4549,856;2014;Mo-So
11294;4567,265;2015;Mo-So
11294;4637,031;2016;Mo-So
11301;19120,314;2015;Mo-So
11301;19629,797;2014;Mo-So
11301;20411,476;2016;Mo-So
11302;18575,664;2015;Mo-So
11302;19175,448;2014;Mo-So
11302;19894,453;2016;Mo-So
11309;839,02;2016;Mo-So
11309;928,436;2014;Mo-So
11309;937,193;2015;Mo-So
11413;4591,008;2014;Mo-So
11413;4598,474;2015;Mo-So
11413;4663,538;2016;Mo-So
11417;4561,82;2014;Mo-So
11417;4578,067;2015;Mo-So
11417;4648,107;2016;Mo-So
11419;28,963;2016;Mo-So
11419;38,996;2015;Mo-So
11419;55,486;2014;Mo-So
11423;1687,257;2015;Mo-So
11423;1706,349;2014;Mo-So
11423;1873,589;2016;Mo-So
11424;1679,864;2015;Mo-So
11424;1702,023;2014;Mo-So
11424;1884,17;2016;Mo-So
11433;2681,295;2014;Mo-So
11433;2713,694;2016;Mo-So
11433;2800,505;2015;Mo-So
11435;2683,339;2014;Mo-So
11435;2756,473;2016;Mo-So
11435;2834,075;2015;Mo-So
11441;1914,607;2014;Mo-So
11441;2358,307;2015;Mo-So
11441;2376,787;2016;Mo-So
11443;1914,607;2014;Mo-So
11443;2387,653;2015;Mo-So
11443;2420,887;2016;Mo-So
11493;1914,607;2014;Mo-So
11493;2216,781;2015;Mo-So
11493;2219,861;2016;Mo-So
11509;1914,607;2014;Mo-So
11509;2291,28;2015;Mo-So
11509;2312,118;2016;Mo-So
11511;1914,607;2014;Mo-So
11511;2358,307;2015;Mo-So
11511;2376,787;2016;Mo-So
11551;1683,259;2014;Mo-So
11551;1932,876;2016;Mo-So
11551;1947,903;2015;Mo-So
11553;1683,259;2014;Mo-So
11553;1939,657;2016;Mo-So
11553;1957,403;2015;Mo-So
11555;1683,259;2014;Mo-So
11555;1831,707;2016;Mo-So
11555;1873,081;2015;Mo-So
11631;2012,28;2015;Mo-So
11631;2115,627;2014;Mo-So
11631;2131,431;2016;Mo-So
11709;7967,446;2014;Mo-So
11709;8235,807;2015;Mo-So
11709;8663,469;2016;Mo-So
11729;2117,708;2014;Mo-So
11729;2158,706;2015;Mo-So
11729;2284,41;2016;Mo-So
11869;850,627;2014;Mo-So
11869;853,208;2015;Mo-So
11869;853,377;2016;Mo-So
10000;1455;2019;Mo-Fr
10004;1190;2019;Mo-Fr
10006;1268;2019;Mo-Fr
10014;2594;2019;Mo-Fr
10026;9804;2019;Mo-Fr
10030;9449;2019;Mo-Fr
10040;3594;2019;Mo-Fr
10042;3475;2019;Mo-Fr
10044;3508;2019;Mo-Fr
10046;3439;2019;Mo-Fr
10050;3489;2019;Mo-Fr
10052;4788;2019;Mo-Fr
10054;3623;2019;Mo-Fr
10056;2982;2019;Mo-Fr
10058;2049;2019;Mo-Fr
10060;1633;2019;Mo-Fr
10062;1461;2019;Mo-Fr
10068;316;2019;Mo-Fr
10072;1109;2019;Mo-Fr
10074;1639;2019;Mo-Fr
10076;1874;2019;Mo-Fr
10080;1468;2019;Mo-Fr
10084;1230;2019;Mo-Fr
10086;1205;2019;Mo-Fr
10088;1070;2019;Mo-Fr
10090;1067;2019;Mo-Fr
10092;904;2019;Mo-Fr
10094;904;2019;Mo-Fr
10096;901;2019;Mo-Fr
10098;1574;2019;Mo-Fr
10100;1574;2019;Mo-Fr
10102;2685;2019;Mo-Fr
10104;14986;2019;Mo-Fr
10108;2473;2019;Mo-Fr
10110;2332;2019;Mo-Fr
10114;2624;2019;Mo-Fr
10122;1317;2019;Mo-Fr
10124;1516;2019;Mo-Fr
10126;1444;2019;Mo-Fr
10130;1433;2019;Mo-Fr
10132;1736;2019;Mo-Fr
10134;1848;2019;Mo-Fr
10136;2029;2019;Mo-Fr
10140;2230;2019;Mo-Fr
10142;4611;2019;Mo-Fr
10144;5297;2019;Mo-Fr
10146;611;2019;Mo-Fr
10150;522;2019;Mo-Fr
10152;7334;2019;Mo-Fr
10160;5997;2019;Mo-Fr
10162;6352;2019;Mo-Fr
10164;6499;2019;Mo-Fr
10166;7279;2019;Mo-Fr
10168;7997;2019;Mo-Fr
10170;7834;2019;Mo-Fr
10172;7958;2019;Mo-Fr
10174;7268;2019;Mo-Fr
10176;8398;2019;Mo-Fr
10180;9813;2019;Mo-Fr
10182;11201;2019;Mo-Fr
10184;1819;2019;Mo-Fr
10188;1767;2019;Mo-Fr
10190;1752;2019;Mo-Fr
10192;1487;2019;Mo-Fr
10194;1397;2019;Mo-Fr
10202;2255;2019;Mo-Fr
10204;2154;2019;Mo-Fr
10206;1939;2019;Mo-Fr
10208;1936;2019;Mo-Fr
10210;1863;2019;Mo-Fr
10212;1440;2019;Mo-Fr
10216;8147;2019;Mo-Fr
10218;7205;2019;Mo-Fr
10220;6931;2019;Mo-Fr
10222;6775;2019;Mo-Fr
10226;1009;2019;Mo-Fr
10228;772;2019;Mo-Fr
10230;393;2019;Mo-Fr
10232;372;2019;Mo-Fr
10234;355;2019;Mo-Fr
10236;345;2019;Mo-Fr
10238;352;2019;Mo-Fr
10242;465;2019;Mo-Fr
10244;526;2019;Mo-Fr
10246;4837;2019;Mo-Fr
10248;4624;2019;Mo-Fr
10250;4572;2019;Mo-Fr
10254;4825;2019;Mo-Fr
10258;730;2019;Mo-Fr
10260;720;2019;Mo-Fr
10262;822;2019;Mo-Fr
10266;811;2019;Mo-Fr
10304;11844;2019;Mo-Fr
10306;11984;2019;Mo-Fr
10312;36320;2019;Mo-Fr
10314;36867;2019;Mo-Fr
10318;32887;2019;Mo-Fr
10352;39947;2019;Mo-Fr
10358;20083;2019;Mo-Fr
10370;40201;2019;Mo-Fr
10376;38165;2019;Mo-Fr
10396;3905;2019;Mo-Fr
10402;552;2019;Mo-Fr
10404;971;2019;Mo-Fr
10406;959;2019;Mo-Fr
10408;1047;2019;Mo-Fr
10410;1051;2019;Mo-Fr
10412;1048;2019;Mo-Fr
10414;1074;2019;Mo-Fr
10416;1087;2019;Mo-Fr
10422;3511;2019;Mo-Fr
10424;3768;2019;Mo-Fr
10426;2609;2019;Mo-Fr
10428;975;2019;Mo-Fr
10430;3954;2019;Mo-Fr
10432;4323;2019;Mo-Fr
10434;766;2019;Mo-Fr
10436;764;2019;Mo-Fr
10442;766;2019;Mo-Fr
10446;8829;2019;Mo-Fr
10450;66;2019;Mo-Fr
10452;8269;2019;Mo-Fr
10454;6967;2019;Mo-Fr
10456;2531;2019;Mo-Fr
10476;7501;2019;Mo-Fr
10478;7500;2019;Mo-Fr
10480;5381;2019;Mo-Fr
10482;5052;2019;Mo-Fr
10484;1705;2019;Mo-Fr
10490;2899;2019;Mo-Fr
10492;3025;2019;Mo-Fr
10494;1918;2019;Mo-Fr
10496;2956;2019;Mo-Fr
10498;2927;2019;Mo-Fr
10500;2892;2019;Mo-Fr
10502;2896;2019;Mo-Fr
10504;2908;2019;Mo-Fr
10506;20330;2019;Mo-Fr
10508;20375;2019;Mo-Fr
10524;2879;2019;Mo-Fr
10528;4469;2019;Mo-Fr
10530;2910;2019;Mo-Fr
10544;31211;2019;Mo-Fr
10545;31211;2019;Mo-Fr
10549;8819;2019;Mo-Fr
10565;1728;2019;Mo-Fr
10569;3342;2019;Mo-Fr
10573;1246;2019;Mo-Fr
10687;4951;2019;Mo-Fr
10688;1100;2019;Mo-Fr
10691;3851;2019;Mo-Fr
10698;6322;2019;Mo-Fr
10701;4053;2019;Mo-Fr
10710;37;2019;Mo-Fr
10740;1031;2019;Mo-Fr
10760;815;2019;Mo-Fr
10762;815;2019;Mo-Fr
10764;727;2019;Mo-Fr
10766;727;2019;Mo-Fr
10768;339;2019;Mo-Fr
10770;377;2019;Mo-Fr
10772;2109;2019;Mo-Fr
10774;2144;2019;Mo-Fr
10788;8819;2019;Mo-Fr
10789;8819;2019;Mo-Fr
10792;8236;2019;Mo-Fr
10793;8236;2019;Mo-Fr
10796;14177;2019;Mo-Fr
10797;14177;2019;Mo-Fr
10800;13827;2019;Mo-Fr
10801;13827;2019;Mo-Fr
10804;13430;2019;Mo-Fr
10805;13430;2019;Mo-Fr
10808;5402;2019;Mo-Fr
10809;5402;2019;Mo-Fr
10812;4861;2019;Mo-Fr
10816;4861;2019;Mo-Fr
10817;4861;2019;Mo-Fr
10821;5907;2019;Mo-Fr
10824;5907;2019;Mo-Fr
10825;5907;2019;Mo-Fr
10828;505;2019;Mo-Fr
10829;505;2019;Mo-Fr
10833;5422;2019;Mo-Fr
10836;2866;2019;Mo-Fr
10837;2866;2019;Mo-Fr
10841;0;2019;Mo-Fr
10844;6483;2019;Mo-Fr
10845;6483;2019;Mo-Fr
10848;1246;2019;Mo-Fr
10849;1246;2019;Mo-Fr
10853;2091;2019;Mo-Fr
10856;13389;2019;Mo-Fr
10857;13389;2019;Mo-Fr
10861;9945;2019;Mo-Fr
10869;3095;2019;Mo-Fr
10876;3052;2019;Mo-Fr
10877;3052;2019;Mo-Fr
10880;1794;2019;Mo-Fr
10881;1794;2019;Mo-Fr
10885;12790;2019;Mo-Fr
10888;12790;2019;Mo-Fr
10889;12790;2019;Mo-Fr
10892;1337;2019;Mo-Fr
10893;1337;2019;Mo-Fr
10896;1589;2019;Mo-Fr
10897;1589;2019;Mo-Fr
10904;12787;2019;Mo-Fr
10905;12787;2019;Mo-Fr
10908;4585;2019;Mo-Fr
10909;4585;2019;Mo-Fr
10936;1728;2019;Mo-Fr
10937;1728;2019;Mo-Fr
10940;3342;2019;Mo-Fr
10941;3342;2019;Mo-Fr
10944;2531;2019;Mo-Fr
10945;2531;2019;Mo-Fr
10952;1248;2019;Mo-Fr
10953;1248;2019;Mo-Fr
10960;879;2019;Mo-Fr
10961;879;2019;Mo-Fr
10964;4113;2019;Mo-Fr
10965;4113;2019;Mo-Fr
10968;1309;2019;Mo-Fr
10969;1309;2019;Mo-Fr
10972;3758;2019;Mo-Fr
10973;3758;2019;Mo-Fr
10976;354;2019;Mo-Fr
10977;354;2019;Mo-Fr
10980;1078;2019;Mo-Fr
10981;1078;2019;Mo-Fr
10984;12787;2019;Mo-Fr
10985;12787;2019;Mo-Fr
10988;4379;2019;Mo-Fr
10989;4379;2019;Mo-Fr
10992;9642;2019;Mo-Fr
10993;9642;2019;Mo-Fr
10996;73;2019;Mo-Fr
10997;73;2019;Mo-Fr
11010;37514;2019;Mo-Fr
11021;37514;2019;Mo-Fr
11023;11838;2019;Mo-Fr
11025;25676;2019;Mo-Fr
11027;25676;2019;Mo-Fr
11029;37780;2019;Mo-Fr
11031;9267;2019;Mo-Fr
11037;7501;2019;Mo-Fr
11038;7501;2019;Mo-Fr
11051;9945;2019;Mo-Fr
11073;956;2019;Mo-Fr
11129;7289;2019;Mo-Fr
11130;265;2019;Mo-Fr
11133;242;2019;Mo-Fr
11135;7025;2019;Mo-Fr
11211;3172;2019;Mo-Fr
11213;6326;2019;Mo-Fr
11237;2091;2019;Mo-Fr
11269;1226;2019;Mo-Fr
11270;337;2019;Mo-Fr
11274;74;2019;Mo-Fr
11278;74;2019;Mo-Fr
11282;74;2019;Mo-Fr
11286;284;2019;Mo-Fr
11289;284;2019;Mo-Fr
11290;284;2019;Mo-Fr
11294;5422;2019;Mo-Fr
11301;24125;2019;Mo-Fr
11302;23372;2019;Mo-Fr
11309;963;2019;Mo-Fr
11390;0;2019;Mo-Fr
11413;5772;2019;Mo-Fr
11417;5446;2019;Mo-Fr
11419;339;2019;Mo-Fr
11423;2089;2019;Mo-Fr
11424;2098;2019;Mo-Fr
11433;3095;2019;Mo-Fr
11435;3172;2019;Mo-Fr
11441;3023;2019;Mo-Fr
11443;3059;2019;Mo-Fr
11493;2811;2019;Mo-Fr
11509;2944;2019;Mo-Fr
11511;3023;2019;Mo-Fr
11551;2497;2019;Mo-Fr
11553;2478;2019;Mo-Fr
11555;2269;2019;Mo-Fr
11631;2152;2019;Mo-Fr
11709;8822;2019;Mo-Fr
11729;2339;2019;Mo-Fr
11829;282;2019;Mo-Fr
11831;209;2019;Mo-Fr
11869;762;2019;Mo-Fr
10000;1285;2019;Sa
10004;987;2019;Sa
10006;1055;2019;Sa
10014;2276;2019;Sa
10026;9727;2019;Sa
10030;9595;2019;Sa
10040;3170;2019;Sa
10042;3047;2019;Sa
10044;2994;2019;Sa
10046;2946;2019;Sa
10050;2746;2019;Sa
10052;3764;2019;Sa
10054;2841;2019;Sa
10056;3713;2019;Sa
10058;2745;2019;Sa
10060;2300;2019;Sa
10062;2112;2019;Sa
10068;620;2019;Sa
10072;1990;2019;Sa
10074;2719;2019;Sa
10076;2984;2019;Sa
10080;1468;2019;Sa
10084;1312;2019;Sa
10086;1283;2019;Sa
10088;1165;2019;Sa
10090;1163;2019;Sa
10092;1082;2019;Sa
10094;1080;2019;Sa
10096;1081;2019;Sa
10098;2140;2019;Sa
10100;2140;2019;Sa
10102;3445;2019;Sa
10104;12598;2019;Sa
10108;2423;2019;Sa
10110;2309;2019;Sa
10114;2142;2019;Sa
10122;1170;2019;Sa
10124;1096;2019;Sa
10126;1058;2019;Sa
10130;1065;2019;Sa
10132;1227;2019;Sa
10134;1292;2019;Sa
10136;1412;2019;Sa
10140;1585;2019;Sa
10142;3141;2019;Sa
10144;3357;2019;Sa
10146;348;2019;Sa
10150;302;2019;Sa
10152;4577;2019;Sa
10160;4326;2019;Sa
10162;3132;2019;Sa
10164;3201;2019;Sa
10166;3596;2019;Sa
10168;3912;2019;Sa
10170;4048;2019;Sa
10172;5488;2019;Sa
10174;5049;2019;Sa
10176;5796;2019;Sa
10180;7007;2019;Sa
10182;7816;2019;Sa
10184;1821;2019;Sa
10188;1785;2019;Sa
10190;1778;2019;Sa
10192;1339;2019;Sa
10194;1252;2019;Sa
10202;1112;2019;Sa
10204;1096;2019;Sa
10206;982;2019;Sa
10208;973;2019;Sa
10210;929;2019;Sa
10212;712;2019;Sa
10216;8753;2019;Sa
10218;8066;2019;Sa
10220;7952;2019;Sa
10222;7863;2019;Sa
10226;798;2019;Sa
10228;633;2019;Sa
10230;404;2019;Sa
10232;387;2019;Sa
10234;363;2019;Sa
10236;356;2019;Sa
10238;328;2019;Sa
10242;439;2019;Sa
10244;478;2019;Sa
10246;6277;2019;Sa
10248;6205;2019;Sa
10250;6230;2019;Sa
10254;6439;2019;Sa
10258;785;2019;Sa
10260;788;2019;Sa
10262;868;2019;Sa
10266;875;2019;Sa
10304;8132;2019;Sa
10306;8340;2019;Sa
10312;31233;2019;Sa
10314;31582;2019;Sa
10318;29458;2019;Sa
10352;26784;2019;Sa
10358;19782;2019;Sa
10370;27842;2019;Sa
10376;26647;2019;Sa
10396;5355;2019;Sa
10402;621;2019;Sa
10404;875;2019;Sa
10406;838;2019;Sa
10408;839;2019;Sa
10410;840;2019;Sa
10412;841;2019;Sa
10414;899;2019;Sa
10416;911;2019;Sa
10422;4285;2019;Sa
10424;5060;2019;Sa
10426;3244;2019;Sa
10428;832;2019;Sa
10430;4986;2019;Sa
10432;5053;2019;Sa
10434;1082;2019;Sa
10436;1080;2019;Sa
10442;1084;2019;Sa
10446;7823;2019;Sa
10450;49;2019;Sa
10452;7585;2019;Sa
10454;6997;2019;Sa
10456;3119;2019;Sa
10476;6557;2019;Sa
10478;6557;2019;Sa
10480;5297;2019;Sa
10482;5180;2019;Sa
10484;1721;2019;Sa
10490;3484;2019;Sa
10492;3834;2019;Sa
10494;1933;2019;Sa
10496;3811;2019;Sa
10498;3799;2019;Sa
10500;3701;2019;Sa
10502;3701;2019;Sa
10504;3701;2019;Sa
10506;15927;2019;Sa
10508;15980;2019;Sa
10524;3643;2019;Sa
10528;5115;2019;Sa
10530;3701;2019;Sa
10544;22384;2019;Sa
10545;22384;2019;Sa
10549;6266;2019;Sa
10565;1794;2019;Sa
10569;4043;2019;Sa
10573;1334;2019;Sa
10687;6212;2019;Sa
10688;908;2019;Sa
10691;5304;2019;Sa
10698;6602;2019;Sa
10701;4665;2019;Sa
10710;32;2019;Sa
10740;830;2019;Sa
10760;870;2019;Sa
10762;870;2019;Sa
10764;765;2019;Sa
10766;765;2019;Sa
10768;943;2019;Sa
10770;863;2019;Sa
10772;1461;2019;Sa
10774;1510;2019;Sa
10788;6266;2019;Sa
10789;6266;2019;Sa
10792;8780;2019;Sa
10793;8780;2019;Sa
10796;14591;2019;Sa
10797;14591;2019;Sa
10800;14323;2019;Sa
10801;14323;2019;Sa
10804;14075;2019;Sa
10805;14075;2019;Sa
10808;3919;2019;Sa
10809;3919;2019;Sa
10812;3585;2019;Sa
10816;3585;2019;Sa
10817;3585;2019;Sa
10821;2904;2019;Sa
10824;2904;2019;Sa
10825;2904;2019;Sa
10828;293;2019;Sa
10829;293;2019;Sa
10833;4294;2019;Sa
10836;2539;2019;Sa
10837;2539;2019;Sa
10841;0;2019;Sa
10844;6877;2019;Sa
10845;6877;2019;Sa
10848;1334;2019;Sa
10849;1334;2019;Sa
10853;2087;2019;Sa
10856;11997;2019;Sa
10857;11997;2019;Sa
10861;9843;2019;Sa
10869;2717;2019;Sa
10876;2667;2019;Sa
10877;2667;2019;Sa
10880;1814;2019;Sa
10881;1814;2019;Sa
10885;13720;2019;Sa
10888;13720;2019;Sa
10889;13720;2019;Sa
10892;1133;2019;Sa
10893;1133;2019;Sa
10896;1182;2019;Sa
10897;1182;2019;Sa
10904;13725;2019;Sa
10905;13725;2019;Sa
10908;6258;2019;Sa
10909;6258;2019;Sa
10936;1794;2019;Sa
10937;1794;2019;Sa
10940;4043;2019;Sa
10941;4043;2019;Sa
10944;3119;2019;Sa
10945;3119;2019;Sa
10952;1060;2019;Sa
10953;1060;2019;Sa
10960;1023;2019;Sa
10961;1023;2019;Sa
10964;4860;2019;Sa
10965;4860;2019;Sa
10968;1136;2019;Sa
10969;1136;2019;Sa
10972;5237;2019;Sa
10973;5237;2019;Sa
10976;326;2019;Sa
10977;326;2019;Sa
10980;844;2019;Sa
10981;844;2019;Sa
10984;13725;2019;Sa
10985;13725;2019;Sa
10988;5016;2019;Sa
10989;5016;2019;Sa
10992;9619;2019;Sa
10993;9619;2019;Sa
10996;52;2019;Sa
10997;52;2019;Sa
11010;32699;2019;Sa
11021;32699;2019;Sa
11023;9430;2019;Sa
11025;23269;2019;Sa
11027;23269;2019;Sa
11029;25818;2019;Sa
11031;7574;2019;Sa
11037;6557;2019;Sa
11038;6557;2019;Sa
11051;9843;2019;Sa
11073;1290;2019;Sa
11129;6773;2019;Sa
11130;149;2019;Sa
11133;140;2019;Sa
11135;6624;2019;Sa
11211;2829;2019;Sa
11213;5610;2019;Sa
11237;2087;2019;Sa
11269;1802;2019;Sa
11270;941;2019;Sa
11274;199;2019;Sa
11278;199;2019;Sa
11282;199;2019;Sa
11286;504;2019;Sa
11289;504;2019;Sa
11290;504;2019;Sa
11294;4294;2019;Sa
11301;17737;2019;Sa
11302;17401;2019;Sa
11309;904;2019;Sa
11390;0;2019;Sa
11413;4575;2019;Sa
11417;4326;2019;Sa
11419;250;2019;Sa
11423;2085;2019;Sa
11424;2182;2019;Sa
11433;2717;2019;Sa
11435;2829;2019;Sa
11441;2572;2019;Sa
11443;2616;2019;Sa
11493;2386;2019;Sa
11509;2491;2019;Sa
11511;2572;2019;Sa
11551;2139;2019;Sa
11553;2083;2019;Sa
11555;1938;2019;Sa
11631;3283;2019;Sa
11709;10470;2019;Sa
11729;3592;2019;Sa
11829;249;2019;Sa
11831;183;2019;Sa
11869;1080;2019;Sa
10000;1241;2019;So
10004;946;2019;So
10006;927;2019;So
10014;2136;2019;So
10026;8780;2019;So
10030;8732;2019;So
10040;2832;2019;So
10042;2769;2019;So
10044;2756;2019;So
10046;2671;2019;So
10050;2479;2019;So
10052;3084;2019;So
10054;2546;2019;So
10056;2953;2019;So
10058;2030;2019;So
10060;1653;2019;So
10062;1498;2019;So
10068;470;2019;So
10072;1806;2019;So
10074;2572;2019;So
10076;2751;2019;So
10080;1411;2019;So
10084;1267;2019;So
10086;1255;2019;So
10088;1189;2019;So
10090;1187;2019;So
10092;1102;2019;So
10094;1102;2019;So
10096;1097;2019;So
10098;2242;2019;So
10100;2242;2019;So
10102;3611;2019;So
10104;10990;2019;So
10108;2479;2019;So
10110;2345;2019;So
10114;1326;2019;So
10122;886;2019;So
10124;559;2019;So
10126;548;2019;So
10130;553;2019;So
10132;646;2019;So
10134;701;2019;So
10136;747;2019;So
10140;811;2019;So
10142;1619;2019;So
10144;1706;2019;So
10146;179;2019;So
10150;172;2019;So
10152;2270;2019;So
10160;2252;2019;So
10162;1533;2019;So
10164;1557;2019;So
10166;1691;2019;So
10168;1821;2019;So
10170;1851;2019;So
10172;2847;2019;So
10174;2609;2019;So
10176;2991;2019;So
10180;3444;2019;So
10182;3831;2019;So
10184;1396;2019;So
10188;1367;2019;So
10190;1355;2019;So
10192;993;2019;So
10194;952;2019;So
10202;738;2019;So
10204;716;2019;So
10206;671;2019;So
10208;668;2019;So
10210;633;2019;So
10212;478;2019;So
10216;7528;2019;So
10218;7074;2019;So
10220;6982;2019;So
10222;6912;2019;So
10226;596;2019;So
10228;497;2019;So
10230;347;2019;So
10232;336;2019;So
10234;318;2019;So
10236;312;2019;So
10238;292;2019;So
10242;350;2019;So
10244;368;2019;So
10246;5754;2019;So
10248;5721;2019;So
10250;5752;2019;So
10254;5875;2019;So
10258;599;2019;So
10260;597;2019;So
10262;635;2019;So
10266;633;2019;So
10304;3954;2019;So
10306;4058;2019;So
10312;25952;2019;So
10314;26174;2019;So
10318;24828;2019;So
10352;21001;2019;So
10358;16685;2019;So
10370;21847;2019;So
10376;21010;2019;So
10396;5017;2019;So
10402;536;2019;So
10404;725;2019;So
10406;709;2019;So
10408;702;2019;So
10410;701;2019;So
10412;699;2019;So
10414;725;2019;So
10416;728;2019;So
10422;3861;2019;So
10424;4682;2019;So
10426;2905;2019;So
10428;705;2019;So
10430;4612;2019;So
10432;4625;2019;So
10434;849;2019;So
10436;849;2019;So
10442;847;2019;So
10446;6510;2019;So
10450;28;2019;So
10452;6309;2019;So
10454;5864;2019;So
10456;2760;2019;So
10476;5210;2019;So
10478;5191;2019;So
10480;4526;2019;So
10482;4470;2019;So
10484;1859;2019;So
10490;3324;2019;So
10492;3911;2019;So
10494;1964;2019;So
10496;3894;2019;So
10498;3890;2019;So
10500;3807;2019;So
10502;3807;2019;So
10504;3807;2019;So
10506;13786;2019;So
10508;13828;2019;So
10524;3743;2019;So
10528;4520;2019;So
10530;3808;2019;So
10544;18053;2019;So
10545;18053;2019;So
10549;3209;2019;So
10565;1890;2019;So
10569;3805;2019;So
10573;1284;2019;So
10687;5594;2019;So
10688;724;2019;So
10691;4870;2019;So
10698;5757;2019;So
10701;4206;2019;So
10710;27;2019;So
10740;622;2019;So
10760;634;2019;So
10762;634;2019;So
10764;591;2019;So
10766;591;2019;So
10768;705;2019;So
10770;660;2019;So
10772;709;2019;So
10774;708;2019;So
10788;3209;2019;So
10789;3209;2019;So
10792;7557;2019;So
10793;7557;2019;So
10796;13411;2019;So
10797;13411;2019;So
10800;13231;2019;So
10801;13231;2019;So
10804;13044;2019;So
10805;13044;2019;So
10808;2024;2019;So
10809;2024;2019;So
10812;1851;2019;So
10816;1851;2019;So
10817;1851;2019;So
10821;1447;2019;So
10824;1447;2019;So
10825;1447;2019;So
10828;166;2019;So
10829;166;2019;So
10833;3480;2019;So
10836;2400;2019;So
10837;2400;2019;So
10841;0;2019;So
10844;5735;2019;So
10845;5735;2019;So
10848;1284;2019;So
10849;1284;2019;So
10853;2129;2019;So
10856;10416;2019;So
10857;10416;2019;So
10861;8836;2019;So
10869;2413;2019;So
10876;2404;2019;So
10877;2404;2019;So
10880;1394;2019;So
10881;1394;2019;So
10885;12768;2019;So
10888;12768;2019;So
10889;12768;2019;So
10892;845;2019;So
10893;845;2019;So
10896;573;2019;So
10897;573;2019;So
10904;12764;2019;So
10905;12764;2019;So
10908;5783;2019;So
10909;5783;2019;So
10936;1890;2019;So
10937;1890;2019;So
10940;3805;2019;So
10941;3805;2019;So
10944;2760;2019;So
10945;2760;2019;So
10952;920;2019;So
10953;920;2019;So
10960;948;2019;So
10961;948;2019;So
10964;4346;2019;So
10965;4346;2019;So
10968;1138;2019;So
10969;1138;2019;So
10972;4885;2019;So
10973;4885;2019;So
10976;290;2019;So
10977;290;2019;So
10980;630;2019;So
10981;630;2019;So
10984;12764;2019;So
10985;12764;2019;So
10988;4428;2019;So
10989;4428;2019;So
10992;8724;2019;So
10993;8724;2019;So
10996;41;2019;So
10997;41;2019;So
11010;26915;2019;So
11021;26915;2019;So
11023;7369;2019;So
11025;19546;2019;So
11027;19546;2019;So
11029;20245;2019;So
11031;5846;2019;So
11037;5210;2019;So
11038;5210;2019;So
11051;8836;2019;So
11073;1359;2019;So
11129;5708;2019;So
11130;105;2019;So
11133;100;2019;So
11135;5603;2019;So
11211;2456;2019;So
11213;4407;2019;So
11237;2129;2019;So
11269;1302;2019;So
11270;703;2019;So
11274;157;2019;So
11278;157;2019;So
11282;157;2019;So
11286;391;2019;So
11289;391;2019;So
11290;391;2019;So
11294;3480;2019;So
11301;15090;2019;So
11302;14836;2019;So
11309;632;2019;So
11390;0;2019;So
11413;3519;2019;So
11417;3507;2019;So
11419;319;2019;So
11423;2116;2019;So
11424;2167;2019;So
11433;2413;2019;So
11435;2456;2019;So
11441;1912;2019;So
11443;1930;2019;So
11493;1820;2019;So
11509;1880;2019;So
11511;1912;2019;So
11551;1674;2019;So
11553;1639;2019;So
11555;1551;2019;So
11631;2968;2019;So
11709;8768;2019;So
11729;3033;2019;So
11829;338;2019;So
11831;240;2019;So
11869;849;2019;So
10000;1401;2019;Mo-So
10004;1126;2019;Mo-So
10006;1189;2019;Mo-So
10014;2484;2019;Mo-So
10026;9647;2019;Mo-So
10030;9368;2019;Mo-So
10040;3425;2019;Mo-So
10042;3314;2019;Mo-So
10044;3327;2019;Mo-So
10046;3260;2019;Mo-So
10050;3239;2019;Mo-So
10052;4399;2019;Mo-So
10054;3358;2019;Mo-So
10056;3082;2019;Mo-So
10058;2146;2019;Mo-So
10060;1731;2019;Mo-So
10062;1559;2019;Mo-So
10068;381;2019;Mo-So
10072;1334;2019;Mo-So
10074;1926;2019;Mo-So
10076;2157;2019;Mo-So
10080;1460;2019;Mo-So
10084;1247;2019;Mo-So
10086;1223;2019;Mo-So
10088;1101;2019;Mo-So
10090;1098;2019;Mo-So
10092;958;2019;Mo-So
10094;957;2019;Mo-So
10096;955;2019;Mo-So
10098;1750;2019;Mo-So
10100;1750;2019;Mo-So
10102;2924;2019;Mo-So
10104;14076;2019;Mo-So
10108;2467;2019;Mo-So
10110;2331;2019;Mo-So
10114;2370;2019;Mo-So
10122;1235;2019;Mo-So
10124;1318;2019;Mo-So
10126;1261;2019;Mo-So
10130;1254;2019;Mo-So
10132;1507;2019;Mo-So
10134;1604;2019;Mo-So
10136;1757;2019;Mo-So
10140;1934;2019;Mo-So
10142;3975;2019;Mo-So
10144;4509;2019;Mo-So
10146;512;2019;Mo-So
10150;440;2019;Mo-So
10152;6219;2019;Mo-So
10160;5224;2019;Mo-So
10162;5207;2019;Mo-So
10164;5325;2019;Mo-So
10166;5958;2019;Mo-So
10168;6535;2019;Mo-So
10170;6442;2019;Mo-So
10172;6875;2019;Mo-So
10174;6285;2019;Mo-So
10176;7254;2019;Mo-So
10180;8502;2019;Mo-So
10182;9665;2019;Mo-So
10184;1759;2019;Mo-So
10188;1713;2019;Mo-So
10190;1699;2019;Mo-So
10192;1396;2019;Mo-So
10194;1313;2019;Mo-So
10202;1876;2019;Mo-So
10204;1798;2019;Mo-So
10206;1622;2019;Mo-So
10208;1618;2019;Mo-So
10210;1555;2019;Mo-So
10212;1199;2019;Mo-So
10216;8145;2019;Mo-So
10218;7309;2019;Mo-So
10220;7084;2019;Mo-So
10222;6950;2019;Mo-So
10226;920;2019;Mo-So
10228;713;2019;Mo-So
10230;388;2019;Mo-So
10232;369;2019;Mo-So
10234;351;2019;Mo-So
10236;342;2019;Mo-So
10238;340;2019;Mo-So
10242;445;2019;Mo-So
10244;496;2019;Mo-So
10246;5173;2019;Mo-So
10248;5006;2019;Mo-So
10250;4976;2019;Mo-So
10254;5204;2019;Mo-So
10258;719;2019;Mo-So
10260;712;2019;Mo-So
10262;802;2019;Mo-So
10266;794;2019;Mo-So
10304;10186;2019;Mo-So
10306;10331;2019;Mo-So
10312;34119;2019;Mo-So
10314;34591;2019;Mo-So
10318;31251;2019;Mo-So
10352;35373;2019;Mo-So
10358;19556;2019;Mo-So
10370;35826;2019;Mo-So
10376;34080;2019;Mo-So
10396;4270;2019;Mo-So
10402;560;2019;Mo-So
10404;923;2019;Mo-So
10406;906;2019;Mo-So
10408;968;2019;Mo-So
10410;971;2019;Mo-So
10412;968;2019;Mo-So
10414;999;2019;Mo-So
10416;1011;2019;Mo-So
10422;3671;2019;Mo-So
10424;4082;2019;Mo-So
10426;2742;2019;Mo-So
10428;916;2019;Mo-So
10430;4195;2019;Mo-So
10432;4470;2019;Mo-So
10434;823;2019;Mo-So
10436;821;2019;Mo-So
10442;823;2019;Mo-So
10446;8355;2019;Mo-So
10450;58;2019;Mo-So
10452;7893;2019;Mo-So
10454;6814;2019;Mo-So
10456;2647;2019;Mo-So
10476;7040;2019;Mo-So
10478;7037;2019;Mo-So
10480;5247;2019;Mo-So
10482;4987;2019;Mo-So
10484;1729;2019;Mo-So
10490;3043;2019;Mo-So
10492;3265;2019;Mo-So
10494;1927;2019;Mo-So
10496;3210;2019;Mo-So
10498;3187;2019;Mo-So
10500;3137;2019;Mo-So
10502;3139;2019;Mo-So
10504;3148;2019;Mo-So
10506;18771;2019;Mo-So
10508;18816;2019;Mo-So
10524;3110;2019;Mo-So
10528;4569;2019;Mo-So
10530;3149;2019;Mo-So
10544;28079;2019;Mo-So
10545;28079;2019;Mo-So
10549;7653;2019;Mo-So
10565;1760;2019;Mo-So
10569;3508;2019;Mo-So
10573;1264;2019;Mo-So
10687;5222;2019;Mo-So
10688;1019;2019;Mo-So
10691;4203;2019;Mo-So
10698;6281;2019;Mo-So
10701;4162;2019;Mo-So
10710;35;2019;Mo-So
10740;944;2019;Mo-So
10760;797;2019;Mo-So
10762;797;2019;Mo-So
10764;713;2019;Mo-So
10766;713;2019;Mo-So
10768;477;2019;Mo-So
10770;486;2019;Mo-So
10772;1815;2019;Mo-So
10774;1848;2019;Mo-So
10788;7653;2019;Mo-So
10789;7653;2019;Mo-So
10792;8217;2019;Mo-So
10793;8217;2019;Mo-So
10796;14127;2019;Mo-So
10797;14127;2019;Mo-So
10800;13813;2019;Mo-So
10801;13813;2019;Mo-So
10804;13467;2019;Mo-So
10805;13467;2019;Mo-So
10808;4707;2019;Mo-So
10809;4707;2019;Mo-So
10812;4249;2019;Mo-So
10816;4249;2019;Mo-So
10817;4249;2019;Mo-So
10821;4844;2019;Mo-So
10824;4844;2019;Mo-So
10825;4844;2019;Mo-So
10828;427;2019;Mo-So
10829;427;2019;Mo-So
10833;4985;2019;Mo-So
10836;2753;2019;Mo-So
10837;2753;2019;Mo-So
10841;0;2019;Mo-So
10844;6433;2019;Mo-So
10845;6433;2019;Mo-So
10848;1264;2019;Mo-So
10849;1264;2019;Mo-So
10853;2096;2019;Mo-So
10856;12767;2019;Mo-So
10857;12767;2019;Mo-So
10861;9772;2019;Mo-So
10869;2944;2019;Mo-So
10876;2905;2019;Mo-So
10877;2905;2019;Mo-So
10880;1740;2019;Mo-So
10881;1740;2019;Mo-So
10885;12920;2019;Mo-So
10888;12920;2019;Mo-So
10889;12920;2019;Mo-So
10892;1238;2019;Mo-So
10893;1238;2019;Mo-So
10896;1385;2019;Mo-So
10897;1385;2019;Mo-So
10904;12917;2019;Mo-So
10905;12917;2019;Mo-So
10908;4994;2019;Mo-So
10909;4994;2019;Mo-So
10936;1760;2019;Mo-So
10937;1760;2019;Mo-So
10940;3508;2019;Mo-So
10941;3508;2019;Mo-So
10944;2647;2019;Mo-So
10945;2647;2019;Mo-So
10952;1175;2019;Mo-So
10953;1175;2019;Mo-So
10960;910;2019;Mo-So
10961;910;2019;Mo-So
10964;4252;2019;Mo-So
10965;4252;2019;Mo-So
10968;1260;2019;Mo-So
10969;1260;2019;Mo-So
10972;4129;2019;Mo-So
10973;4129;2019;Mo-So
10976;341;2019;Mo-So
10977;341;2019;Mo-So
10980;981;2019;Mo-So
10981;981;2019;Mo-So
10984;12917;2019;Mo-So
10985;12917;2019;Mo-So
10988;4477;2019;Mo-So
10989;4477;2019;Mo-So
10992;9508;2019;Mo-So
10993;9508;2019;Mo-So
10996;65;2019;Mo-So
10997;65;2019;Mo-So
11010;35318;2019;Mo-So
11021;35318;2019;Mo-So
11023;10858;2019;Mo-So
11025;24460;2019;Mo-So
11027;24460;2019;Mo-So
11029;33578;2019;Mo-So
11031;8538;2019;Mo-So
11037;7040;2019;Mo-So
11038;7040;2019;Mo-So
11051;9772;2019;Mo-So
11073;1061;2019;Mo-So
11129;6990;2019;Mo-So
11130;225;2019;Mo-So
11133;207;2019;Mo-So
11135;6765;2019;Mo-So
11211;3021;2019;Mo-So
11213;5951;2019;Mo-So
11237;2096;2019;Mo-So
11269;1319;2019;Mo-So
11270;475;2019;Mo-So
11274;104;2019;Mo-So
11278;104;2019;Mo-So
11282;104;2019;Mo-So
11286;331;2019;Mo-So
11289;331;2019;Mo-So
11290;331;2019;Mo-So
11294;4985;2019;Mo-So
11301;21928;2019;Mo-So
11302;21305;2019;Mo-So
11309;907;2019;Mo-So
11390;0;2019;Mo-So
11413;5281;2019;Mo-So
11417;5010;2019;Mo-So
11419;324;2019;Mo-So
11423;2092;2019;Mo-So
11424;2120;2019;Mo-So
11433;2944;2019;Mo-So
11435;3021;2019;Mo-So
11441;2800;2019;Mo-So
11443;2835;2019;Mo-So
11493;2609;2019;Mo-So
11509;2728;2019;Mo-So
11511;2800;2019;Mo-So
11551;2329;2019;Mo-So
11553;2302;2019;Mo-So
11555;2120;2019;Mo-So
11631;2429;2019;Mo-So
11709;9049;2019;Mo-So
11729;2617;2019;Mo-So
11829;277;2019;Mo-So
11831;205;2019;Mo-So
11869;820;2019;Mo-So
