sourceRowNumber;Datum;Tagtyp;Index;Teilnetz;Vertrag;Zugnummer;Linie;Abfahrtszeit;Stationsname;DHID;Einsteiger;Aussteiger;Belegung abg.;Ist-Sitzplätze;Soll-Sitzplätze;Auslastung in % (abg.);Fahrgastzahlenart;Pkm;ZugKm
2370888;14.01.2025;Mo-Fr S;0;ddb;Netz 4 Los 1;17001;RE 7;04:23;Offenburg;de:08317:14506;12,4;0,0;12,4;410,0;410;3,03%;Fahrplanfahrt (mit Fahrgastzahl);163,90;13,17
2370889;14.01.2025;Mo-Fr S;1;ddb;Netz 4 Los 1;17001;RE 7;04:31;Friesenheim(Baden);de:08317:16220;2,7;0,1;15,1;410,0;410;3,67%;Fahrplanfahrt (mit Fahrgastzahl);75,34;5,00
2370890;14.01.2025;Mo-Fr S;2;ddb;Netz 4 Los 1;17001;RE 7;04:35;Lahr(Schwarzw);de:08317:12103;10,5;3,0;22,6;410,0;410;5,50%;Fahrplanfahrt (mit Fahrgastzahl);182,84;8,11
2370891;14.01.2025;Mo-Fr S;3;ddb;Netz 4 Los 1;17001;RE 7;04:40;Orschweier;de:08317:18601;5,4;1,1;26,8;410,0;410;6,54%;Fahrplanfahrt (mit Fahrgastzahl);80,41;3,00
2370892;14.01.2025;Mo-Fr S;4;ddb;Netz 4 Los 1;17001;RE 7;04:43;Ringsheim;de:08317:16700;2,9;0,4;29,2;410,0;410;7,12%;Fahrplanfahrt (mit Fahrgastzahl);84,93;2,91
2370893;14.01.2025;Mo-Fr S;5;ddb;Netz 4 Los 1;17001;RE 7;04:47;Herbolzheim(Breisg);de:08316:6562;15,1;5,2;39,1;410,0;410;9,54%;Fahrplanfahrt (mit Fahrgastzahl);128,31;3,28
2370894;14.01.2025;Mo-Fr S;6;ddb;Netz 4 Los 1;17001;RE 7;04:50;Kenzingen;de:08316:6518;22,1;1,4;59,8;410,0;410;14,58%;Fahrplanfahrt (mit Fahrgastzahl);292,01;4,89
2370895;14.01.2025;Mo-Fr S;7;ddb;Netz 4 Los 1;17001;RE 7;04:54;Riegel-Malterdingen;de:08316:5290;7,4;2,6;64,6;410,0;410;15,75%;Fahrplanfahrt (mit Fahrgastzahl);188,77;2,92
2370896;14.01.2025;Mo-Fr S;8;ddb;Netz 4 Los 1;17001;RE 7;04:57;Köndringen;de:08316:6668;3,0;0,4;67,1;410,0;410;16,38%;Fahrplanfahrt (mit Fahrgastzahl);97,77;1,46
2370897;14.01.2025;Mo-Fr S;9;ddb;Netz 4 Los 1;17001;RE 7;05:00;Teningen-Mundingen;de:08316:729;9,1;2,2;74,0;410,0;410;18,06%;Fahrplanfahrt (mit Fahrgastzahl);180,78;2,44
2370898;14.01.2025;Mo-Fr S;10;ddb;Netz 4 Los 1;17001;RE 7;05:03;Emmendingen;de:08316:90;26,6;6,8;93,8;410,0;410;22,88%;Fahrplanfahrt (mit Fahrgastzahl);357,28;3,81
2370899;14.01.2025;Mo-Fr S;11;ddb;Netz 4 Los 1;17001;RE 7;05:06;Kollmarsreute;de:08316:6667;4,1;1,1;96,8;410,0;410;23,60%;Fahrplanfahrt (mit Fahrgastzahl);323,87;3,35
2370900;14.01.2025;Mo-Fr S;12;ddb;Netz 4 Los 1;17001;RE 7;05:10;Denzlingen;de:08316:6505;38,3;11,7;123,3;410,0;410;30,08%;Fahrplanfahrt (mit Fahrgastzahl);337,41;2,74
2370901;14.01.2025;Mo-Fr S;13;ddb;Netz 4 Los 1;17001;RE 7;05:13;Gundelfingen(Breisgau);de:08315:6514;11,1;1,5;132,9;410,0;410;32,42%;Fahrplanfahrt (mit Fahrgastzahl);321,91;2,42
2370902;14.01.2025;Mo-Fr S;14;ddb;Netz 4 Los 1;17001;RE 7;05:16;Freiburg-Zähringen;de:08311:6512;4,6;4,0;133,6;410,0;410;32,58%;Fahrplanfahrt (mit Fahrgastzahl);266,37;1,99
2370903;14.01.2025;Mo-Fr S;15;ddb;Netz 4 Los 1;17001;RE 7;05:18;Freiburg-Herdern;de:08311:6510;5,3;11,4;127,5;410,0;410;31,10%;Fahrplanfahrt (mit Fahrgastzahl);172,25;1,35
2370904;14.01.2025;Mo-Fr S;16;ddb;Netz 4 Los 1;17001;RE 7;05:32;Freiburg(Breisgau) Hbf;de:08311:6508;94,1;97,3;124,3;410,0;410;30,32%;Fahrplanfahrt (mit Fahrgastzahl);1078,76;8,68
2370905;14.01.2025;Mo-Fr S;17;ddb;Netz 4 Los 1;17001;RE 7;05:37;Schallstadt;de:08315:6677;12,4;1,1;135,6;410,0;410;33,07%;Fahrplanfahrt (mit Fahrgastzahl);795,50;5,87
2370906;14.01.2025;Mo-Fr S;18;ddb;Netz 4 Los 1;17001;RE 7;05:42;Bad Krozingen;de:08315:6501;34,5;22,5;147,6;410,0;410;36,01%;Fahrplanfahrt (mit Fahrgastzahl);880,42;5,96
2370907;14.01.2025;Mo-Fr S;19;ddb;Netz 4 Los 1;17001;RE 7;05:46;Heitersheim;de:08315:6665;20,6;30,7;137,6;410,0;410;33,56%;Fahrplanfahrt (mit Fahrgastzahl);417,44;3,03
2370908;14.01.2025;Mo-Fr S;20;ddb;Netz 4 Los 1;17001;RE 7;05:49;Buggingen;de:08315:6644;4,1;3,1;138,7;410,0;410;33,82%;Fahrplanfahrt (mit Fahrgastzahl);757,45;5,46
2370909;14.01.2025;Mo-Fr S;21;ddb;Netz 4 Los 1;17001;RE 7;05:53;Müllheim(Baden);de:08315:6522;31,9;23,6;147,0;410,0;410;35,86%;Fahrplanfahrt (mit Fahrgastzahl);860,12;5,85
2370910;14.01.2025;Mo-Fr S;22;ddb;Netz 4 Los 1;17001;RE 7;05:58;Schliengen;de:08336:6678;11,9;1,4;157,6;410,0;410;38,44%;Fahrplanfahrt (mit Fahrgastzahl);571,26;3,63
2370911;14.01.2025;Mo-Fr S;23;ddb;Netz 4 Los 1;17001;RE 7;06:02;Bad Bellingen;de:08336:6628;13,6;1,5;169,7;410,0;410;41,38%;Fahrplanfahrt (mit Fahrgastzahl);1950,26;11,49
2370912;14.01.2025;Mo-Fr S;24;ddb;Netz 4 Los 1;17001;RE 7;06:12;Efringen-Kirchen;de:08336:6631;14,6;4,5;179,8;410,0;410;43,85%;Fahrplanfahrt (mit Fahrgastzahl);1083,26;6,03
2370913;14.01.2025;Mo-Fr S;25;ddb;Netz 4 Los 1;17001;RE 7;06:17;Haltingen;de:08336:6638;11,8;8,1;183,5;410,0;410;44,76%;Fahrplanfahrt (mit Fahrgastzahl);421,87;2,30
2370914;14.01.2025;Mo-Fr S;26;ddb;Netz 4 Los 1;17001;RE 7;06:20;Weil am Rhein;de:08336:6639;11,0;32,3;162,3;410,0;410;39,58%;Fahrplanfahrt (mit Fahrgastzahl);502,05;3,09
2370915;14.01.2025;Mo-Fr S;27;ddb;Netz 4 Los 1;17001;RE 7;06:24;Basel Bad Bf;ch:23005:6;0,0;162,3;0,0;;;;Fahrplanfahrt (mit Fahrgastzahl);;
2374041;14.01.2025;Mo-Fr S;0;ddb;Netz 4 Los 1;5331;RE 7;05:11;Offenburg;de:08317:14506;37,0;0,0;37,0;410;410;9,02%;Zählfahrt AFZS;487,44;13,17
2374042;14.01.2025;Mo-Fr S;1;ddb;Netz 4 Los 1;5331;RE 7;05:20;Friesenheim(Baden);de:08317:16220;12,0;1,0;48,0;410;410;11,71%;Zählfahrt AFZS;240,14;5,00
2374043;14.01.2025;Mo-Fr S;2;ddb;Netz 4 Los 1;5331;RE 7;05:24;Lahr(Schwarzw);de:08317:12103;62,0;16,0;94,0;410;410;22,93%;Zählfahrt AFZS;761,87;8,11
2374044;14.01.2025;Mo-Fr S;3;ddb;Netz 4 Los 1;5331;RE 7;05:29;Orschweier;de:08317:18601;27,0;24,0;97,0;410;410;23,66%;Zählfahrt AFZS;291,10;3,00
2374045;14.01.2025;Mo-Fr S;4;ddb;Netz 4 Los 1;5331;RE 7;05:32;Ringsheim;de:08317:16700;6,0;10,0;93,0;410;410;22,68%;Zählfahrt AFZS;270,44;2,91
2374046;14.01.2025;Mo-Fr S;5;ddb;Netz 4 Los 1;5331;RE 7;05:34;Herbolzheim(Breisg);de:08316:6562;31,0;17,0;107,0;410;410;26,10%;Zählfahrt AFZS;350,96;3,28
2374047;14.01.2025;Mo-Fr S;6;ddb;Netz 4 Los 1;5331;RE 7;05:38;Kenzingen;de:08316:6518;44,0;1,0;150,0;410;410;36,59%;Zählfahrt AFZS;732,90;4,89
2374048;14.01.2025;Mo-Fr S;7;ddb;Netz 4 Los 1;5331;RE 7;05:42;Riegel-Malterdingen;de:08316:5290;26,0;10,0;166,0;410;410;40,49%;Zählfahrt AFZS;485,38;2,92
2374049;14.01.2025;Mo-Fr S;8;ddb;Netz 4 Los 1;5331;RE 7;05:45;Köndringen;de:08316:6668;9,0;4,0;171,0;410;410;41,71%;Zählfahrt AFZS;248,98;1,46
2374050;14.01.2025;Mo-Fr S;9;ddb;Netz 4 Los 1;5331;RE 7;05:47;Teningen-Mundingen;de:08316:729;14,0;5,0;180,0;410;410;43,90%;Zählfahrt AFZS;439,56;2,44
2374051;14.01.2025;Mo-Fr S;10;ddb;Netz 4 Los 1;5331;RE 7;05:50;Emmendingen;de:08316:90;55,0;23,0;212,0;410;410;51,71%;Zählfahrt AFZS;807,30;3,81
2374052;14.01.2025;Mo-Fr S;11;ddb;Netz 4 Los 1;5331;RE 7;05:53;Kollmarsreute;de:08316:6667;4,0;2,0;214,0;410;410;52,20%;Zählfahrt AFZS;716,26;3,35
2374053;14.01.2025;Mo-Fr S;12;ddb;Netz 4 Los 1;5331;RE 7;05:56;Denzlingen;de:08316:6505;14,0;15,0;213,0;410;410;51,95%;Zählfahrt AFZS;582,77;2,74
2374054;14.01.2025;Mo-Fr S;13;ddb;Netz 4 Los 1;5331;RE 7;05:59;Gundelfingen(Breisgau);de:08315:6514;7,0;9,0;211,0;410;410;51,46%;Zählfahrt AFZS;511,04;2,42
2374055;14.01.2025;Mo-Fr S;14;ddb;Netz 4 Los 1;5331;RE 7;06:02;Freiburg-Zähringen;de:08311:6512;5,0;7,0;209,0;410;410;50,98%;Zählfahrt AFZS;416,75;1,99
2374056;14.01.2025;Mo-Fr S;15;ddb;Netz 4 Los 1;5331;RE 7;06:05;Freiburg-Herdern;de:08311:6510;2,0;21,0;190,0;410;410;46,34%;Zählfahrt AFZS;256,69;1,35
2374057;14.01.2025;Mo-Fr S;16;ddb;Netz 4 Los 1;5331;RE 7;06:27;Freiburg(Breisgau) Hbf;de:08311:6508;214,0;168,0;236,0;410;820;57,56%;Zählfahrt AFZS;2047,77;8,68
2374058;14.01.2025;Mo-Fr S;17;ddb;Netz 4 Los 1;5331;RE 7;06:33;Schallstadt;de:08315:6677;26,0;0,0;262,0;410;820;63,90%;Zählfahrt AFZS;1537,15;5,87
2374059;14.01.2025;Mo-Fr S;18;ddb;Netz 4 Los 1;5331;RE 7;06:37;Bad Krozingen;de:08315:6501;60,0;25,0;297,0;410;820;72,44%;Zählfahrt AFZS;1771,01;5,96
2374060;14.01.2025;Mo-Fr S;19;ddb;Netz 4 Los 1;5331;RE 7;06:41;Heitersheim;de:08315:6665;37,0;38,0;296,0;410;820;72,20%;Zählfahrt AFZS;898,06;3,03
2374061;14.01.2025;Mo-Fr S;20;ddb;Netz 4 Los 1;5331;RE 7;06:44;Buggingen;de:08315:6644;7,0;10,0;293,0;410;820;71,46%;Zählfahrt AFZS;1600,37;5,46
2374062;14.01.2025;Mo-Fr S;21;ddb;Netz 4 Los 1;5331;RE 7;06:49;Müllheim(Baden);de:08315:6522;58,0;66,0;285,0;410;820;69,51%;Zählfahrt AFZS;1667,25;5,85
2374063;14.01.2025;Mo-Fr S;22;ddb;Netz 4 Los 1;5331;RE 7;06:53;Schliengen;de:08336:6678;30,0;7,0;308,0;410;820;75,12%;Zählfahrt AFZS;1116,50;3,63
2374064;14.01.2025;Mo-Fr S;23;ddb;Netz 4 Los 1;5331;RE 7;06:57;Bad Bellingen;de:08336:6628;24,0;5,0;327,0;410;820;79,76%;Zählfahrt AFZS;3758,54;11,49
2374065;14.01.2025;Mo-Fr S;24;ddb;Netz 4 Los 1;5331;RE 7;07:08;Efringen-Kirchen;de:08336:6631;75,0;4,0;398,0;410;820;97,07%;Zählfahrt AFZS;1576,48;3,96
2374066;14.01.2025;Mo-Fr S;25;ddb;Netz 4 Los 1;5331;RE 7;07:11;Eimeldingen;de:08336:6634;16,0;5,0;409,0;410;820;99,76%;Zählfahrt AFZS;844,18;2,06
2374067;14.01.2025;Mo-Fr S;26;ddb;Netz 4 Los 1;5331;RE 7;07:14;Haltingen;de:08336:6638;44,0;9,0;444,0;410;820;108,29%;Zählfahrt AFZS;1020,76;2,30
2374068;14.01.2025;Mo-Fr S;27;ddb;Netz 4 Los 1;5331;RE 7;07:19;Weil am Rhein;de:08336:6639;25,0;146,0;323,0;410;820;78,78%;Zählfahrt AFZS;999,36;3,09
2374069;14.01.2025;Mo-Fr S;28;ddb;Netz 4 Los 1;5331;RE 7;07:23;Basel Bad Bf;ch:23005:6;4,0;154,0;173,0;410;820;42,20%;Zählfahrt AFZS;;
2374070;14.01.2025;Mo-Fr S;29;ddb;Netz 4 Los 1;5331;RE 7;07:30;Basel SBB;ch:23005:300;0,0;173,0;0,0;0;;;Zählfahrt AFZS;;
2374681;14.01.2025;Mo-Fr S;0;ddb;Netz 4 Los 1;17000;RE 7;05:20;Freiburg(Breisgau) Hbf;de:08311:6508;50,0;0,0;50,0;410;;12,20%;Zählfahrt AFZS;67,55;1,35
2374682;14.01.2025;Mo-Fr S;1;ddb;Netz 4 Los 1;17000;RE 7;05:22;Freiburg-Herdern;de:08311:6510;3,0;1,0;52,0;410;;12,68%;Zählfahrt AFZS;103,69;1,99
2374683;14.01.2025;Mo-Fr S;2;ddb;Netz 4 Los 1;17000;RE 7;05:25;Freiburg-Zähringen;de:08311:6512;3,0;1,0;54,0;410;;13,17%;Zählfahrt AFZS;130,79;2,42
2374684;14.01.2025;Mo-Fr S;3;ddb;Netz 4 Los 1;17000;RE 7;05:28;Gundelfingen(Breisgau);de:08315:6514;4,0;0,0;58,0;410;;14,15%;Zählfahrt AFZS;158,69;2,74
2374685;14.01.2025;Mo-Fr S;4;ddb;Netz 4 Los 1;17000;RE 7;05:32;Denzlingen;de:08316:6505;16,0;5,0;69,0;410;;16,83%;Zählfahrt AFZS;493,70;7,16
2374686;14.01.2025;Mo-Fr S;5;ddb;Netz 4 Los 1;17000;RE 7;05:37;Emmendingen;de:08316:90;17,0;21,0;65,0;410;;15,85%;Zählfahrt AFZS;443,43;6,82
2374687;14.01.2025;Mo-Fr S;6;ddb;Netz 4 Los 1;17000;RE 7;05:42;Riegel-Malterdingen;de:08316:5290;18,0;12,0;71,0;410;;17,32%;Zählfahrt AFZS;346,91;4,89
2374688;14.01.2025;Mo-Fr S;7;ddb;Netz 4 Los 1;17000;RE 7;05:46;Kenzingen;de:08316:6518;12,0;8,0;75,0;410;;18,29%;Zählfahrt AFZS;246,00;3,28
2374689;14.01.2025;Mo-Fr S;8;ddb;Netz 4 Los 1;17000;RE 7;05:49;Herbolzheim(Breisg);de:08316:6562;11,0;10,0;76,0;410;;18,54%;Zählfahrt AFZS;221,01;2,91
2374690;14.01.2025;Mo-Fr S;9;ddb;Netz 4 Los 1;17000;RE 7;05:52;Ringsheim;de:08317:16700;7,0;5,0;78,0;410;;19,02%;Zählfahrt AFZS;234,08;3,00
2374691;14.01.2025;Mo-Fr S;10;ddb;Netz 4 Los 1;17000;RE 7;05:55;Orschweier;de:08317:18601;22,0;6,0;94,0;410;;22,93%;Zählfahrt AFZS;761,87;8,11
2374692;14.01.2025;Mo-Fr S;11;ddb;Netz 4 Los 1;17000;RE 7;06:00;Lahr(Schwarzw);de:08317:12103;45,0;15,0;124,0;410;;30,24%;Zählfahrt AFZS;620,37;5,00
2374693;14.01.2025;Mo-Fr S;12;ddb;Netz 4 Los 1;17000;RE 7;06:03;Friesenheim(Baden);de:08317:16220;6,0;4,0;126,0;410;;30,73%;Zählfahrt AFZS;1659,92;13,17
2374694;14.01.2025;Mo-Fr S;13;ddb;Netz 4 Los 1;17000;RE 7;06:27;Offenburg;de:08317:14506;102,0;60,0;168,0;410;;40,98%;Zählfahrt AFZS;1267,90;7,55
2374695;14.01.2025;Mo-Fr S;14;ddb;Netz 4 Los 1;17000;RE 7;06:32;Appenweier;de:08317:14120;30,0;7,0;191,0;410;;46,59%;Zählfahrt AFZS;1196,81;6,27
2374696;14.01.2025;Mo-Fr S;15;ddb;Netz 4 Los 1;17000;RE 7;06:36;Renchen;de:08317:13554;16,0;4,0;203,0;410;;49,51%;Zählfahrt AFZS;1287,63;6,34
2374697;14.01.2025;Mo-Fr S;16;ddb;Netz 4 Los 1;17000;RE 7;06:41;Achern;de:08317:33013;71,0;27,0;247,0;410;;60,24%;Zählfahrt AFZS;2087,15;8,45
2374698;14.01.2025;Mo-Fr S;17;ddb;Netz 4 Los 1;17000;RE 7;06:47;Bühl(Baden);de:08216:32227;126,0;13,0;360,0;410;;87,80%;Zählfahrt AFZS;4149,36;11,53
2374699;14.01.2025;Mo-Fr S;18;ddb;Netz 4 Los 1;17000;RE 7;06:53;Baden-Baden;de:08211:1847;70,0;45,0;385,0;410;;93,90%;Zählfahrt AFZS;3294,83;8,56
2374700;14.01.2025;Mo-Fr S;19;ddb;Netz 4 Los 1;17000;RE 7;07:00;Rastatt;de:08216:1844;96,0;65,0;416,0;410;;101,46%;Zählfahrt AFZS;8641,98;20,77
2374701;14.01.2025;Mo-Fr S;20;ddb;Netz 4 Los 1;17000;RE 7;07:14;Karlsruhe Hbf;de:08212:90;0,0;416,0;0,0;0;;;Zählfahrt AFZS;;
2381064;14.01.2025;Mo-Fr S;0;ddb;Netz 4 Los 1;17004;RE 7;06:26;Freiburg(Breisgau) Hbf;de:08311:6508;212,9;0,0;212,9;445,1;820;47,82%;Fahrplanfahrt (mit Fahrgastzahl);1810,17;8,50
2381065;14.01.2025;Mo-Fr S;1;ddb;Netz 4 Los 1;17004;RE 7;06:31;Denzlingen;de:08316:6505;45,1;7,3;250,7;445,1;820;56,32%;Fahrplanfahrt (mit Fahrgastzahl);1793,66;7,16
2381066;14.01.2025;Mo-Fr S;2;ddb;Netz 4 Los 1;17004;RE 7;06:36;Emmendingen;de:08316:90;45,7;39,0;257,3;445,1;820;57,80%;Fahrplanfahrt (mit Fahrgastzahl);1755,40;6,82
2381067;14.01.2025;Mo-Fr S;3;ddb;Netz 4 Los 1;17004;RE 7;06:41;Riegel-Malterdingen;de:08316:5290;27,5;31,5;253,3;445,1;820;56,91%;Fahrplanfahrt (mit Fahrgastzahl);1237,83;4,89
2381068;14.01.2025;Mo-Fr S;4;ddb;Netz 4 Los 1;17004;RE 7;06:45;Kenzingen;de:08316:6518;32,3;10,6;275,0;445,1;820;61,78%;Fahrplanfahrt (mit Fahrgastzahl);902,09;3,28
2381069;14.01.2025;Mo-Fr S;5;ddb;Netz 4 Los 1;17004;RE 7;06:48;Herbolzheim(Breisg);de:08316:6562;51,1;27,5;298,6;445,1;820;67,09%;Fahrplanfahrt (mit Fahrgastzahl);868,41;2,91
2381070;14.01.2025;Mo-Fr S;6;ddb;Netz 4 Los 1;17004;RE 7;06:51;Ringsheim;de:08317:16700;29,7;4,7;323,6;445,1;820;72,70%;Fahrplanfahrt (mit Fahrgastzahl);971,12;3,00
2381071;14.01.2025;Mo-Fr S;7;ddb;Netz 4 Los 1;17004;RE 7;06:54;Orschweier;de:08317:18601;60,8;16,6;367,8;445,1;820;82,63%;Fahrplanfahrt (mit Fahrgastzahl);2981,02;8,11
2381072;14.01.2025;Mo-Fr S;8;ddb;Netz 4 Los 1;17004;RE 7;07:00;Lahr(Schwarzw);de:08317:12103;119,4;129,9;357,2;445,1;820;80,25%;Fahrplanfahrt (mit Fahrgastzahl);1787,21;5,00
2381073;14.01.2025;Mo-Fr S;9;ddb;Netz 4 Los 1;17004;RE 7;07:03;Friesenheim(Baden);de:08317:16220;34,9;4,7;387,5;445,1;820;87,05%;Fahrplanfahrt (mit Fahrgastzahl);5104,74;13,17
2381074;14.01.2025;Mo-Fr S;10;ddb;Netz 4 Los 1;17004;RE 7;07:34;Offenburg;de:08317:14506;92,7;308,4;171,8;410,0;410;41,90%;Fahrplanfahrt (mit Fahrgastzahl);1296,57;7,55
2381075;14.01.2025;Mo-Fr S;11;ddb;Netz 4 Los 1;17004;RE 7;07:39;Appenweier;de:08317:14120;26,3;6,8;191,3;410,0;410;46,66%;Fahrplanfahrt (mit Fahrgastzahl);1198,60;6,27
2381076;14.01.2025;Mo-Fr S;12;ddb;Netz 4 Los 1;17004;RE 7;07:44;Renchen;de:08317:13554;13,9;5,0;200,3;410,0;410;48,84%;Fahrplanfahrt (mit Fahrgastzahl);1270,23;6,34
2381077;14.01.2025;Mo-Fr S;13;ddb;Netz 4 Los 1;17004;RE 7;07:49;Achern;de:08317:33013;28,5;32,4;196,3;410,0;410;47,88%;Fahrplanfahrt (mit Fahrgastzahl);1658,86;8,45
2381078;14.01.2025;Mo-Fr S;14;ddb;Netz 4 Los 1;17004;RE 7;07:54;Bühl(Baden);de:08216:32227;49,5;21,5;224,4;410,0;410;54,72%;Fahrplanfahrt (mit Fahrgastzahl);2586,11;11,53
2381079;14.01.2025;Mo-Fr S;15;ddb;Netz 4 Los 1;17004;RE 7;08:01;Baden-Baden;de:08211:1847;42,6;33,2;233,7;410,0;410;57,01%;Fahrplanfahrt (mit Fahrgastzahl);2000,37;8,56
2381080;14.01.2025;Mo-Fr S;16;ddb;Netz 4 Los 1;17004;RE 7;08:08;Rastatt;de:08216:1844;28,5;29,8;232,4;410,0;410;56,69%;Fahrplanfahrt (mit Fahrgastzahl);4828,47;20,77
2381081;14.01.2025;Mo-Fr S;17;ddb;Netz 4 Los 1;17004;RE 7;08:21;Karlsruhe Hbf;de:08212:90;0,0;232,4;0,0;;;;Fahrplanfahrt (mit Fahrgastzahl);;
2381881;14.01.2025;Mo-Fr S;0;ddb;Netz 4 Los 1;17003;RE 7;06:34;Offenburg;de:08317:14506;159,7;0,0;159,7;750,0;820;21,29%;Fahrplanfahrt (mit Fahrgastzahl);2902,79;18,18
2381882;14.01.2025;Mo-Fr S;1;ddb;Netz 4 Los 1;17003;RE 7;06:44;Lahr(Schwarzw);de:08317:12103;145,7;32,6;272,9;750,0;820;36,38%;Fahrplanfahrt (mit Fahrgastzahl);3823,99;14,01
2381883;14.01.2025;Mo-Fr S;2;ddb;Netz 4 Los 1;17003;RE 7;06:52;Herbolzheim(Breisg);de:08316:6562;184,1;12,0;445,0;750,0;820;59,33%;Fahrplanfahrt (mit Fahrgastzahl);1459,60;3,28
2381884;14.01.2025;Mo-Fr S;3;ddb;Netz 4 Los 1;17003;RE 7;06:56;Kenzingen;de:08316:6518;163,7;5,6;603,0;750,0;820;80,41%;Fahrplanfahrt (mit Fahrgastzahl);2946,47;4,89
2381885;14.01.2025;Mo-Fr S;4;ddb;Netz 4 Los 1;17003;RE 7;07:00;Riegel-Malterdingen;de:08316:5290;200,3;18,9;784,5;750,0;820;104,60%;Fahrplanfahrt (mit Fahrgastzahl);5352,01;6,82
2381886;14.01.2025;Mo-Fr S;5;ddb;Netz 4 Los 1;17003;RE 7;07:05;Emmendingen;de:08316:90;127,3;181,2;730,6;750,0;820;97,41%;Fahrplanfahrt (mit Fahrgastzahl);11439,87;15,66
2381887;14.01.2025;Mo-Fr S;6;ddb;Netz 4 Los 1;17003;RE 7;07:18;Freiburg(Breisgau) Hbf;de:08311:6508;342,9;669,6;403,9;750,0;820;53,85%;Fahrplanfahrt (mit Fahrgastzahl);5873,88;14,54
2381888;14.01.2025;Mo-Fr S;7;ddb;Netz 4 Los 1;17003;RE 7;07:27;Bad Krozingen;de:08315:6501;74,4;101,7;376,5;750,0;820;50,20%;Fahrplanfahrt (mit Fahrgastzahl);2245,20;5,96
2381889;14.01.2025;Mo-Fr S;8;ddb;Netz 4 Los 1;17003;RE 7;07:31;Heitersheim;de:08315:6665;29,2;39,3;366,4;750,0;820;48,85%;Fahrplanfahrt (mit Fahrgastzahl);3112,86;8,50
2381890;14.01.2025;Mo-Fr S;9;ddb;Netz 4 Los 1;17003;RE 7;07:37;Müllheim(Baden);de:08315:6522;35,5;81,4;320,5;750,0;820;42,74%;Fahrplanfahrt (mit Fahrgastzahl);9389,04;29,29
2381891;14.01.2025;Mo-Fr S;10;ddb;Netz 4 Los 1;17003;RE 7;07:57;Weil am Rhein;de:08336:6639;6,5;85,7;241,3;750,0;820;32,18%;Fahrplanfahrt (mit Fahrgastzahl);746,73;3,09
2381892;14.01.2025;Mo-Fr S;11;ddb;Netz 4 Los 1;17003;RE 7;08:03;Basel Bad Bf;ch:23005:6;0,0;241,3;0,0;;;;Fahrplanfahrt (mit Fahrgastzahl);;
2382146;14.01.2025;Mo-Fr S;0;ddb;Netz 4 Los 1;17008;RE 7;06:36;Basel Bad Bf;ch:23005:6;55,8;0,0;55,8;435,6;820;12,81%;Fahrplanfahrt (mit Fahrgastzahl);172,68;3,09
2382147;14.01.2025;Mo-Fr S;1;ddb;Netz 4 Los 1;17008;RE 7;06:40;Weil am Rhein;de:08336:6639;87,5;3,9;139,4;435,6;820;32,00%;Fahrplanfahrt (mit Fahrgastzahl);320,49;2,30
2382148;14.01.2025;Mo-Fr S;2;ddb;Netz 4 Los 1;17008;RE 7;06:43;Haltingen;de:08336:6638;25,9;3,4;161,9;435,6;820;37,17%;Fahrplanfahrt (mit Fahrgastzahl);975,67;6,03
2382149;14.01.2025;Mo-Fr S;3;ddb;Netz 4 Los 1;17008;RE 7;06:48;Efringen-Kirchen;de:08336:6631;38,1;6,9;193,1;435,6;820;44,33%;Fahrplanfahrt (mit Fahrgastzahl);2219,42;11,49
2382150;14.01.2025;Mo-Fr S;4;ddb;Netz 4 Los 1;17008;RE 7;06:57;Bad Bellingen;de:08336:6628;32,2;2,3;223,0;435,6;820;51,19%;Fahrplanfahrt (mit Fahrgastzahl);808,38;3,63
2382151;14.01.2025;Mo-Fr S;5;ddb;Netz 4 Los 1;17008;RE 7;07:00;Schliengen;de:08336:6678;47,2;4,0;266,2;435,6;820;61,12%;Fahrplanfahrt (mit Fahrgastzahl);1557,56;5,85
2382152;14.01.2025;Mo-Fr S;6;ddb;Netz 4 Los 1;17008;RE 7;07:05;Müllheim(Baden);de:08315:6522;146,7;33,8;379,2;435,6;820;87,04%;Fahrplanfahrt (mit Fahrgastzahl);3221,58;8,50
2382153;14.01.2025;Mo-Fr S;7;ddb;Netz 4 Los 1;17008;RE 7;07:10;Heitersheim;de:08315:6665;114,4;7,8;485,8;435,6;820;111,53%;Fahrplanfahrt (mit Fahrgastzahl);2897,09;5,96
2382154;14.01.2025;Mo-Fr S;8;ddb;Netz 4 Los 1;17008;RE 7;07:14;Bad Krozingen;de:08315:6501;164,0;27,7;622,1;435,6;820;142,81%;Fahrplanfahrt (mit Fahrgastzahl);3650,01;5,87
2382155;14.01.2025;Mo-Fr S;9;ddb;Netz 4 Los 1;17008;RE 7;07:19;Schallstadt;de:08315:6677;38,5;3,7;656,9;435,6;820;150,80%;Fahrplanfahrt (mit Fahrgastzahl);5699,59;8,68
2382156;14.01.2025;Mo-Fr S;10;ddb;Netz 4 Los 1;17008;RE 7;07:26;Freiburg(Breisgau) Hbf;de:08311:6508;148,3;595,0;210,2;435,6;820;48,26%;Fahrplanfahrt (mit Fahrgastzahl);284,01;1,35
2382157;14.01.2025;Mo-Fr S;11;ddb;Netz 4 Los 1;17008;RE 7;07:28;Freiburg-Herdern;de:08311:6510;20,3;16,1;214,4;435,6;820;49,22%;Fahrplanfahrt (mit Fahrgastzahl);1533,43;7,15
2382158;14.01.2025;Mo-Fr S;12;ddb;Netz 4 Los 1;17008;RE 7;07:32;Denzlingen;de:08316:6505;29,2;15,3;228,2;435,6;820;52,40%;Fahrplanfahrt (mit Fahrgastzahl);1633,13;7,16
2382159;14.01.2025;Mo-Fr S;13;ddb;Netz 4 Los 1;17008;RE 7;07:37;Emmendingen;de:08316:90;33,3;45,0;216,5;435,6;820;49,71%;Fahrplanfahrt (mit Fahrgastzahl);1477,18;6,82
2382160;14.01.2025;Mo-Fr S;14;ddb;Netz 4 Los 1;17008;RE 7;07:42;Riegel-Malterdingen;de:08316:5290;15,6;18,5;213,7;435,6;820;49,05%;Fahrplanfahrt (mit Fahrgastzahl);1044,08;4,89
2382161;14.01.2025;Mo-Fr S;15;ddb;Netz 4 Los 1;17008;RE 7;07:45;Kenzingen;de:08316:6518;17,3;22,3;208,6;435,6;820;47,89%;Fahrplanfahrt (mit Fahrgastzahl);684,29;3,28
2382162;14.01.2025;Mo-Fr S;16;ddb;Netz 4 Los 1;17008;RE 7;07:48;Herbolzheim(Breisg);de:08316:6562;12,0;34,5;186,2;435,6;820;42,73%;Fahrplanfahrt (mit Fahrgastzahl);541,34;2,91
2382163;14.01.2025;Mo-Fr S;17;ddb;Netz 4 Los 1;17008;RE 7;07:51;Ringsheim;de:08317:16700;5,3;13,1;178,4;435,6;820;40,95%;Fahrplanfahrt (mit Fahrgastzahl);535,30;3,00
2382164;14.01.2025;Mo-Fr S;18;ddb;Netz 4 Los 1;17008;RE 7;07:54;Orschweier;de:08317:18601;20,2;5,0;193,6;435,6;820;44,45%;Fahrplanfahrt (mit Fahrgastzahl);1569,33;8,11
2382165;14.01.2025;Mo-Fr S;19;ddb;Netz 4 Los 1;17008;RE 7;07:59;Lahr(Schwarzw);de:08317:12103;43,7;41,8;195,5;435,6;820;44,88%;Fahrplanfahrt (mit Fahrgastzahl);978,09;5,00
2382166;14.01.2025;Mo-Fr S;20;ddb;Netz 4 Los 1;17008;RE 7;08:03;Friesenheim(Baden);de:08317:16220;9,4;6,1;198,8;435,6;820;45,65%;Fahrplanfahrt (mit Fahrgastzahl);2619,57;13,17
2382167;14.01.2025;Mo-Fr S;21;ddb;Netz 4 Los 1;17008;RE 7;08:12;Offenburg;de:08317:14506;0,0;198,8;0,0;;;;Fahrplanfahrt (mit Fahrgastzahl);;
2386408;14.01.2025;Mo-Fr S;0;ddb;Netz 4 Los 1;17040;RE 7;07:25;Basel Bad Bf;ch:23005:6;79,0;0,0;79,0;410;;19,27%;Zählfahrt AFZS;244,43;3,09
2386409;14.01.2025;Mo-Fr S;1;ddb;Netz 4 Los 1;17040;RE 7;07:29;Weil am Rhein;de:08336:6639;25,0;17,0;87,0;410;;21,22%;Zählfahrt AFZS;200,01;2,30
2386410;14.01.2025;Mo-Fr S;2;ddb;Netz 4 Los 1;17040;RE 7;07:32;Haltingen;de:08336:6638;34,0;5,0;116,0;410;;28,29%;Zählfahrt AFZS;239,42;2,06
2386411;14.01.2025;Mo-Fr S;3;ddb;Netz 4 Los 1;17040;RE 7;07:35;Eimeldingen;de:08336:6634;19,0;8,0;127,0;410;;30,98%;Zählfahrt AFZS;503,05;3,96
2386412;14.01.2025;Mo-Fr S;4;ddb;Netz 4 Los 1;17040;RE 7;07:38;Efringen-Kirchen;de:08336:6631;16,0;36,0;107,0;410;;26,10%;Zählfahrt AFZS;200,95;1,88
2386413;14.01.2025;Mo-Fr S;5;ddb;Netz 4 Los 1;17040;RE 7;07:41;Istein;de:08336:6632;4,0;1,0;110,0;410;;26,83%;Zählfahrt AFZS;396,11;3,60
2386414;14.01.2025;Mo-Fr S;6;ddb;Netz 4 Los 1;17040;RE 7;07:45;Kleinkems;de:08336:6633;0,0;0,0;110,0;410;;26,83%;Zählfahrt AFZS;311,08;2,83
2386415;14.01.2025;Mo-Fr S;7;ddb;Netz 4 Los 1;17040;RE 7;07:48;Rheinweiler;de:08336:6629;3,0;2,0;111,0;410;;27,07%;Zählfahrt AFZS;353,76;3,19
2386416;14.01.2025;Mo-Fr S;8;ddb;Netz 4 Los 1;17040;RE 7;07:51;Bad Bellingen;de:08336:6628;17,0;5,0;123,0;410;;30,00%;Zählfahrt AFZS;445,88;3,63
2386417;14.01.2025;Mo-Fr S;9;ddb;Netz 4 Los 1;17040;RE 7;07:54;Schliengen;de:08336:6678;28,0;1,0;150,0;410;;36,59%;Zählfahrt AFZS;513,30;3,42
2386418;14.01.2025;Mo-Fr S;10;ddb;Netz 4 Los 1;17040;RE 7;07:58;Auggen;de:08315:6642;9,0;2,0;157,0;410;;38,29%;Zählfahrt AFZS;381,20;2,43
2386419;14.01.2025;Mo-Fr S;11;ddb;Netz 4 Los 1;17040;RE 7;08:00;Müllheim(Baden);de:08315:6522;104,0;20,0;241,0;410;;58,78%;Zählfahrt AFZS;1316,34;5,46
2386420;14.01.2025;Mo-Fr S;12;ddb;Netz 4 Los 1;17040;RE 7;08:04;Buggingen;de:08315:6644;22,0;0,0;263,0;410;;64,15%;Zählfahrt AFZS;797,94;3,03
2386421;14.01.2025;Mo-Fr S;13;ddb;Netz 4 Los 1;17040;RE 7;08:07;Heitersheim;de:08315:6665;57,0;9,0;311,0;410;;75,85%;Zählfahrt AFZS;1854,49;5,96
2386422;14.01.2025;Mo-Fr S;14;ddb;Netz 4 Los 1;17040;RE 7;08:11;Bad Krozingen;de:08315:6501;152,0;21,0;442,0;410;;107,80%;Zählfahrt AFZS;1328,21;3,01
2386423;14.01.2025;Mo-Fr S;15;ddb;Netz 4 Los 1;17040;RE 7;08:14;Norsingen;de:08315:6670;8,0;1,0;449,0;410;;109,51%;Zählfahrt AFZS;1285,04;2,86
2386424;14.01.2025;Mo-Fr S;16;ddb;Netz 4 Los 1;17040;RE 7;08:17;Schallstadt;de:08315:6677;31,0;8,0;472,0;410;;115,12%;Zählfahrt AFZS;590,94;1,25
2386425;14.01.2025;Mo-Fr S;17;ddb;Netz 4 Los 1;17040;RE 7;08:19;Ebringen;de:08315:6661;21,0;2,0;491,0;410;;119,76%;Zählfahrt AFZS;1593,30;3,25
2386426;14.01.2025;Mo-Fr S;18;ddb;Netz 4 Los 1;17040;RE 7;08:22;Freiburg-St Georgen;de:08311:6589;10,0;4,0;497,0;410;;121,22%;Zählfahrt AFZS;2076,96;4,18
2386427;14.01.2025;Mo-Fr S;19;ddb;Netz 4 Los 1;17040;RE 7;08:26;Freiburg(Breisgau) Hbf;de:08311:6508;0,0;497,0;0,0;0;;;Zählfahrt AFZS;;
2386816;14.01.2025;Mo-Fr S;0;ddb;Netz 4 Los 1;17007;RE 7;07:33;Karlsruhe Hbf;de:08212:90;160,0;0,0;160,0;410;820;39,02%;Zählfahrt AFZS;3323,84;20,77
2386817;14.01.2025;Mo-Fr S;1;ddb;Netz 4 Los 1;17007;RE 7;07:48;Rastatt;de:08216:1844;46,0;38,0;168,0;410;820;40,98%;Zählfahrt AFZS;1437,74;8,56
2386818;14.01.2025;Mo-Fr S;2;ddb;Netz 4 Los 1;17007;RE 7;07:55;Baden-Baden;de:08211:1847;33,0;66,0;135,0;410;820;32,93%;Zählfahrt AFZS;1556,01;11,53
2386819;14.01.2025;Mo-Fr S;3;ddb;Netz 4 Los 1;17007;RE 7;08:02;Bühl(Baden);de:08216:32227;25,0;54,0;106,0;410;820;25,85%;Zählfahrt AFZS;895,70;8,45
2386820;14.01.2025;Mo-Fr S;4;ddb;Netz 4 Los 1;17007;RE 7;08:07;Achern;de:08317:33013;74,0;23,0;157,0;410;820;38,29%;Zählfahrt AFZS;995,85;6,34
2386821;14.01.2025;Mo-Fr S;5;ddb;Netz 4 Los 1;17007;RE 7;08:11;Renchen;de:08317:13554;13,0;2,0;168,0;410;820;40,98%;Zählfahrt AFZS;1052,69;6,27
2386822;14.01.2025;Mo-Fr S;6;ddb;Netz 4 Los 1;17007;RE 7;08:16;Appenweier;de:08317:14120;13,0;7,0;174,0;410;820;42,44%;Zählfahrt AFZS;1313,18;7,55
2386823;14.01.2025;Mo-Fr S;7;ddb;Netz 4 Los 1;17007;RE 7;08:36;Offenburg;de:08317:14506;77,0;109,0;142,0;410;820;34,63%;Zählfahrt AFZS;2581,13;18,18
2386824;14.01.2025;Mo-Fr S;8;ddb;Netz 4 Los 1;17007;RE 7;08:46;Lahr(Schwarzw);de:08317:12103;74,0;17,0;199,0;410;820;48,54%;Zählfahrt AFZS;2210,09;11,11
2386825;14.01.2025;Mo-Fr S;9;ddb;Netz 4 Los 1;17007;RE 7;08:52;Ringsheim;de:08317:16700;12,0;14,0;197,0;410;820;48,05%;Zählfahrt AFZS;572,88;2,91
2386826;14.01.2025;Mo-Fr S;10;ddb;Netz 4 Los 1;17007;RE 7;08:55;Herbolzheim(Breisg);de:08316:6562;58,0;5,0;250,0;410;820;60,98%;Zählfahrt AFZS;820,00;3,28
2386827;14.01.2025;Mo-Fr S;11;ddb;Netz 4 Los 1;17007;RE 7;08:57;Kenzingen;de:08316:6518;49,0;4,0;295,0;410;820;71,95%;Zählfahrt AFZS;1441,37;4,89
2386828;14.01.2025;Mo-Fr S;12;ddb;Netz 4 Los 1;17007;RE 7;09:01;Riegel-Malterdingen;de:08316:5290;27,0;4,0;318,0;410;820;77,56%;Zählfahrt AFZS;2169,40;6,82
2386829;14.01.2025;Mo-Fr S;13;ddb;Netz 4 Los 1;17007;RE 7;09:05;Emmendingen;de:08316:90;86,0;27,0;377,0;410;820;91,95%;Zählfahrt AFZS;2697,44;7,16
2386830;14.01.2025;Mo-Fr S;14;ddb;Netz 4 Los 1;17007;RE 7;09:10;Denzlingen;de:08316:6505;53,0;16,0;414,0;410;820;100,98%;Zählfahrt AFZS;3520,24;8,50
2386831;14.01.2025;Mo-Fr S;15;ddb;Netz 4 Los 1;17007;RE 7;09:18;Freiburg(Breisgau) Hbf;de:08311:6508;128,0;377,0;165,0;410;820;40,24%;Zählfahrt AFZS;2399,76;14,54
2386832;14.01.2025;Mo-Fr S;16;ddb;Netz 4 Los 1;17007;RE 7;09:27;Bad Krozingen;de:08315:6501;23,0;39,0;149,0;410;820;36,34%;Zählfahrt AFZS;888,49;5,96
2386833;14.01.2025;Mo-Fr S;17;ddb;Netz 4 Los 1;17007;RE 7;09:31;Heitersheim;de:08315:6665;9,0;11,0;147,0;410;820;35,85%;Zählfahrt AFZS;1248,91;8,50
2386834;14.01.2025;Mo-Fr S;18;ddb;Netz 4 Los 1;17007;RE 7;09:37;Müllheim(Baden);de:08315:6522;13,0;33,0;127,0;410;820;30,98%;Zählfahrt AFZS;3720,21;29,29
2386835;14.01.2025;Mo-Fr S;19;ddb;Netz 4 Los 1;17007;RE 7;09:57;Weil am Rhein;de:08336:6639;1,0;39,0;89,0;410;820;21,71%;Zählfahrt AFZS;275,37;3,09
2386836;14.01.2025;Mo-Fr S;20;ddb;Netz 4 Los 1;17007;RE 7;10:03;Basel Bad Bf;ch:23005:6;0,0;89,0;0,0;0;;;Zählfahrt AFZS;;
2387525;14.01.2025;Mo-Fr S;0;ddb;Netz 4 Los 1;5330;RE 7;07:37;Basel SBB;ch:23005:300;12,0;0,0;12,0;410;;2,93%;Zählfahrt AFZS;;
2387526;14.01.2025;Mo-Fr S;1;ddb;Netz 4 Los 1;5330;RE 7;07:58;Basel Bad Bf;ch:23005:6;116,0;6,0;122,0;410;410;29,76%;Zählfahrt AFZS;377,47;3,09
2387527;14.01.2025;Mo-Fr S;2;ddb;Netz 4 Los 1;5330;RE 7;08:03;Weil am Rhein;de:08336:6639;64,0;5,0;181,0;410;410;44,15%;Zählfahrt AFZS;5302,03;29,29
2387528;14.01.2025;Mo-Fr S;3;ddb;Netz 4 Los 1;5330;RE 7;08:21;Müllheim(Baden);de:08315:6522;106,0;11,0;276,0;410;820;67,32%;Zählfahrt AFZS;2344,90;8,50
2387529;14.01.2025;Mo-Fr S;4;ddb;Netz 4 Los 1;5330;RE 7;08:27;Heitersheim;de:08315:6665;76,0;4,0;348,0;410;820;84,88%;Zählfahrt AFZS;2075,12;5,96
2387530;14.01.2025;Mo-Fr S;5;ddb;Netz 4 Los 1;5330;RE 7;08:31;Bad Krozingen;de:08315:6501;161,0;22,0;487,0;410;820;118,78%;Zählfahrt AFZS;7082,44;14,54
2387531;14.01.2025;Mo-Fr S;6;ddb;Netz 4 Los 1;5330;RE 7;08:43;Freiburg(Breisgau) Hbf;de:08311:6508;141,0;444,0;184,0;410;410;44,88%;Zählfahrt AFZS;1564,55;8,50
2387532;14.01.2025;Mo-Fr S;7;ddb;Netz 4 Los 1;5330;RE 7;08:48;Denzlingen;de:08316:6505;36,0;8,0;212,0;410;410;51,71%;Zählfahrt AFZS;1516,86;7,16
2387533;14.01.2025;Mo-Fr S;8;ddb;Netz 4 Los 1;5330;RE 7;08:53;Emmendingen;de:08316:90;14,0;97,0;129,0;410;410;31,46%;Zählfahrt AFZS;880,04;6,82
2387534;14.01.2025;Mo-Fr S;9;ddb;Netz 4 Los 1;5330;RE 7;08:57;Riegel-Malterdingen;de:08316:5290;5,0;10,0;124,0;410;410;30,24%;Zählfahrt AFZS;605,86;4,89
2387535;14.01.2025;Mo-Fr S;10;ddb;Netz 4 Los 1;5330;RE 7;09:01;Kenzingen;de:08316:6518;12,0;12,0;124,0;410;410;30,24%;Zählfahrt AFZS;406,72;3,28
2387536;14.01.2025;Mo-Fr S;11;ddb;Netz 4 Los 1;5330;RE 7;09:04;Herbolzheim(Breisg);de:08316:6562;10,0;15,0;119,0;410;410;29,02%;Zählfahrt AFZS;346,05;2,91
2387537;14.01.2025;Mo-Fr S;12;ddb;Netz 4 Los 1;5330;RE 7;09:07;Ringsheim;de:08317:16700;9,0;6,0;122,0;410;410;29,76%;Zählfahrt AFZS;1354,93;11,11
2387538;14.01.2025;Mo-Fr S;13;ddb;Netz 4 Los 1;5330;RE 7;09:13;Lahr(Schwarzw);de:08317:12103;21,0;25,0;118,0;410;410;28,78%;Zählfahrt AFZS;2144,89;18,18
2387539;14.01.2025;Mo-Fr S;14;ddb;Netz 4 Los 1;5330;RE 7;09:22;Offenburg;de:08317:14506;0,0;118,0;0,0;0;;;Zählfahrt AFZS;;
2387813;14.01.2025;Mo-Fr S;0;ddb;Netz 4 Los 1;17005;RE 7;07:42;Offenburg;de:08317:14506;125,6;0,0;125,6;410,0;820;30,63%;Fahrplanfahrt (mit Fahrgastzahl);2283,03;18,18
2387814;14.01.2025;Mo-Fr S;1;ddb;Netz 4 Los 1;17005;RE 7;07:52;Lahr(Schwarzw);de:08317:12103;64,4;43,0;147,1;410,0;820;35,87%;Fahrplanfahrt (mit Fahrgastzahl);1191,84;8,11
2387815;14.01.2025;Mo-Fr S;2;ddb;Netz 4 Los 1;17005;RE 7;07:57;Orschweier;de:08317:18601;33,2;4,7;175,5;410,0;820;42,80%;Fahrplanfahrt (mit Fahrgastzahl);526,68;3,00
2387816;14.01.2025;Mo-Fr S;3;ddb;Netz 4 Los 1;17005;RE 7;08:00;Ringsheim;de:08317:16700;17,8;9,0;184,4;410,0;820;44,96%;Fahrplanfahrt (mit Fahrgastzahl);536,09;2,91
2387817;14.01.2025;Mo-Fr S;4;ddb;Netz 4 Los 1;17005;RE 7;08:03;Herbolzheim(Breisg);de:08316:6562;55,7;5,2;234,8;410,0;820;57,27%;Fahrplanfahrt (mit Fahrgastzahl);770,23;3,28
2387818;14.01.2025;Mo-Fr S;5;ddb;Netz 4 Los 1;17005;RE 7;08:07;Kenzingen;de:08316:6518;79,3;6,9;307,2;410,0;820;74,93%;Fahrplanfahrt (mit Fahrgastzahl);1501,10;4,89
2387819;14.01.2025;Mo-Fr S;6;ddb;Netz 4 Los 1;17005;RE 7;08:11;Riegel-Malterdingen;de:08316:5290;80,1;3,6;383,7;410,0;820;93,59%;Fahrplanfahrt (mit Fahrgastzahl);2617,60;6,82
2387820;14.01.2025;Mo-Fr S;7;ddb;Netz 4 Los 1;17005;RE 7;08:15;Emmendingen;de:08316:90;81,2;85,9;378,9;410,0;820;92,42%;Fahrplanfahrt (mit Fahrgastzahl);2711,21;7,16
2387821;14.01.2025;Mo-Fr S;8;ddb;Netz 4 Los 1;17005;RE 7;08:20;Denzlingen;de:08316:6505;36,9;13,5;402,4;410,0;820;98,14%;Fahrplanfahrt (mit Fahrgastzahl);2877,79;7,15
2387822;14.01.2025;Mo-Fr S;9;ddb;Netz 4 Los 1;17005;RE 7;08:26;Freiburg-Herdern;de:08311:6510;6,1;49,8;358,6;410,0;820;87,48%;Fahrplanfahrt (mit Fahrgastzahl);484,54;1,35
2387823;14.01.2025;Mo-Fr S;10;ddb;Netz 4 Los 1;17005;RE 7;08:32;Freiburg(Breisgau) Hbf;de:08311:6508;137,1;322,9;172,9;410,0;820;42,18%;Fahrplanfahrt (mit Fahrgastzahl);1500,47;8,68
2387824;14.01.2025;Mo-Fr S;11;ddb;Netz 4 Los 1;17005;RE 7;08:38;Schallstadt;de:08315:6677;6,6;4,9;174,6;410,0;820;42,59%;Fahrplanfahrt (mit Fahrgastzahl);1024,38;5,87
2387825;14.01.2025;Mo-Fr S;12;ddb;Netz 4 Los 1;17005;RE 7;08:42;Bad Krozingen;de:08315:6501;19,0;63,5;130,1;410,0;820;31,74%;Fahrplanfahrt (mit Fahrgastzahl);775,94;5,96
2387826;14.01.2025;Mo-Fr S;13;ddb;Netz 4 Los 1;17005;RE 7;08:46;Heitersheim;de:08315:6665;8,7;12,8;126,0;410,0;820;30,73%;Fahrplanfahrt (mit Fahrgastzahl);1070,28;8,50
2387827;14.01.2025;Mo-Fr S;14;ddb;Netz 4 Los 1;17005;RE 7;08:52;Müllheim(Baden);de:08315:6522;15,8;26,9;114,9;410,0;820;28,03%;Fahrplanfahrt (mit Fahrgastzahl);279,04;2,43
2387828;14.01.2025;Mo-Fr S;15;ddb;Netz 4 Los 1;17005;RE 7;08:55;Auggen;de:08315:6642;1,7;1,7;114,9;410,0;820;28,03%;Fahrplanfahrt (mit Fahrgastzahl);393,27;3,42
2387829;14.01.2025;Mo-Fr S;16;ddb;Netz 4 Los 1;17005;RE 7;08:58;Schliengen;de:08336:6678;5,3;4,5;115,7;410,0;820;28,22%;Fahrplanfahrt (mit Fahrgastzahl);419,41;3,63
2387830;14.01.2025;Mo-Fr S;17;ddb;Netz 4 Los 1;17005;RE 7;09:01;Bad Bellingen;de:08336:6628;10,2;3,7;122,2;410,0;820;29,80%;Fahrplanfahrt (mit Fahrgastzahl);389,37;3,19
2387831;14.01.2025;Mo-Fr S;18;ddb;Netz 4 Los 1;17005;RE 7;09:05;Rheinweiler;de:08336:6629;2,2;2,3;122,2;415,5;820;29,40%;Fahrplanfahrt (mit Fahrgastzahl);345,44;2,83
2387832;14.01.2025;Mo-Fr S;19;ddb;Netz 4 Los 1;17005;RE 7;09:08;Kleinkems;de:08336:6633;1,5;0,1;123,6;415,5;820;29,74%;Fahrplanfahrt (mit Fahrgastzahl);444,99;3,60
2387833;14.01.2025;Mo-Fr S;20;ddb;Netz 4 Los 1;17005;RE 7;09:12;Istein;de:08336:6632;2,0;0,4;125,2;415,5;820;30,12%;Fahrplanfahrt (mit Fahrgastzahl);235,03;1,88
2387834;14.01.2025;Mo-Fr S;21;ddb;Netz 4 Los 1;17005;RE 7;09:16;Efringen-Kirchen;de:08336:6631;12,8;3,9;134,0;415,5;820;32,25%;Fahrplanfahrt (mit Fahrgastzahl);530,77;3,96
2387835;14.01.2025;Mo-Fr S;22;ddb;Netz 4 Los 1;17005;RE 7;09:19;Eimeldingen;de:08336:6634;7,3;3,0;138,3;415,5;820;33,29%;Fahrplanfahrt (mit Fahrgastzahl);285,45;2,06
2387836;14.01.2025;Mo-Fr S;23;ddb;Netz 4 Los 1;17005;RE 7;09:21;Haltingen;de:08336:6638;10,1;6,2;142,2;415,5;820;34,23%;Fahrplanfahrt (mit Fahrgastzahl);326,98;2,30
2387837;14.01.2025;Mo-Fr S;24;ddb;Netz 4 Los 1;17005;RE 7;09:26;Weil am Rhein;de:08336:6639;6,2;48,8;99,6;415,5;820;23,97%;Fahrplanfahrt (mit Fahrgastzahl);308,09;3,09
2387838;14.01.2025;Mo-Fr S;25;ddb;Netz 4 Los 1;17005;RE 7;09:29;Basel Bad Bf;ch:23005:6;0,0;99,6;0,0;;;;Fahrplanfahrt (mit Fahrgastzahl);;
2391425;14.01.2025;Mo-Fr S;0;ddb;Netz 4 Los 1;17010;RE 7;08:28;Basel Bad Bf;ch:23005:6;71,0;0,0;71,0;410;410;17,32%;Zählfahrt AFZS;219,67;3,09
2391426;14.01.2025;Mo-Fr S;1;ddb;Netz 4 Los 1;17010;RE 7;08:32;Weil am Rhein;de:08336:6639;50,0;8,0;113,0;410;410;27,56%;Zählfahrt AFZS;259,79;2,30
2391427;14.01.2025;Mo-Fr S;2;ddb;Netz 4 Los 1;17010;RE 7;08:35;Haltingen;de:08336:6638;8,0;1,0;120,0;410;410;29,27%;Zählfahrt AFZS;247,68;2,06
2391428;14.01.2025;Mo-Fr S;3;ddb;Netz 4 Los 1;17010;RE 7;08:38;Eimeldingen;de:08336:6634;11,0;12,0;119,0;410;410;29,02%;Zählfahrt AFZS;471,36;3,96
2391429;14.01.2025;Mo-Fr S;4;ddb;Netz 4 Los 1;17010;RE 7;08:41;Efringen-Kirchen;de:08336:6631;14,0;9,0;124,0;410;410;30,24%;Zählfahrt AFZS;232,87;1,88
2391430;14.01.2025;Mo-Fr S;5;ddb;Netz 4 Los 1;17010;RE 7;08:44;Istein;de:08336:6632;3,0;0,0;127,0;410;410;30,98%;Zählfahrt AFZS;457,33;3,60
2391431;14.01.2025;Mo-Fr S;6;ddb;Netz 4 Los 1;17010;RE 7;08:48;Kleinkems;de:08336:6633;1,0;1,0;127,0;410;410;30,98%;Zählfahrt AFZS;359,16;2,83
2391432;14.01.2025;Mo-Fr S;7;ddb;Netz 4 Los 1;17010;RE 7;08:51;Rheinweiler;de:08336:6629;5,0;1,0;131,0;410;410;31,95%;Zählfahrt AFZS;417,50;3,19
2391433;14.01.2025;Mo-Fr S;8;ddb;Netz 4 Los 1;17010;RE 7;08:54;Bad Bellingen;de:08336:6628;7,0;6,0;132,0;410;410;32,20%;Zählfahrt AFZS;478,50;3,63
2391434;14.01.2025;Mo-Fr S;9;ddb;Netz 4 Los 1;17010;RE 7;08:57;Schliengen;de:08336:6678;24,0;0,0;156,0;410;410;38,05%;Zählfahrt AFZS;533,83;3,42
2391435;14.01.2025;Mo-Fr S;10;ddb;Netz 4 Los 1;17010;RE 7;09:01;Auggen;de:08315:6642;9,0;0,0;165,0;410;410;40,24%;Zählfahrt AFZS;400,62;2,43
2391436;14.01.2025;Mo-Fr S;11;ddb;Netz 4 Los 1;17010;RE 7;09:04;Müllheim(Baden);de:08315:6522;63,0;13,0;215,0;410;820;52,44%;Zählfahrt AFZS;1826,64;8,50
2391437;14.01.2025;Mo-Fr S;12;ddb;Netz 4 Los 1;17010;RE 7;09:10;Heitersheim;de:08315:6665;37,0;1,0;251,0;410;820;61,22%;Zählfahrt AFZS;1496,71;5,96
2391438;14.01.2025;Mo-Fr S;13;ddb;Netz 4 Los 1;17010;RE 7;09:14;Bad Krozingen;de:08315:6501;66,0;18,0;299,0;410;820;72,93%;Zählfahrt AFZS;1754,23;5,87
2391439;14.01.2025;Mo-Fr S;14;ddb;Netz 4 Los 1;17010;RE 7;09:18;Schallstadt;de:08315:6677;21,0;1,0;319,0;410;820;77,80%;Zählfahrt AFZS;2767,64;8,68
2391440;14.01.2025;Mo-Fr S;15;ddb;Netz 4 Los 1;17010;RE 7;09:29;Freiburg(Breisgau) Hbf;de:08311:6508;78,0;290,0;107,0;410;410;26,10%;Zählfahrt AFZS;909,82;8,50
2391441;14.01.2025;Mo-Fr S;16;ddb;Netz 4 Los 1;17010;RE 7;09:34;Denzlingen;de:08316:6505;13,0;9,0;111,0;410;410;27,07%;Zählfahrt AFZS;794,20;7,16
2391442;14.01.2025;Mo-Fr S;17;ddb;Netz 4 Los 1;17010;RE 7;09:38;Emmendingen;de:08316:90;14,0;54,0;71,0;410;410;17,32%;Zählfahrt AFZS;484,36;6,82
2391443;14.01.2025;Mo-Fr S;18;ddb;Netz 4 Los 1;17010;RE 7;09:43;Riegel-Malterdingen;de:08316:5290;4,0;7,0;68,0;410;410;16,59%;Zählfahrt AFZS;332,25;4,89
2391444;14.01.2025;Mo-Fr S;19;ddb;Netz 4 Los 1;17010;RE 7;09:46;Kenzingen;de:08316:6518;5,0;8,0;65,0;410;410;15,85%;Zählfahrt AFZS;213,20;3,28
2391445;14.01.2025;Mo-Fr S;20;ddb;Netz 4 Los 1;17010;RE 7;09:50;Herbolzheim(Breisg);de:08316:6562;3,0;10,0;58,0;410;410;14,15%;Zählfahrt AFZS;168,66;2,91
2391446;14.01.2025;Mo-Fr S;21;ddb;Netz 4 Los 1;17010;RE 7;09:53;Ringsheim;de:08317:16700;6,0;2,0;62,0;410;410;15,12%;Zählfahrt AFZS;186,06;3,00
2391447;14.01.2025;Mo-Fr S;22;ddb;Netz 4 Los 1;17010;RE 7;09:56;Orschweier;de:08317:18601;4,0;4,0;62,0;410;410;15,12%;Zählfahrt AFZS;502,51;8,11
2391448;14.01.2025;Mo-Fr S;23;ddb;Netz 4 Los 1;17010;RE 7;10:01;Lahr(Schwarzw);de:08317:12103;13,0;10,0;65,0;410;410;15,85%;Zählfahrt AFZS;1181,51;18,18
2391449;14.01.2025;Mo-Fr S;24;ddb;Netz 4 Los 1;17010;RE 7;10:13;Offenburg;de:08317:14506;0,0;65,0;0,0;0;;;Zählfahrt AFZS;;
2396942;14.01.2025;Mo-Fr S;0;ddb;Netz 4 Los 1;17041;RE 7;09:42;Freiburg(Breisgau) Hbf;de:08311:6508;94,0;0,0;94,0;410;;22,93%;Zählfahrt AFZS;392,83;4,18
2396943;14.01.2025;Mo-Fr S;1;ddb;Netz 4 Los 1;17041;RE 7;09:45;Freiburg-St Georgen;de:08311:6589;5,0;1,0;98,0;410;;23,90%;Zählfahrt AFZS;318,11;3,25
2396944;14.01.2025;Mo-Fr S;2;ddb;Netz 4 Los 1;17041;RE 7;09:48;Ebringen;de:08315:6661;1,0;4,0;95,0;410;;23,17%;Zählfahrt AFZS;118,94;1,25
2396945;14.01.2025;Mo-Fr S;3;ddb;Netz 4 Los 1;17041;RE 7;09:50;Schallstadt;de:08315:6677;2,0;4,0;93,0;410;;22,68%;Zählfahrt AFZS;266,17;2,86
2396946;14.01.2025;Mo-Fr S;4;ddb;Netz 4 Los 1;17041;RE 7;09:53;Norsingen;de:08315:6670;0,0;2,0;91,0;410;;22,20%;Zählfahrt AFZS;273,46;3,01
2396947;14.01.2025;Mo-Fr S;5;ddb;Netz 4 Los 1;17041;RE 7;09:55;Bad Krozingen;de:08315:6501;12,0;31,0;72,0;410;;17,56%;Zählfahrt AFZS;429,34;5,96
2396948;14.01.2025;Mo-Fr S;6;ddb;Netz 4 Los 1;17041;RE 7;09:59;Heitersheim;de:08315:6665;0,0;12,0;60,0;410;;14,63%;Zählfahrt AFZS;182,04;3,03
2396949;14.01.2025;Mo-Fr S;7;ddb;Netz 4 Los 1;17041;RE 7;10:02;Buggingen;de:08315:6644;1,0;1,0;60,0;410;;14,63%;Zählfahrt AFZS;327,72;5,46
2396950;14.01.2025;Mo-Fr S;8;ddb;Netz 4 Los 1;17041;RE 7;10:06;Müllheim(Baden);de:08315:6522;7,0;15,0;52,0;410;;12,68%;Zählfahrt AFZS;126,26;2,43
2396951;14.01.2025;Mo-Fr S;9;ddb;Netz 4 Los 1;17041;RE 7;10:09;Auggen;de:08315:6642;0,0;1,0;51,0;410;;12,44%;Zählfahrt AFZS;174,52;3,42
2396952;14.01.2025;Mo-Fr S;10;ddb;Netz 4 Los 1;17041;RE 7;10:12;Schliengen;de:08336:6678;4,0;4,0;51,0;410;;12,44%;Zählfahrt AFZS;184,88;3,63
2396953;14.01.2025;Mo-Fr S;11;ddb;Netz 4 Los 1;17041;RE 7;10:15;Bad Bellingen;de:08336:6628;9,0;1,0;59,0;410;;14,39%;Zählfahrt AFZS;188,03;3,19
2396954;14.01.2025;Mo-Fr S;12;ddb;Netz 4 Los 1;17041;RE 7;10:19;Rheinweiler;de:08336:6629;1,0;2,0;58,0;410;;14,15%;Zählfahrt AFZS;164,02;2,83
2396955;14.01.2025;Mo-Fr S;13;ddb;Netz 4 Los 1;17041;RE 7;10:22;Kleinkems;de:08336:6633;1,0;0,0;59,0;410;;14,39%;Zählfahrt AFZS;212,46;3,60
2396956;14.01.2025;Mo-Fr S;14;ddb;Netz 4 Los 1;17041;RE 7;10:26;Istein;de:08336:6632;0,0;0,0;59,0;410;;14,39%;Zählfahrt AFZS;110,80;1,88
2396957;14.01.2025;Mo-Fr S;15;ddb;Netz 4 Los 1;17041;RE 7;10:30;Efringen-Kirchen;de:08336:6631;14,0;3,0;70,0;410;;17,07%;Zählfahrt AFZS;277,27;3,96
2396958;14.01.2025;Mo-Fr S;16;ddb;Netz 4 Los 1;17041;RE 7;10:33;Eimeldingen;de:08336:6634;2,0;1,0;71,0;410;;17,32%;Zählfahrt AFZS;146,54;2,06
2396959;14.01.2025;Mo-Fr S;17;ddb;Netz 4 Los 1;17041;RE 7;10:36;Haltingen;de:08336:6638;17,0;4,0;84,0;410;;20,49%;Zählfahrt AFZS;193,12;2,30
2396960;14.01.2025;Mo-Fr S;18;ddb;Netz 4 Los 1;17041;RE 7;10:39;Weil am Rhein;de:08336:6639;4,0;36,0;52,0;410;;12,68%;Zählfahrt AFZS;160,89;3,09
2396961;14.01.2025;Mo-Fr S;19;ddb;Netz 4 Los 1;17041;RE 7;10:43;Basel Bad Bf;ch:23005:6;0,0;52,0;0,0;0;;;Zählfahrt AFZS;;
2397232;14.01.2025;Mo-Fr S;0;ddb;Netz 4 Los 1;17009;RE 7;09:46;Offenburg;de:08317:14506;76,0;0,0;76,0;410;410;18,54%;Zählfahrt AFZS;1381,45;18,18
2397233;14.01.2025;Mo-Fr S;1;ddb;Netz 4 Los 1;17009;RE 7;09:57;Lahr(Schwarzw);de:08317:12103;33,0;11,0;98,0;410;410;23,90%;Zählfahrt AFZS;794,29;8,11
2397234;14.01.2025;Mo-Fr S;2;ddb;Netz 4 Los 1;17009;RE 7;10:02;Orschweier;de:08317:18601;26,0;4,0;120,0;410;410;29,27%;Zählfahrt AFZS;360,12;3,00
2397235;14.01.2025;Mo-Fr S;3;ddb;Netz 4 Los 1;17009;RE 7;10:05;Ringsheim;de:08317:16700;6,0;10,0;116,0;410;410;28,29%;Zählfahrt AFZS;337,33;2,91
2397236;14.01.2025;Mo-Fr S;4;ddb;Netz 4 Los 1;17009;RE 7;10:08;Herbolzheim(Breisg);de:08316:6562;25,0;3,0;138,0;410;410;33,66%;Zählfahrt AFZS;452,64;3,28
2397237;14.01.2025;Mo-Fr S;5;ddb;Netz 4 Los 1;17009;RE 7;10:11;Kenzingen;de:08316:6518;21,0;6,0;153,0;410;410;37,32%;Zählfahrt AFZS;747,56;4,89
2397238;14.01.2025;Mo-Fr S;6;ddb;Netz 4 Los 1;17009;RE 7;10:15;Riegel-Malterdingen;de:08316:5290;37,0;0,0;190,0;410;410;46,34%;Zählfahrt AFZS;1296,18;6,82
2397239;14.01.2025;Mo-Fr S;7;ddb;Netz 4 Los 1;17009;RE 7;10:20;Emmendingen;de:08316:90;61,0;17,0;234,0;410;410;57,07%;Zählfahrt AFZS;1674,27;7,16
2397240;14.01.2025;Mo-Fr S;8;ddb;Netz 4 Los 1;17009;RE 7;10:26;Denzlingen;de:08316:6505;16,0;5,0;245,0;410;410;59,76%;Zählfahrt AFZS;2083,24;8,50
2397241;14.01.2025;Mo-Fr S;9;ddb;Netz 4 Los 1;17009;RE 7;10:34;Freiburg(Breisgau) Hbf;de:08311:6508;146,0;191,0;200,0;410;410;48,78%;Zählfahrt AFZS;1735,40;8,68
2397242;14.01.2025;Mo-Fr S;10;ddb;Netz 4 Los 1;17009;RE 7;10:39;Schallstadt;de:08315:6677;3,0;11,0;192,0;410;410;46,83%;Zählfahrt AFZS;1126,46;5,87
2397243;14.01.2025;Mo-Fr S;11;ddb;Netz 4 Los 1;17009;RE 7;10:43;Bad Krozingen;de:08315:6501;8,0;47,0;153,0;410;410;37,32%;Zählfahrt AFZS;912,34;5,96
2397244;14.01.2025;Mo-Fr S;12;ddb;Netz 4 Los 1;17009;RE 7;10:47;Heitersheim;de:08315:6665;2,0;17,0;138,0;410;410;33,66%;Zählfahrt AFZS;1172,45;8,50
2397245;14.01.2025;Mo-Fr S;13;ddb;Netz 4 Los 1;17009;RE 7;10:53;Müllheim(Baden);de:08315:6522;10,0;24,0;124,0;410;410;30,24%;Zählfahrt AFZS;301,07;2,43
2397246;14.01.2025;Mo-Fr S;14;ddb;Netz 4 Los 1;17009;RE 7;10:56;Auggen;de:08315:6642;0,0;1,0;123,0;410;410;30,00%;Zählfahrt AFZS;420,91;3,42
2397247;14.01.2025;Mo-Fr S;15;ddb;Netz 4 Los 1;17009;RE 7;10:59;Schliengen;de:08336:6678;0,0;7,0;116,0;410;410;28,29%;Zählfahrt AFZS;420,50;3,63
2397248;14.01.2025;Mo-Fr S;16;ddb;Netz 4 Los 1;17009;RE 7;11:03;Bad Bellingen;de:08336:6628;10,0;1,0;125,0;410;410;30,49%;Zählfahrt AFZS;398,38;3,19
2397249;14.01.2025;Mo-Fr S;17;ddb;Netz 4 Los 1;17009;RE 7;11:07;Rheinweiler;de:08336:6629;2,0;1,0;126,0;410;410;30,73%;Zählfahrt AFZS;356,33;2,83
2397250;14.01.2025;Mo-Fr S;18;ddb;Netz 4 Los 1;17009;RE 7;11:10;Kleinkems;de:08336:6633;0,0;1,0;125,0;410;410;30,49%;Zählfahrt AFZS;450,12;3,60
2397251;14.01.2025;Mo-Fr S;19;ddb;Netz 4 Los 1;17009;RE 7;11:14;Istein;de:08336:6632;1,0;1,0;125,0;410;410;30,49%;Zählfahrt AFZS;234,75;1,88
2397252;14.01.2025;Mo-Fr S;20;ddb;Netz 4 Los 1;17009;RE 7;11:17;Efringen-Kirchen;de:08336:6631;10,0;3,0;132,0;410;410;32,20%;Zählfahrt AFZS;522,85;3,96
2397253;14.01.2025;Mo-Fr S;21;ddb;Netz 4 Los 1;17009;RE 7;11:20;Eimeldingen;de:08336:6634;3,0;6,0;129,0;410;410;31,46%;Zählfahrt AFZS;266,26;2,06
2397254;14.01.2025;Mo-Fr S;22;ddb;Netz 4 Los 1;17009;RE 7;11:23;Haltingen;de:08336:6638;6,0;6,0;129,0;410;410;31,46%;Zählfahrt AFZS;296,57;2,30
2397255;14.01.2025;Mo-Fr S;23;ddb;Netz 4 Los 1;17009;RE 7;11:26;Weil am Rhein;de:08336:6639;7,0;34,0;102,0;410;410;24,88%;Zählfahrt AFZS;315,59;3,09
2397256;14.01.2025;Mo-Fr S;24;ddb;Netz 4 Los 1;17009;RE 7;11:30;Basel Bad Bf;ch:23005:6;0,0;102,0;0,0;0;;;Zählfahrt AFZS;;
2397965;14.01.2025;Mo-Fr S;0;ddb;Netz 4 Los 1;17012;RE 7;09:58;Basel Bad Bf;ch:23005:6;70,5;0,0;70,5;410,0;410;17,20%;Fahrplanfahrt (mit Fahrgastzahl);218,13;3,09
2397966;14.01.2025;Mo-Fr S;1;ddb;Netz 4 Los 1;17012;RE 7;10:02;Weil am Rhein;de:08336:6639;34,9;4,5;100,9;410,0;410;24,62%;Fahrplanfahrt (mit Fahrgastzahl);2957,05;29,29
2397967;14.01.2025;Mo-Fr S;2;ddb;Netz 4 Los 1;17012;RE 7;10:22;Müllheim(Baden);de:08315:6522;47,3;5,0;143,3;410,0;820;34,94%;Fahrplanfahrt (mit Fahrgastzahl);1217,16;8,50
2397968;14.01.2025;Mo-Fr S;3;ddb;Netz 4 Los 1;17012;RE 7;10:27;Heitersheim;de:08315:6665;26,3;2,4;167,2;410,0;820;40,78%;Fahrplanfahrt (mit Fahrgastzahl);996,92;5,96
2397969;14.01.2025;Mo-Fr S;4;ddb;Netz 4 Los 1;17012;RE 7;10:32;Bad Krozingen;de:08315:6501;81,4;13,2;235,4;410,0;820;57,42%;Fahrplanfahrt (mit Fahrgastzahl);3423,73;14,54
2397970;14.01.2025;Mo-Fr S;5;ddb;Netz 4 Los 1;17012;RE 7;10:42;Freiburg(Breisgau) Hbf;de:08311:6508;122,7;193,0;165,1;410,0;410;40,28%;Fahrplanfahrt (mit Fahrgastzahl);1404,11;8,50
2397971;14.01.2025;Mo-Fr S;6;ddb;Netz 4 Los 1;17012;RE 7;10:48;Denzlingen;de:08316:6505;21,2;15,4;170,9;410,0;410;41,69%;Fahrplanfahrt (mit Fahrgastzahl);1223,13;7,16
2397972;14.01.2025;Mo-Fr S;7;ddb;Netz 4 Los 1;17012;RE 7;10:53;Emmendingen;de:08316:90;22,4;55,7;137,7;410,0;410;33,58%;Fahrplanfahrt (mit Fahrgastzahl);939,10;6,82
2397973;14.01.2025;Mo-Fr S;8;ddb;Netz 4 Los 1;17012;RE 7;10:57;Riegel-Malterdingen;de:08316:5290;3,6;11,3;130,0;410,0;410;31,71%;Fahrplanfahrt (mit Fahrgastzahl);635,18;4,89
2397974;14.01.2025;Mo-Fr S;9;ddb;Netz 4 Los 1;17012;RE 7;11:00;Kenzingen;de:08316:6518;5,4;14,5;120,8;410,0;410;29,47%;Fahrplanfahrt (mit Fahrgastzahl);396,36;3,28
2397975;14.01.2025;Mo-Fr S;10;ddb;Netz 4 Los 1;17012;RE 7;11:03;Herbolzheim(Breisg);de:08316:6562;6,8;25,8;101,8;410,0;410;24,83%;Fahrplanfahrt (mit Fahrgastzahl);1426,85;14,01
2397976;14.01.2025;Mo-Fr S;11;ddb;Netz 4 Los 1;17012;RE 7;11:11;Lahr(Schwarzw);de:08317:12103;17,1;19,8;99,1;410,0;410;24,17%;Fahrplanfahrt (mit Fahrgastzahl);1801,44;18,18
2397977;14.01.2025;Mo-Fr S;12;ddb;Netz 4 Los 1;17012;RE 7;11:21;Offenburg;de:08317:14506;0,0;99,1;0,0;;;;Fahrplanfahrt (mit Fahrgastzahl);;
2400259;14.01.2025;Mo-Fr S;0;ddb;Netz 4 Los 1;17014;RE 7;10:28;Basel Bad Bf;ch:23005:6;81,0;0,0;81,0;410;410;19,76%;Zählfahrt AFZS;250,61;3,09
2400260;14.01.2025;Mo-Fr S;1;ddb;Netz 4 Los 1;17014;RE 7;10:32;Weil am Rhein;de:08336:6639;32,0;8,0;105,0;410;410;25,61%;Zählfahrt AFZS;241,40;2,30
2400261;14.01.2025;Mo-Fr S;2;ddb;Netz 4 Los 1;17014;RE 7;10:35;Haltingen;de:08336:6638;9,0;5,0;109,0;410;410;26,59%;Zählfahrt AFZS;224,98;2,06
2400262;14.01.2025;Mo-Fr S;3;ddb;Netz 4 Los 1;17014;RE 7;10:38;Eimeldingen;de:08336:6634;3,0;4,0;108,0;410;410;26,34%;Zählfahrt AFZS;427,79;3,96
2400263;14.01.2025;Mo-Fr S;4;ddb;Netz 4 Los 1;17014;RE 7;10:41;Efringen-Kirchen;de:08336:6631;4,0;2,0;110,0;410;410;26,83%;Zählfahrt AFZS;206,58;1,88
2400264;14.01.2025;Mo-Fr S;5;ddb;Netz 4 Los 1;17014;RE 7;10:44;Istein;de:08336:6632;2,0;2,0;110,0;410;410;26,83%;Zählfahrt AFZS;396,11;3,60
2400265;14.01.2025;Mo-Fr S;6;ddb;Netz 4 Los 1;17014;RE 7;10:48;Kleinkems;de:08336:6633;0,0;0,0;110,0;410;410;26,83%;Zählfahrt AFZS;311,08;2,83
2400266;14.01.2025;Mo-Fr S;7;ddb;Netz 4 Los 1;17014;RE 7;10:51;Rheinweiler;de:08336:6629;3,0;1,0;112,0;410;410;27,32%;Zählfahrt AFZS;356,94;3,19
2400267;14.01.2025;Mo-Fr S;8;ddb;Netz 4 Los 1;17014;RE 7;10:54;Bad Bellingen;de:08336:6628;13,0;4,0;121,0;410;410;29,51%;Zählfahrt AFZS;438,62;3,63
2400268;14.01.2025;Mo-Fr S;9;ddb;Netz 4 Los 1;17014;RE 7;10:57;Schliengen;de:08336:6678;19,0;0,0;140,0;410;410;34,15%;Zählfahrt AFZS;479,08;3,42
2400269;14.01.2025;Mo-Fr S;10;ddb;Netz 4 Los 1;17014;RE 7;11:01;Auggen;de:08315:6642;3,0;2,0;141,0;410;410;34,39%;Zählfahrt AFZS;342,35;2,43
2400270;14.01.2025;Mo-Fr S;11;ddb;Netz 4 Los 1;17014;RE 7;11:04;Müllheim(Baden);de:08315:6522;36,0;11,0;166,0;410;410;40,49%;Zählfahrt AFZS;1410,34;8,50
2400271;14.01.2025;Mo-Fr S;12;ddb;Netz 4 Los 1;17014;RE 7;11:10;Heitersheim;de:08315:6665;25,0;1,0;190,0;410;410;46,34%;Zählfahrt AFZS;1132,97;5,96
2400272;14.01.2025;Mo-Fr S;13;ddb;Netz 4 Los 1;17014;RE 7;11:14;Bad Krozingen;de:08315:6501;42,0;10,0;222,0;410;410;54,15%;Zählfahrt AFZS;1302,47;5,87
2400273;14.01.2025;Mo-Fr S;14;ddb;Netz 4 Los 1;17014;RE 7;11:18;Schallstadt;de:08315:6677;10,0;5,0;227,0;410;410;55,37%;Zählfahrt AFZS;1969,45;8,68
2400274;14.01.2025;Mo-Fr S;15;ddb;Netz 4 Los 1;17014;RE 7;11:26;Freiburg(Breisgau) Hbf;de:08311:6508;129,0;209,0;147,0;410;410;35,85%;Zählfahrt AFZS;1249,94;8,50
2400275;14.01.2025;Mo-Fr S;16;ddb;Netz 4 Los 1;17014;RE 7;11:31;Denzlingen;de:08316:6505;5,0;19,0;133,0;410;410;32,44%;Zählfahrt AFZS;951,62;7,16
2400276;14.01.2025;Mo-Fr S;17;ddb;Netz 4 Los 1;17014;RE 7;11:36;Emmendingen;de:08316:90;21,0;60,0;94,0;410;410;22,93%;Zählfahrt AFZS;641,27;6,82
2400277;14.01.2025;Mo-Fr S;18;ddb;Netz 4 Los 1;17014;RE 7;11:41;Riegel-Malterdingen;de:08316:5290;3,0;19,0;78,0;410;410;19,02%;Zählfahrt AFZS;381,11;4,89
2400278;14.01.2025;Mo-Fr S;19;ddb;Netz 4 Los 1;17014;RE 7;11:45;Kenzingen;de:08316:6518;1,0;14,0;65,0;410;410;15,85%;Zählfahrt AFZS;213,20;3,28
2400279;14.01.2025;Mo-Fr S;20;ddb;Netz 4 Los 1;17014;RE 7;11:48;Herbolzheim(Breisg);de:08316:6562;4,0;17,0;52,0;410;410;12,68%;Zählfahrt AFZS;151,22;2,91
2400280;14.01.2025;Mo-Fr S;21;ddb;Netz 4 Los 1;17014;RE 7;11:51;Ringsheim;de:08317:16700;3,0;8,0;47,0;410;410;11,46%;Zählfahrt AFZS;141,05;3,00
2400281;14.01.2025;Mo-Fr S;22;ddb;Netz 4 Los 1;17014;RE 7;11:54;Orschweier;de:08317:18601;5,0;4,0;48,0;410;410;11,71%;Zählfahrt AFZS;389,04;8,11
2400282;14.01.2025;Mo-Fr S;23;ddb;Netz 4 Los 1;17014;RE 7;12:00;Lahr(Schwarzw);de:08317:12103;11,0;15,0;44,0;410;410;10,73%;Zählfahrt AFZS;799,79;18,18
2400283;14.01.2025;Mo-Fr S;24;ddb;Netz 4 Los 1;17014;RE 7;12:11;Offenburg;de:08317:14506;0,0;44,0;0,0;0;;;Zählfahrt AFZS;;
2401006;14.01.2025;Mo-Fr S;0;ddb;Netz 4 Los 1;5335;RE 7;10:35;Offenburg;de:08317:14506;89,0;0,0;89,0;714,3;410;12,45%;Fahrplanfahrt (mit Fahrgastzahl);1616,96;18,18
2401007;14.01.2025;Mo-Fr S;1;ddb;Netz 4 Los 1;5335;RE 7;10:45;Lahr(Schwarzw);de:08317:12103;27,8;19,0;97,7;714,3;410;13,68%;Fahrplanfahrt (mit Fahrgastzahl);1369,11;14,01
2401008;14.01.2025;Mo-Fr S;2;ddb;Netz 4 Los 1;5335;RE 7;10:52;Herbolzheim(Breisg);de:08316:6562;31,0;5,0;123,7;714,3;410;17,32%;Fahrplanfahrt (mit Fahrgastzahl);405,72;3,28
2401009;14.01.2025;Mo-Fr S;3;ddb;Netz 4 Los 1;5335;RE 7;10:55;Kenzingen;de:08316:6518;16,9;3,3;137,3;714,3;410;19,21%;Fahrplanfahrt (mit Fahrgastzahl);670,66;4,89
2401010;14.01.2025;Mo-Fr S;4;ddb;Netz 4 Los 1;5335;RE 7;10:59;Riegel-Malterdingen;de:08316:5290;14,4;2,7;149,0;714,3;410;20,86%;Fahrplanfahrt (mit Fahrgastzahl);1016,48;6,82
2401011;14.01.2025;Mo-Fr S;5;ddb;Netz 4 Los 1;5335;RE 7;11:04;Emmendingen;de:08316:90;58,6;13,5;194,1;714,3;820;27,17%;Fahrplanfahrt (mit Fahrgastzahl);1388,69;7,16
2401012;14.01.2025;Mo-Fr S;6;ddb;Netz 4 Los 1;5335;RE 7;11:09;Denzlingen;de:08316:6505;30,7;13,7;211,0;714,3;820;29,54%;Fahrplanfahrt (mit Fahrgastzahl);1794,50;8,50
2401013;14.01.2025;Mo-Fr S;7;ddb;Netz 4 Los 1;5335;RE 7;11:18;Freiburg(Breisgau) Hbf;de:08311:6508;178,3;163,0;226,3;714,3;820;31,67%;Fahrplanfahrt (mit Fahrgastzahl);3290,74;14,54
2401014;14.01.2025;Mo-Fr S;8;ddb;Netz 4 Los 1;5335;RE 7;11:27;Bad Krozingen;de:08315:6501;20,0;62,5;183,7;714,3;820;25,72%;Fahrplanfahrt (mit Fahrgastzahl);1095,38;5,96
2401015;14.01.2025;Mo-Fr S;9;ddb;Netz 4 Los 1;5335;RE 7;11:31;Heitersheim;de:08315:6665;6,1;20,7;169,1;714,3;820;23,67%;Fahrplanfahrt (mit Fahrgastzahl);1436,56;8,50
2401016;14.01.2025;Mo-Fr S;10;ddb;Netz 4 Los 1;5335;RE 7;11:37;Müllheim(Baden);de:08315:6522;8,9;32,0;146,0;714,3;410;20,44%;Fahrplanfahrt (mit Fahrgastzahl);4276,78;29,29
2401017;14.01.2025;Mo-Fr S;11;ddb;Netz 4 Los 1;5335;RE 7;11:57;Weil am Rhein;de:08336:6639;5,2;36,8;114,4;714,3;410;16,01%;Fahrplanfahrt (mit Fahrgastzahl);353,93;3,09
2401018;14.01.2025;Mo-Fr S;12;ddb;Netz 4 Los 1;5335;RE 7;12:11;Basel Bad Bf;ch:23005:6;5,4;75,0;44,8;714,3;410;6,27%;Fahrplanfahrt (mit Fahrgastzahl);;
2401019;14.01.2025;Mo-Fr S;13;ddb;Netz 4 Los 1;5335;RE 7;12:19;Basel SBB;ch:23005:300;0,0;44,8;0,0;;;;Fahrplanfahrt (mit Fahrgastzahl);;
2406147;14.01.2025;Mo-Fr S;0;ddb;Netz 4 Los 1;17013;RE 7;11:47;Offenburg;de:08317:14506;90,0;0,0;90,0;410;410;21,95%;Zählfahrt AFZS;1635,93;18,18
2406148;14.01.2025;Mo-Fr S;1;ddb;Netz 4 Los 1;17013;RE 7;11:57;Lahr(Schwarzw);de:08317:12103;32,0;28,0;94,0;410;410;22,93%;Zählfahrt AFZS;761,87;8,11
2406149;14.01.2025;Mo-Fr S;2;ddb;Netz 4 Los 1;17013;RE 7;12:02;Orschweier;de:08317:18601;12,0;4,0;102,0;410;410;24,88%;Zählfahrt AFZS;306,10;3,00
2406150;14.01.2025;Mo-Fr S;3;ddb;Netz 4 Los 1;17013;RE 7;12:05;Ringsheim;de:08317:16700;13,0;8,0;107,0;410;410;26,10%;Zählfahrt AFZS;311,16;2,91
2406151;14.01.2025;Mo-Fr S;4;ddb;Netz 4 Los 1;17013;RE 7;12:08;Herbolzheim(Breisg);de:08316:6562;19,0;8,0;118,0;410;410;28,78%;Zählfahrt AFZS;387,04;3,28
2406152;14.01.2025;Mo-Fr S;5;ddb;Netz 4 Los 1;17013;RE 7;12:11;Kenzingen;de:08316:6518;37,0;4,0;151,0;410;410;36,83%;Zählfahrt AFZS;737,79;4,89
2406153;14.01.2025;Mo-Fr S;6;ddb;Netz 4 Los 1;17013;RE 7;12:15;Riegel-Malterdingen;de:08316:5290;23,0;9,0;165,0;410;410;40,24%;Zählfahrt AFZS;1125,63;6,82
2406154;14.01.2025;Mo-Fr S;7;ddb;Netz 4 Los 1;17013;RE 7;12:20;Emmendingen;de:08316:90;91,0;28,0;228,0;410;410;55,61%;Zählfahrt AFZS;1631,34;7,16
2406155;14.01.2025;Mo-Fr S;8;ddb;Netz 4 Los 1;17013;RE 7;12:25;Denzlingen;de:08316:6505;24,0;22,0;230,0;410;410;56,10%;Zählfahrt AFZS;1955,69;8,50
2406156;14.01.2025;Mo-Fr S;9;ddb;Netz 4 Los 1;17013;RE 7;12:32;Freiburg(Breisgau) Hbf;de:08311:6508;331,0;195,0;366,0;410;410;89,27%;Zählfahrt AFZS;3175,78;8,68
2406157;14.01.2025;Mo-Fr S;10;ddb;Netz 4 Los 1;17013;RE 7;12:37;Schallstadt;de:08315:6677;7,0;17,0;356,0;410;410;86,83%;Zählfahrt AFZS;2088,65;5,87
2406158;14.01.2025;Mo-Fr S;11;ddb;Netz 4 Los 1;17013;RE 7;12:42;Bad Krozingen;de:08315:6501;28,0;124,0;260,0;410;410;63,41%;Zählfahrt AFZS;1550,38;5,96
2406159;14.01.2025;Mo-Fr S;12;ddb;Netz 4 Los 1;17013;RE 7;12:46;Heitersheim;de:08315:6665;11,0;56,0;215,0;410;410;52,44%;Zählfahrt AFZS;1826,64;8,50
2406160;14.01.2025;Mo-Fr S;13;ddb;Netz 4 Los 1;17013;RE 7;12:51;Müllheim(Baden);de:08315:6522;17,0;114,0;118,0;410;410;28,78%;Zählfahrt AFZS;690,30;5,85
2406161;14.01.2025;Mo-Fr S;14;ddb;Netz 4 Los 1;17013;RE 7;12:56;Schliengen;de:08336:6678;3,0;17,0;104,0;410;410;25,37%;Zählfahrt AFZS;377,00;3,63
2406162;14.01.2025;Mo-Fr S;15;ddb;Netz 4 Los 1;17013;RE 7;12:59;Bad Bellingen;de:08336:6628;4,0;4,0;104,0;410;410;25,37%;Zählfahrt AFZS;1195,38;11,49
2406163;14.01.2025;Mo-Fr S;16;ddb;Netz 4 Los 1;17013;RE 7;13:10;Efringen-Kirchen;de:08336:6631;9,0;6,0;107,0;410;410;26,10%;Zählfahrt AFZS;644,67;6,03
2406164;14.01.2025;Mo-Fr S;17;ddb;Netz 4 Los 1;17013;RE 7;13:15;Haltingen;de:08336:6638;4,0;7,0;104,0;410;410;25,37%;Zählfahrt AFZS;239,10;2,30
2406165;14.01.2025;Mo-Fr S;18;ddb;Netz 4 Los 1;17013;RE 7;13:19;Weil am Rhein;de:08336:6639;3,0;46,0;61,0;410;410;14,88%;Zählfahrt AFZS;188,73;3,09
2406166;14.01.2025;Mo-Fr S;19;ddb;Netz 4 Los 1;17013;RE 7;13:23;Basel Bad Bf;ch:23005:6;0,0;61,0;0,0;0;;;Zählfahrt AFZS;;
2406826;14.01.2025;Mo-Fr S;0;ddb;Netz 4 Los 1;17016;RE 7;11:58;Basel Bad Bf;ch:23005:6;47,0;0,0;47,0;820;820;5,73%;Zählfahrt AFZS;145,42;3,09
2406827;14.01.2025;Mo-Fr S;1;ddb;Netz 4 Los 1;17016;RE 7;12:02;Weil am Rhein;de:08336:6639;39,0;9,0;77,0;820;820;9,39%;Zählfahrt AFZS;2255,56;29,29
2406828;14.01.2025;Mo-Fr S;2;ddb;Netz 4 Los 1;17016;RE 7;12:22;Müllheim(Baden);de:08315:6522;30,0;10,0;97,0;820;820;11,83%;Zählfahrt AFZS;824,11;8,50
2406829;14.01.2025;Mo-Fr S;3;ddb;Netz 4 Los 1;17016;RE 7;12:27;Heitersheim;de:08315:6665;19,0;3,0;113,0;820;820;13,78%;Zählfahrt AFZS;673,82;5,96
2406830;14.01.2025;Mo-Fr S;4;ddb;Netz 4 Los 1;17016;RE 7;12:32;Bad Krozingen;de:08315:6501;85,0;16,0;182,0;820;820;22,20%;Zählfahrt AFZS;2646,83;14,54
2406831;14.01.2025;Mo-Fr S;5;ddb;Netz 4 Los 1;17016;RE 7;12:42;Freiburg(Breisgau) Hbf;de:08311:6508;305,0;167,0;320,0;820;820;39,02%;Zählfahrt AFZS;2720,96;8,50
2406832;14.01.2025;Mo-Fr S;6;ddb;Netz 4 Los 1;17016;RE 7;12:48;Denzlingen;de:08316:6505;41,0;32,0;329,0;820;820;40,12%;Zählfahrt AFZS;2354,00;7,16
2406833;14.01.2025;Mo-Fr S;7;ddb;Netz 4 Los 1;17016;RE 7;12:53;Emmendingen;de:08316:90;56,0;119,0;266,0;820;410;32,44%;Zählfahrt AFZS;1814,65;6,82
2406834;14.01.2025;Mo-Fr S;8;ddb;Netz 4 Los 1;17016;RE 7;12:57;Riegel-Malterdingen;de:08316:5290;8,0;29,0;245,0;820;410;29,88%;Zählfahrt AFZS;1197,07;4,89
2406835;14.01.2025;Mo-Fr S;9;ddb;Netz 4 Los 1;17016;RE 7;13:01;Kenzingen;de:08316:6518;9,0;66,0;188,0;820;410;22,93%;Zählfahrt AFZS;616,64;3,28
2406836;14.01.2025;Mo-Fr S;10;ddb;Netz 4 Los 1;17016;RE 7;13:04;Herbolzheim(Breisg);de:08316:6562;10,0;59,0;139,0;820;410;16,95%;Zählfahrt AFZS;1947,95;14,01
2406837;14.01.2025;Mo-Fr S;11;ddb;Netz 4 Los 1;17016;RE 7;13:11;Lahr(Schwarzw);de:08317:12103;63,0;62,0;140,0;820;410;17,07%;Zählfahrt AFZS;2544,78;18,18
2406838;14.01.2025;Mo-Fr S;12;ddb;Netz 4 Los 1;17016;RE 7;13:34;Offenburg;de:08317:14506;52,0;140,0;52,0;410;410;12,68%;Zählfahrt AFZS;392,44;7,55
2406839;14.01.2025;Mo-Fr S;13;ddb;Netz 4 Los 1;17016;RE 7;13:40;Appenweier;de:08317:14120;0,0;13,0;39,0;410;410;9,51%;Zählfahrt AFZS;244,37;6,27
2406840;14.01.2025;Mo-Fr S;14;ddb;Netz 4 Los 1;17016;RE 7;13:44;Renchen;de:08317:13554;1,0;9,0;31,0;410;410;7,56%;Zählfahrt AFZS;196,63;6,34
2406841;14.01.2025;Mo-Fr S;15;ddb;Netz 4 Los 1;17016;RE 7;13:49;Achern;de:08317:33013;24,0;11,0;44,0;410;410;10,73%;Zählfahrt AFZS;371,80;8,45
2406842;14.01.2025;Mo-Fr S;16;ddb;Netz 4 Los 1;17016;RE 7;13:54;Bühl(Baden);de:08216:32227;10,0;13,0;41,0;410;410;10,00%;Zählfahrt AFZS;472,57;11,53
2406843;14.01.2025;Mo-Fr S;17;ddb;Netz 4 Los 1;17016;RE 7;14:01;Baden-Baden;de:08211:1847;12,0;24,0;29,0;410;410;7,07%;Zählfahrt AFZS;248,18;8,56
2406844;14.01.2025;Mo-Fr S;18;ddb;Netz 4 Los 1;17016;RE 7;14:08;Rastatt;de:08216:1844;0,0;29,0;0,0;410;410;0,00%;Zählfahrt AFZS;0,00;20,77
2406845;14.01.2025;Mo-Fr S;19;ddb;Netz 4 Los 1;17016;RE 7;14:21;Karlsruhe Hbf;de:08212:90;0,0;0,0;0,0;0;;;Zählfahrt AFZS;;
2409262;14.01.2025;Mo-Fr S;0;ddb;Netz 4 Los 1;5332;RE 7;12:25;Basel SBB;ch:23005:300;32,5;0,0;32,5;701,2;;4,63%;Fahrplanfahrt (mit Fahrgastzahl);;
2409263;14.01.2025;Mo-Fr S;1;ddb;Netz 4 Los 1;5332;RE 7;12:33;Basel Bad Bf;ch:23005:6;53,4;3,2;82,6;725,3;410;11,39%;Fahrplanfahrt (mit Fahrgastzahl);255,71;3,09
2409264;14.01.2025;Mo-Fr S;2;ddb;Netz 4 Los 1;5332;RE 7;12:38;Weil am Rhein;de:08336:6639;41,4;7,6;116,5;725,3;410;16,06%;Fahrplanfahrt (mit Fahrgastzahl);267,77;2,30
2409265;14.01.2025;Mo-Fr S;3;ddb;Netz 4 Los 1;5332;RE 7;12:41;Haltingen;de:08336:6638;6,6;3,6;119,5;725,3;410;16,48%;Fahrplanfahrt (mit Fahrgastzahl);720,16;6,03
2409266;14.01.2025;Mo-Fr S;4;ddb;Netz 4 Los 1;5332;RE 7;12:46;Efringen-Kirchen;de:08336:6631;7,8;6,6;120,8;725,3;410;16,65%;Fahrplanfahrt (mit Fahrgastzahl);1388,07;11,49
2409267;14.01.2025;Mo-Fr S;5;ddb;Netz 4 Los 1;5332;RE 7;12:58;Bad Bellingen;de:08336:6628;9,2;7,5;122,4;725,3;410;16,88%;Fahrplanfahrt (mit Fahrgastzahl);443,74;3,63
2409268;14.01.2025;Mo-Fr S;6;ddb;Netz 4 Los 1;5332;RE 7;13:01;Schliengen;de:08336:6678;7,8;6,5;123,7;725,3;410;17,06%;Fahrplanfahrt (mit Fahrgastzahl);723,68;5,85
2409269;14.01.2025;Mo-Fr S;7;ddb;Netz 4 Los 1;5332;RE 7;13:06;Müllheim(Baden);de:08315:6522;51,5;10,5;164,7;725,3;820;22,71%;Fahrplanfahrt (mit Fahrgastzahl);1399,34;8,50
2409270;14.01.2025;Mo-Fr S;8;ddb;Netz 4 Los 1;5332;RE 7;13:11;Heitersheim;de:08315:6665;16,1;7,0;173,8;725,3;820;23,97%;Fahrplanfahrt (mit Fahrgastzahl);1036,51;5,96
2409271;14.01.2025;Mo-Fr S;9;ddb;Netz 4 Los 1;5332;RE 7;13:15;Bad Krozingen;de:08315:6501;65,4;18,0;221,2;725,3;820;30,49%;Fahrplanfahrt (mit Fahrgastzahl);1297,64;5,87
2409272;14.01.2025;Mo-Fr S;10;ddb;Netz 4 Los 1;5332;RE 7;13:19;Schallstadt;de:08315:6677;8,2;6,3;223,1;725,3;820;30,75%;Fahrplanfahrt (mit Fahrgastzahl);1935,26;8,68
2409273;14.01.2025;Mo-Fr S;11;ddb;Netz 4 Los 1;5332;RE 7;13:27;Freiburg(Breisgau) Hbf;de:08311:6508;385,4;159,8;448,6;725,3;820;61,86%;Fahrplanfahrt (mit Fahrgastzahl);3814,85;8,50
2409274;14.01.2025;Mo-Fr S;12;ddb;Netz 4 Los 1;5332;RE 7;13:32;Denzlingen;de:08316:6505;22,8;51,9;419,5;725,3;820;57,84%;Fahrplanfahrt (mit Fahrgastzahl);3001,73;7,16
2409275;14.01.2025;Mo-Fr S;13;ddb;Netz 4 Los 1;5332;RE 7;13:38;Emmendingen;de:08316:90;36,3;127,3;328,5;725,3;820;45,30%;Fahrplanfahrt (mit Fahrgastzahl);2241,23;6,82
2409276;14.01.2025;Mo-Fr S;14;ddb;Netz 4 Los 1;5332;RE 7;13:43;Riegel-Malterdingen;de:08316:5290;6,2;50,3;284,5;725,3;820;39,22%;Fahrplanfahrt (mit Fahrgastzahl);1389,92;4,89
2409277;14.01.2025;Mo-Fr S;15;ddb;Netz 4 Los 1;5332;RE 7;13:47;Kenzingen;de:08316:6518;5,8;39,9;250,3;725,3;820;34,51%;Fahrplanfahrt (mit Fahrgastzahl);820,96;3,28
2409278;14.01.2025;Mo-Fr S;16;ddb;Netz 4 Los 1;5332;RE 7;13:50;Herbolzheim(Breisg);de:08316:6562;6,1;46,0;210,4;725,3;820;29,01%;Fahrplanfahrt (mit Fahrgastzahl);611,88;2,91
2409279;14.01.2025;Mo-Fr S;17;ddb;Netz 4 Los 1;5332;RE 7;13:53;Ringsheim;de:08317:16700;4,6;11,1;203,9;725,3;820;28,11%;Fahrplanfahrt (mit Fahrgastzahl);611,85;3,00
2409280;14.01.2025;Mo-Fr S;18;ddb;Netz 4 Los 1;5332;RE 7;13:56;Orschweier;de:08317:18601;7,5;17,8;193,6;725,3;820;26,69%;Fahrplanfahrt (mit Fahrgastzahl);1569,03;8,11
2409281;14.01.2025;Mo-Fr S;19;ddb;Netz 4 Los 1;5332;RE 7;14:01;Lahr(Schwarzw);de:08317:12103;38,4;39,4;192,6;725,3;820;26,56%;Fahrplanfahrt (mit Fahrgastzahl);3501,75;18,18
2409282;14.01.2025;Mo-Fr S;20;ddb;Netz 4 Los 1;5332;RE 7;14:34;Offenburg;de:08317:14506;86,7;93,3;186,1;725,3;410;25,65%;Fahrplanfahrt (mit Fahrgastzahl);1404,19;7,55
2409283;14.01.2025;Mo-Fr S;21;ddb;Netz 4 Los 1;5332;RE 7;14:39;Appenweier;de:08317:14120;8,4;10,2;184,2;725,3;410;25,39%;Fahrplanfahrt (mit Fahrgastzahl);1154,05;6,27
2409284;14.01.2025;Mo-Fr S;22;ddb;Netz 4 Los 1;5332;RE 7;14:44;Renchen;de:08317:13554;2,8;8,0;179,0;725,3;410;24,68%;Fahrplanfahrt (mit Fahrgastzahl);1135,40;6,34
2409285;14.01.2025;Mo-Fr S;23;ddb;Netz 4 Los 1;5332;RE 7;14:49;Achern;de:08317:33013;17,5;27,8;168,6;725,3;410;23,25%;Fahrplanfahrt (mit Fahrgastzahl);1425,07;8,45
2409286;14.01.2025;Mo-Fr S;24;ddb;Netz 4 Los 1;5332;RE 7;14:54;Bühl(Baden);de:08216:32227;28,5;18,2;178,9;725,3;410;24,67%;Fahrplanfahrt (mit Fahrgastzahl);2062,48;11,53
2409287;14.01.2025;Mo-Fr S;25;ddb;Netz 4 Los 1;5332;RE 7;15:01;Baden-Baden;de:08211:1847;50,8;26,7;203,1;725,3;410;28,00%;Fahrplanfahrt (mit Fahrgastzahl);1737,78;8,56
2409288;14.01.2025;Mo-Fr S;26;ddb;Netz 4 Los 1;5332;RE 7;15:08;Rastatt;de:08216:1844;25,3;27,9;200,5;725,3;410;27,64%;Fahrplanfahrt (mit Fahrgastzahl);4164,58;20,77
2409289;14.01.2025;Mo-Fr S;27;ddb;Netz 4 Los 1;5332;RE 7;15:21;Karlsruhe Hbf;de:08212:90;0,0;200,5;0,0;;;;Fahrplanfahrt (mit Fahrgastzahl);;
2409290;14.01.2025;Mo-Fr S;0;ddb;Netz 4 Los 1;17015;RE 7;12:26;Offenburg;de:08317:14506;80,0;0,0;80,0;410;410;19,51%;Zählfahrt AFZS;1454,16;18,18
2409291;14.01.2025;Mo-Fr S;1;ddb;Netz 4 Los 1;17015;RE 7;12:36;Lahr(Schwarzw);de:08317:12103;27,0;31,0;76,0;410;410;18,54%;Zählfahrt AFZS;1065,06;14,01
2409292;14.01.2025;Mo-Fr S;2;ddb;Netz 4 Los 1;17015;RE 7;12:52;Herbolzheim(Breisg);de:08316:6562;30,0;8,0;98,0;410;410;23,90%;Zählfahrt AFZS;321,44;3,28
2409293;14.01.2025;Mo-Fr S;3;ddb;Netz 4 Los 1;17015;RE 7;12:55;Kenzingen;de:08316:6518;23,0;4,0;117,0;410;410;28,54%;Zählfahrt AFZS;571,66;4,89
2409294;14.01.2025;Mo-Fr S;4;ddb;Netz 4 Los 1;17015;RE 7;12:59;Riegel-Malterdingen;de:08316:5290;14,0;3,0;128,0;410;410;31,22%;Zählfahrt AFZS;873,22;6,82
2409295;14.01.2025;Mo-Fr S;5;ddb;Netz 4 Los 1;17015;RE 7;13:04;Emmendingen;de:08316:90;106,0;37,0;197,0;410;410;48,05%;Zählfahrt AFZS;1409,54;7,16
2409296;14.01.2025;Mo-Fr S;6;ddb;Netz 4 Los 1;17015;RE 7;13:09;Denzlingen;de:08316:6505;18,0;28,0;187,0;410;410;45,61%;Zählfahrt AFZS;1590,06;8,50
2409297;14.01.2025;Mo-Fr S;7;ddb;Netz 4 Los 1;17015;RE 7;13:17;Freiburg(Breisgau) Hbf;de:08311:6508;388,0;151,0;424,0;410;820;103,41%;Zählfahrt AFZS;3679,05;8,68
2409298;14.01.2025;Mo-Fr S;8;ddb;Netz 4 Los 1;17015;RE 7;13:22;Schallstadt;de:08315:6677;6,0;48,0;382,0;410;820;93,17%;Zählfahrt AFZS;2241,19;5,87
2409299;14.01.2025;Mo-Fr S;9;ddb;Netz 4 Los 1;17015;RE 7;13:27;Bad Krozingen;de:08315:6501;25,0;152,0;255,0;410;820;62,20%;Zählfahrt AFZS;1520,56;5,96
2409300;14.01.2025;Mo-Fr S;10;ddb;Netz 4 Los 1;17015;RE 7;13:31;Heitersheim;de:08315:6665;2,0;69,0;188,0;410;820;45,85%;Zählfahrt AFZS;570,39;3,03
2409301;14.01.2025;Mo-Fr S;11;ddb;Netz 4 Los 1;17015;RE 7;13:34;Buggingen;de:08315:6644;3,0;10,0;181,0;410;820;44,15%;Zählfahrt AFZS;988,62;5,46
2409302;14.01.2025;Mo-Fr S;12;ddb;Netz 4 Los 1;17015;RE 7;13:38;Müllheim(Baden);de:08315:6522;11,0;79,0;113,0;410;410;27,56%;Zählfahrt AFZS;3310,11;29,29
2409303;14.01.2025;Mo-Fr S;13;ddb;Netz 4 Los 1;17015;RE 7;13:58;Weil am Rhein;de:08336:6639;5,0;45,0;73,0;410;410;17,80%;Zählfahrt AFZS;225,86;3,09
2409304;14.01.2025;Mo-Fr S;14;ddb;Netz 4 Los 1;17015;RE 7;14:02;Basel Bad Bf;ch:23005:6;0,0;73,0;0,0;0;;;Zählfahrt AFZS;;
2410474;14.01.2025;Mo-Fr S;0;ddb;Netz 4 Los 1;17017;RE 7;12:39;Karlsruhe Hbf;de:08212:90;301,9;0,0;301,9;410,0;410;73,64%;Fahrplanfahrt (mit Fahrgastzahl);6272,53;20,77
2410475;14.01.2025;Mo-Fr S;1;ddb;Netz 4 Los 1;17017;RE 7;12:52;Rastatt;de:08216:1844;65,2;29,9;337,3;410,0;410;82,27%;Fahrplanfahrt (mit Fahrgastzahl);2886,56;8,56
2410476;14.01.2025;Mo-Fr S;2;ddb;Netz 4 Los 1;17017;RE 7;12:59;Baden-Baden;de:08211:1847;40,4;77,4;300,4;410,0;410;73,26%;Fahrplanfahrt (mit Fahrgastzahl);3461,87;11,53
2410477;14.01.2025;Mo-Fr S;3;ddb;Netz 4 Los 1;17017;RE 7;13:05;Bühl(Baden);de:08216:32227;38,7;51,5;287,5;410,0;410;70,13%;Fahrplanfahrt (mit Fahrgastzahl);2429,62;8,45
2410478;14.01.2025;Mo-Fr S;4;ddb;Netz 4 Los 1;17017;RE 7;13:11;Achern;de:08317:33013;42,6;46,1;284,1;410,0;410;69,28%;Fahrplanfahrt (mit Fahrgastzahl);1801,79;6,34
2410479;14.01.2025;Mo-Fr S;5;ddb;Netz 4 Los 1;17017;RE 7;13:16;Renchen;de:08317:13554;4,8;9,7;279,1;410,0;410;68,08%;Fahrplanfahrt (mit Fahrgastzahl);1748,95;6,27
2410480;14.01.2025;Mo-Fr S;6;ddb;Netz 4 Los 1;17017;RE 7;13:21;Appenweier;de:08317:14120;8,5;60,6;227,1;410,0;410;55,38%;Fahrplanfahrt (mit Fahrgastzahl);1713,61;7,55
2410481;14.01.2025;Mo-Fr S;7;ddb;Netz 4 Los 1;17017;RE 7;13:47;Offenburg;de:08317:14506;182,5;81,4;328,1;530,6;410;61,84%;Fahrplanfahrt (mit Fahrgastzahl);5964,19;18,18
2410482;14.01.2025;Mo-Fr S;8;ddb;Netz 4 Los 1;17017;RE 7;13:57;Lahr(Schwarzw);de:08317:12103;55,7;71,6;312,2;530,6;410;58,85%;Fahrplanfahrt (mit Fahrgastzahl);2530,67;8,11
2410483;14.01.2025;Mo-Fr S;9;ddb;Netz 4 Los 1;17017;RE 7;14:02;Orschweier;de:08317:18601;13,1;26,0;299,3;530,6;410;56,41%;Fahrplanfahrt (mit Fahrgastzahl);898,18;3,00
2410484;14.01.2025;Mo-Fr S;10;ddb;Netz 4 Los 1;17017;RE 7;14:05;Ringsheim;de:08317:16700;7,1;15,0;291,4;530,6;410;54,91%;Fahrplanfahrt (mit Fahrgastzahl);847,25;2,91
2410485;14.01.2025;Mo-Fr S;11;ddb;Netz 4 Los 1;17017;RE 7;14:08;Herbolzheim(Breisg);de:08316:6562;33,0;21,3;303,1;530,6;410;57,12%;Fahrplanfahrt (mit Fahrgastzahl);994,03;3,28
2410486;14.01.2025;Mo-Fr S;12;ddb;Netz 4 Los 1;17017;RE 7;14:11;Kenzingen;de:08316:6518;30,7;15,6;318,1;530,6;410;59,96%;Fahrplanfahrt (mit Fahrgastzahl);1554,32;4,89
2410487;14.01.2025;Mo-Fr S;13;ddb;Netz 4 Los 1;17017;RE 7;14:15;Riegel-Malterdingen;de:08316:5290;30,4;14,8;333,7;530,6;410;62,89%;Fahrplanfahrt (mit Fahrgastzahl);2276,54;6,82
2410488;14.01.2025;Mo-Fr S;14;ddb;Netz 4 Los 1;17017;RE 7;14:20;Emmendingen;de:08316:90;106,4;42,9;397,2;530,6;410;74,87%;Fahrplanfahrt (mit Fahrgastzahl);2842,22;7,16
2410489;14.01.2025;Mo-Fr S;15;ddb;Netz 4 Los 1;17017;RE 7;14:24;Denzlingen;de:08316:6505;21,5;38,2;380,6;530,6;410;71,73%;Fahrplanfahrt (mit Fahrgastzahl);3236,14;8,50
2410490;14.01.2025;Mo-Fr S;16;ddb;Netz 4 Los 1;17017;RE 7;14:32;Freiburg(Breisgau) Hbf;de:08311:6508;348,1;290,1;438,6;530,6;820;82,66%;Fahrplanfahrt (mit Fahrgastzahl);3805,63;8,68
2410491;14.01.2025;Mo-Fr S;17;ddb;Netz 4 Los 1;17017;RE 7;14:37;Schallstadt;de:08315:6677;6,4;20,9;424,0;530,6;820;79,91%;Fahrplanfahrt (mit Fahrgastzahl);2487,61;5,87
2410492;14.01.2025;Mo-Fr S;18;ddb;Netz 4 Los 1;17017;RE 7;14:42;Bad Krozingen;de:08315:6501;26,2;129,0;321,2;530,6;820;60,53%;Fahrplanfahrt (mit Fahrgastzahl);1915,18;5,96
2410493;14.01.2025;Mo-Fr S;19;ddb;Netz 4 Los 1;17017;RE 7;14:46;Heitersheim;de:08315:6665;9,5;58,1;272,6;530,6;820;51,37%;Fahrplanfahrt (mit Fahrgastzahl);2315,91;8,50
2410494;14.01.2025;Mo-Fr S;20;ddb;Netz 4 Los 1;17017;RE 7;14:51;Müllheim(Baden);de:08315:6522;17,9;91,8;198,7;530,6;410;37,45%;Fahrplanfahrt (mit Fahrgastzahl);1162,43;5,85
2410495;14.01.2025;Mo-Fr S;21;ddb;Netz 4 Los 1;17017;RE 7;14:56;Schliengen;de:08336:6678;4,0;15,3;187,4;530,6;410;35,32%;Fahrplanfahrt (mit Fahrgastzahl);679,37;3,63
2410496;14.01.2025;Mo-Fr S;22;ddb;Netz 4 Los 1;17017;RE 7;14:59;Bad Bellingen;de:08336:6628;6,2;14,5;179,1;530,6;410;33,75%;Fahrplanfahrt (mit Fahrgastzahl);2058,10;11,49
2410497;14.01.2025;Mo-Fr S;23;ddb;Netz 4 Los 1;17017;RE 7;15:10;Efringen-Kirchen;de:08336:6631;7,8;11,4;175,4;530,6;410;33,06%;Fahrplanfahrt (mit Fahrgastzahl);1056,86;6,03
2410498;14.01.2025;Mo-Fr S;24;ddb;Netz 4 Los 1;17017;RE 7;15:15;Haltingen;de:08336:6638;10,0;12,5;172,9;530,6;410;32,59%;Fahrplanfahrt (mit Fahrgastzahl);397,59;2,30
2410499;14.01.2025;Mo-Fr S;25;ddb;Netz 4 Los 1;17017;RE 7;15:19;Weil am Rhein;de:08336:6639;10,6;64,6;118,9;530,6;410;22,41%;Fahrplanfahrt (mit Fahrgastzahl);367,82;3,09
2410500;14.01.2025;Mo-Fr S;26;ddb;Netz 4 Los 1;17017;RE 7;15:23;Basel Bad Bf;ch:23005:6;0,0;118,9;0,0;;;;Fahrplanfahrt (mit Fahrgastzahl);;
2416695;14.01.2025;Mo-Fr S;0;ddb;Netz 4 Los 1;17020;RE 7;13:58;Basel Bad Bf;ch:23005:6;72,0;0,0;72,0;820;410;8,78%;Zählfahrt AFZS;222,77;3,09
2416696;14.01.2025;Mo-Fr S;1;ddb;Netz 4 Los 1;17020;RE 7;14:02;Weil am Rhein;de:08336:6639;50,0;7,0;115,0;820;410;14,02%;Zählfahrt AFZS;3368,70;29,29
2416697;14.01.2025;Mo-Fr S;2;ddb;Netz 4 Los 1;17020;RE 7;14:22;Müllheim(Baden);de:08315:6522;61,0;16,0;160,0;820;410;19,51%;Zählfahrt AFZS;1359,36;8,50
2416698;14.01.2025;Mo-Fr S;3;ddb;Netz 4 Los 1;17020;RE 7;14:27;Heitersheim;de:08315:6665;37,0;10,0;187,0;820;410;22,80%;Zählfahrt AFZS;1115,08;5,96
2416699;14.01.2025;Mo-Fr S;4;ddb;Netz 4 Los 1;17020;RE 7;14:32;Bad Krozingen;de:08315:6501;77,0;20,0;244,0;820;410;29,76%;Zählfahrt AFZS;3548,49;14,54
2416700;14.01.2025;Mo-Fr S;5;ddb;Netz 4 Los 1;17020;RE 7;14:42;Freiburg(Breisgau) Hbf;de:08311:6508;308,0;179,0;373,0;820;820;45,49%;Zählfahrt AFZS;3171,62;8,50
2416701;14.01.2025;Mo-Fr S;6;ddb;Netz 4 Los 1;17020;RE 7;14:48;Denzlingen;de:08316:6505;24,0;33,0;364,0;820;820;44,39%;Zählfahrt AFZS;2604,42;7,16
2416702;14.01.2025;Mo-Fr S;7;ddb;Netz 4 Los 1;17020;RE 7;14:53;Emmendingen;de:08316:90;64,0;115,0;313,0;820;820;38,17%;Zählfahrt AFZS;2135,29;6,82
2416703;14.01.2025;Mo-Fr S;8;ddb;Netz 4 Los 1;17020;RE 7;14:57;Riegel-Malterdingen;de:08316:5290;8,0;33,0;288,0;820;820;35,12%;Zählfahrt AFZS;1407,17;4,89
2416704;14.01.2025;Mo-Fr S;9;ddb;Netz 4 Los 1;17020;RE 7;15:00;Kenzingen;de:08316:6518;12,0;45,0;255,0;820;820;31,10%;Zählfahrt AFZS;836,40;3,28
2416705;14.01.2025;Mo-Fr S;10;ddb;Netz 4 Los 1;17020;RE 7;15:03;Herbolzheim(Breisg);de:08316:6562;16,0;61,0;210,0;820;820;25,61%;Zählfahrt AFZS;2942,94;14,01
2416706;14.01.2025;Mo-Fr S;11;ddb;Netz 4 Los 1;17020;RE 7;15:12;Lahr(Schwarzw);de:08317:12103;68,0;74,0;204,0;820;820;24,88%;Zählfahrt AFZS;3708,11;18,18
2416707;14.01.2025;Mo-Fr S;12;ddb;Netz 4 Los 1;17020;RE 7;15:34;Offenburg;de:08317:14506;92,0;155,0;141,0;410;410;34,39%;Zählfahrt AFZS;1064,13;7,55
2416708;14.01.2025;Mo-Fr S;13;ddb;Netz 4 Los 1;17020;RE 7;15:40;Appenweier;de:08317:14120;14,0;14,0;141,0;410;410;34,39%;Zählfahrt AFZS;883,51;6,27
2416709;14.01.2025;Mo-Fr S;14;ddb;Netz 4 Los 1;17020;RE 7;15:44;Renchen;de:08317:13554;2,0;14,0;129,0;410;410;31,46%;Zählfahrt AFZS;818,25;6,34
2416710;14.01.2025;Mo-Fr S;15;ddb;Netz 4 Los 1;17020;RE 7;15:49;Achern;de:08317:33013;28,0;30,0;127,0;410;410;30,98%;Zählfahrt AFZS;1073,15;8,45
2416711;14.01.2025;Mo-Fr S;16;ddb;Netz 4 Los 1;17020;RE 7;15:54;Bühl(Baden);de:08216:32227;43,0;20,0;150,0;410;410;36,59%;Zählfahrt AFZS;1728,90;11,53
2416712;14.01.2025;Mo-Fr S;17;ddb;Netz 4 Los 1;17020;RE 7;16:01;Baden-Baden;de:08211:1847;46,0;56,0;140,0;410;410;34,15%;Zählfahrt AFZS;1198,12;8,56
2416713;14.01.2025;Mo-Fr S;18;ddb;Netz 4 Los 1;17020;RE 7;16:08;Rastatt;de:08216:1844;26,0;27,0;139,0;410;410;33,90%;Zählfahrt AFZS;2887,59;20,77
2416714;14.01.2025;Mo-Fr S;19;ddb;Netz 4 Los 1;17020;RE 7;16:21;Karlsruhe Hbf;de:08212:90;0,0;139,0;0,0;0;;;Zählfahrt AFZS;;
2419198;14.01.2025;Mo-Fr S;0;ddb;Netz 4 Los 1;17022;RE 7;14:27;Basel Bad Bf;ch:23005:6;47,0;0,0;47,0;410;410;11,46%;Zählfahrt AFZS;145,42;3,09
2419199;14.01.2025;Mo-Fr S;1;ddb;Netz 4 Los 1;17022;RE 7;14:32;Weil am Rhein;de:08336:6639;22,0;7,0;62,0;410;410;15,12%;Zählfahrt AFZS;142,54;2,30
2419200;14.01.2025;Mo-Fr S;2;ddb;Netz 4 Los 1;17022;RE 7;14:35;Haltingen;de:08336:6638;4,0;8,0;58,0;410;410;14,15%;Zählfahrt AFZS;349,45;6,03
2419201;14.01.2025;Mo-Fr S;3;ddb;Netz 4 Los 1;17022;RE 7;14:41;Efringen-Kirchen;de:08336:6631;9,0;4,0;63,0;410;410;15,37%;Zählfahrt AFZS;724,12;11,49
2419202;14.01.2025;Mo-Fr S;4;ddb;Netz 4 Los 1;17022;RE 7;14:51;Bad Bellingen;de:08336:6628;3,0;0,0;66,0;410;410;16,10%;Zählfahrt AFZS;239,25;3,63
2419203;14.01.2025;Mo-Fr S;5;ddb;Netz 4 Los 1;17022;RE 7;14:54;Schliengen;de:08336:6678;5,0;7,0;64,0;410;410;15,61%;Zählfahrt AFZS;219,01;3,42
2419204;14.01.2025;Mo-Fr S;6;ddb;Netz 4 Los 1;17022;RE 7;14:58;Auggen;de:08315:6642;9,0;1,0;72,0;410;410;17,56%;Zählfahrt AFZS;174,82;2,43
2419205;14.01.2025;Mo-Fr S;7;ddb;Netz 4 Los 1;17022;RE 7;15:01;Müllheim(Baden);de:08315:6522;56,0;12,0;116,0;410;410;28,29%;Zählfahrt AFZS;633,59;5,46
2419206;14.01.2025;Mo-Fr S;8;ddb;Netz 4 Los 1;17022;RE 7;15:05;Buggingen;de:08315:6644;19,0;7,0;128,0;410;410;31,22%;Zählfahrt AFZS;388,35;3,03
2419207;14.01.2025;Mo-Fr S;9;ddb;Netz 4 Los 1;17022;RE 7;15:08;Heitersheim;de:08315:6665;73,0;7,0;194,0;410;410;47,32%;Zählfahrt AFZS;1156,82;5,96
2419208;14.01.2025;Mo-Fr S;10;ddb;Netz 4 Los 1;17022;RE 7;15:13;Bad Krozingen;de:08315:6501;89,0;29,0;254,0;410;410;61,95%;Zählfahrt AFZS;1490,22;5,87
2419209;14.01.2025;Mo-Fr S;11;ddb;Netz 4 Los 1;17022;RE 7;15:17;Schallstadt;de:08315:6677;12,0;9,0;257,0;410;410;62,68%;Zählfahrt AFZS;2229,73;8,68
2419210;14.01.2025;Mo-Fr S;12;ddb;Netz 4 Los 1;17022;RE 7;15:27;Freiburg(Breisgau) Hbf;de:08311:6508;477,0;222,0;512,0;410;820;124,88%;Zählfahrt AFZS;4353,54;8,50
2419211;14.01.2025;Mo-Fr S;13;ddb;Netz 4 Los 1;17022;RE 7;15:33;Denzlingen;de:08316:6505;30,0;91,0;451,0;410;820;110,00%;Zählfahrt AFZS;3226,90;7,16
2419212;14.01.2025;Mo-Fr S;14;ddb;Netz 4 Los 1;17022;RE 7;15:38;Emmendingen;de:08316:90;77,0;138,0;390,0;410;820;95,12%;Zählfahrt AFZS;2660,58;6,82
2419213;14.01.2025;Mo-Fr S;15;ddb;Netz 4 Los 1;17022;RE 7;15:43;Riegel-Malterdingen;de:08316:5290;7,0;75,0;322,0;410;820;78,54%;Zählfahrt AFZS;1573,29;4,89
2419214;14.01.2025;Mo-Fr S;16;ddb;Netz 4 Los 1;17022;RE 7;15:46;Kenzingen;de:08316:6518;9,0;70,0;261,0;410;820;63,66%;Zählfahrt AFZS;856,08;3,28
2419215;14.01.2025;Mo-Fr S;17;ddb;Netz 4 Los 1;17022;RE 7;15:50;Herbolzheim(Breisg);de:08316:6562;9,0;64,0;206,0;410;820;50,24%;Zählfahrt AFZS;599,05;2,91
2419216;14.01.2025;Mo-Fr S;18;ddb;Netz 4 Los 1;17022;RE 7;15:53;Ringsheim;de:08317:16700;4,0;19,0;191,0;410;820;46,59%;Zählfahrt AFZS;573,19;3,00
2419217;14.01.2025;Mo-Fr S;19;ddb;Netz 4 Los 1;17022;RE 7;15:56;Orschweier;de:08317:18601;14,0;39,0;166,0;410;820;40,49%;Zählfahrt AFZS;1345,43;8,11
2419218;14.01.2025;Mo-Fr S;20;ddb;Netz 4 Los 1;17022;RE 7;16:02;Lahr(Schwarzw);de:08317:12103;62,0;52,0;176,0;410;820;42,93%;Zählfahrt AFZS;3199,15;18,18
2419219;14.01.2025;Mo-Fr S;21;ddb;Netz 4 Los 1;17022;RE 7;16:34;Offenburg;de:08317:14506;139,0;135,0;180,0;410;410;43,90%;Zählfahrt AFZS;1358,46;7,55
2419220;14.01.2025;Mo-Fr S;22;ddb;Netz 4 Los 1;17022;RE 7;16:39;Appenweier;de:08317:14120;6,0;16,0;170,0;410;410;41,46%;Zählfahrt AFZS;1065,22;6,27
2419221;14.01.2025;Mo-Fr S;23;ddb;Netz 4 Los 1;17022;RE 7;16:44;Renchen;de:08317:13554;0,0;25,0;145,0;410;410;35,37%;Zählfahrt AFZS;919,74;6,34
2419222;14.01.2025;Mo-Fr S;24;ddb;Netz 4 Los 1;17022;RE 7;16:49;Achern;de:08317:33013;28,0;39,0;134,0;410;410;32,68%;Zählfahrt AFZS;1132,30;8,45
2419223;14.01.2025;Mo-Fr S;25;ddb;Netz 4 Los 1;17022;RE 7;16:54;Bühl(Baden);de:08216:32227;58,0;41,0;151,0;410;410;36,83%;Zählfahrt AFZS;1740,43;11,53
2419224;14.01.2025;Mo-Fr S;26;ddb;Netz 4 Los 1;17022;RE 7;17:01;Baden-Baden;de:08211:1847;59,0;39,0;171,0;410;410;41,71%;Zählfahrt AFZS;1463,42;8,56
2419225;14.01.2025;Mo-Fr S;27;ddb;Netz 4 Los 1;17022;RE 7;17:08;Rastatt;de:08216:1844;33,0;29,0;175,0;410;410;42,68%;Zählfahrt AFZS;3635,45;20,77
2419226;14.01.2025;Mo-Fr S;28;ddb;Netz 4 Los 1;17022;RE 7;17:21;Karlsruhe Hbf;de:08212:90;0,0;175,0;0,0;0;;;Zählfahrt AFZS;;
2419970;14.01.2025;Mo-Fr S;0;ddb;Netz 4 Los 1;5337;RE 7;14:35;Offenburg;de:08317:14506;127,0;0,0;127,0;410;410;30,98%;Zählfahrt AFZS;2308,48;18,18
2419971;14.01.2025;Mo-Fr S;1;ddb;Netz 4 Los 1;5337;RE 7;14:45;Lahr(Schwarzw);de:08317:12103;46,0;40,0;133,0;410;410;32,44%;Zählfahrt AFZS;1863,86;14,01
2419972;14.01.2025;Mo-Fr S;2;ddb;Netz 4 Los 1;5337;RE 7;14:52;Herbolzheim(Breisg);de:08316:6562;32,0;23,0;142,0;410;410;34,63%;Zählfahrt AFZS;465,76;3,28
2419973;14.01.2025;Mo-Fr S;3;ddb;Netz 4 Los 1;5337;RE 7;14:55;Kenzingen;de:08316:6518;9,0;6,0;145,0;410;410;35,37%;Zählfahrt AFZS;708,47;4,89
2419974;14.01.2025;Mo-Fr S;4;ddb;Netz 4 Los 1;5337;RE 7;14:59;Riegel-Malterdingen;de:08316:5290;13,0;10,0;148,0;410;410;36,10%;Zählfahrt AFZS;1009,66;6,82
2419975;14.01.2025;Mo-Fr S;5;ddb;Netz 4 Los 1;5337;RE 7;15:04;Emmendingen;de:08316:90;104,0;24,0;228,0;410;410;55,61%;Zählfahrt AFZS;1631,34;7,16
2419976;14.01.2025;Mo-Fr S;6;ddb;Netz 4 Los 1;5337;RE 7;15:09;Denzlingen;de:08316:6505;26,0;28,0;226,0;410;410;55,12%;Zählfahrt AFZS;1921,68;8,50
2419977;14.01.2025;Mo-Fr S;7;ddb;Netz 4 Los 1;5337;RE 7;15:18;Freiburg(Breisgau) Hbf;de:08311:6508;439,0;173,0;492,0;410;820;120,00%;Zählfahrt AFZS;7155,65;14,54
2419978;14.01.2025;Mo-Fr S;8;ddb;Netz 4 Los 1;5337;RE 7;15:27;Bad Krozingen;de:08315:6501;38,0;202,0;328,0;410;820;80,00%;Zählfahrt AFZS;1955,86;5,96
2419979;14.01.2025;Mo-Fr S;9;ddb;Netz 4 Los 1;5337;RE 7;15:31;Heitersheim;de:08315:6665;17,0;73,0;272,0;410;820;66,34%;Zählfahrt AFZS;2310,91;8,50
2419980;14.01.2025;Mo-Fr S;10;ddb;Netz 4 Los 1;5337;RE 7;15:37;Müllheim(Baden);de:08315:6522;11,0;113,0;170,0;410;410;41,46%;Zählfahrt AFZS;4979,81;29,29
2419981;14.01.2025;Mo-Fr S;11;ddb;Netz 4 Los 1;5337;RE 7;15:57;Weil am Rhein;de:08336:6639;11,0;64,0;117,0;410;410;28,54%;Zählfahrt AFZS;362,00;3,09
2419982;14.01.2025;Mo-Fr S;12;ddb;Netz 4 Los 1;5337;RE 7;16:12;Basel Bad Bf;ch:23005:6;9,0;107,0;19,0;410;410;4,63%;Zählfahrt AFZS;;
2419983;14.01.2025;Mo-Fr S;13;ddb;Netz 4 Los 1;5337;RE 7;16:19;Basel SBB;ch:23005:300;0,0;19,0;0,0;0;;;Zählfahrt AFZS;;
2420377;14.01.2025;Mo-Fr S;0;ddb;Netz 4 Los 1;17019;RE 7;14:39;Karlsruhe Hbf;de:08212:90;243,0;0,0;243,0;422,8;410;57,46%;Fahrplanfahrt (mit Fahrgastzahl);5047,43;20,77
2420378;14.01.2025;Mo-Fr S;1;ddb;Netz 4 Los 1;17019;RE 7;14:52;Rastatt;de:08216:1844;56,1;26,7;272,3;422,8;410;64,41%;Fahrplanfahrt (mit Fahrgastzahl);2330,45;8,56
2420379;14.01.2025;Mo-Fr S;2;ddb;Netz 4 Los 1;17019;RE 7;14:59;Baden-Baden;de:08211:1847;27,2;64,6;234,9;422,8;410;55,56%;Fahrplanfahrt (mit Fahrgastzahl);2707,53;11,53
2420380;14.01.2025;Mo-Fr S;3;ddb;Netz 4 Los 1;17019;RE 7;15:05;Bühl(Baden);de:08216:32227;23,8;46,7;212,0;422,8;410;50,14%;Fahrplanfahrt (mit Fahrgastzahl);1791,40;8,45
2420381;14.01.2025;Mo-Fr S;4;ddb;Netz 4 Los 1;17019;RE 7;15:11;Achern;de:08317:33013;29,2;31,0;210,2;422,8;410;49,71%;Fahrplanfahrt (mit Fahrgastzahl);1333,22;6,34
2420382;14.01.2025;Mo-Fr S;5;ddb;Netz 4 Los 1;17019;RE 7;15:16;Renchen;de:08317:13554;4,5;6,9;207,8;422,8;410;49,15%;Fahrplanfahrt (mit Fahrgastzahl);1302,15;6,27
2420383;14.01.2025;Mo-Fr S;6;ddb;Netz 4 Los 1;17019;RE 7;15:21;Appenweier;de:08317:14120;5,8;18,0;195,6;422,8;410;46,25%;Fahrplanfahrt (mit Fahrgastzahl);1475,91;7,55
2420384;14.01.2025;Mo-Fr S;7;ddb;Netz 4 Los 1;17019;RE 7;15:47;Offenburg;de:08317:14506;191,0;75,0;311,6;499,7;820;62,36%;Fahrplanfahrt (mit Fahrgastzahl);5663,84;18,18
2420385;14.01.2025;Mo-Fr S;8;ddb;Netz 4 Los 1;17019;RE 7;15:57;Lahr(Schwarzw);de:08317:12103;59,2;71,3;299,5;499,7;820;59,94%;Fahrplanfahrt (mit Fahrgastzahl);2427,45;8,11
2420386;14.01.2025;Mo-Fr S;9;ddb;Netz 4 Los 1;17019;RE 7;16:02;Orschweier;de:08317:18601;24,6;27,1;297,0;499,7;820;59,43%;Fahrplanfahrt (mit Fahrgastzahl);891,20;3,00
2420387;14.01.2025;Mo-Fr S;10;ddb;Netz 4 Los 1;17019;RE 7;16:05;Ringsheim;de:08317:16700;15,9;18,9;293,9;499,7;820;58,82%;Fahrplanfahrt (mit Fahrgastzahl);854,68;2,91
2420388;14.01.2025;Mo-Fr S;11;ddb;Netz 4 Los 1;17019;RE 7;16:08;Herbolzheim(Breisg);de:08316:6562;39,0;16,6;316,3;499,7;820;63,30%;Fahrplanfahrt (mit Fahrgastzahl);1037,51;3,28
2420389;14.01.2025;Mo-Fr S;12;ddb;Netz 4 Los 1;17019;RE 7;16:11;Kenzingen;de:08316:6518;27,6;24,5;319,4;499,7;820;63,92%;Fahrplanfahrt (mit Fahrgastzahl);1560,62;4,89
2420390;14.01.2025;Mo-Fr S;13;ddb;Netz 4 Los 1;17019;RE 7;16:15;Riegel-Malterdingen;de:08316:5290;53,7;33,2;340,0;499,7;820;68,04%;Fahrplanfahrt (mit Fahrgastzahl);2319,27;6,82
2420391;14.01.2025;Mo-Fr S;14;ddb;Netz 4 Los 1;17019;RE 7;16:20;Emmendingen;de:08316:90;163,6;49,6;454,0;499,7;820;90,86%;Fahrplanfahrt (mit Fahrgastzahl);3248,37;7,16
2420392;14.01.2025;Mo-Fr S;15;ddb;Netz 4 Los 1;17019;RE 7;16:24;Denzlingen;de:08316:6505;33,0;53,1;433,9;499,7;820;86,83%;Fahrplanfahrt (mit Fahrgastzahl);3689,24;8,50
2420393;14.01.2025;Mo-Fr S;16;ddb;Netz 4 Los 1;17019;RE 7;16:32;Freiburg(Breisgau) Hbf;de:08311:6508;389,1;323,7;499,3;512,5;820;97,42%;Fahrplanfahrt (mit Fahrgastzahl);4332,26;8,68
2420394;14.01.2025;Mo-Fr S;17;ddb;Netz 4 Los 1;17019;RE 7;16:37;Schallstadt;de:08315:6677;8,9;24,8;483,4;512,5;820;94,32%;Fahrplanfahrt (mit Fahrgastzahl);2835,96;5,87
2420395;14.01.2025;Mo-Fr S;18;ddb;Netz 4 Los 1;17019;RE 7;16:42;Bad Krozingen;de:08315:6501;32,7;130,7;385,3;512,5;820;75,19%;Fahrplanfahrt (mit Fahrgastzahl);2297,80;5,96
2420396;14.01.2025;Mo-Fr S;19;ddb;Netz 4 Los 1;17019;RE 7;16:46;Heitersheim;de:08315:6665;13,3;65,2;333,5;512,5;820;65,07%;Fahrplanfahrt (mit Fahrgastzahl);2833,42;8,50
2420397;14.01.2025;Mo-Fr S;20;ddb;Netz 4 Los 1;17019;RE 7;16:51;Müllheim(Baden);de:08315:6522;33,9;93,7;273,8;512,5;410;53,41%;Fahrplanfahrt (mit Fahrgastzahl);1601,44;5,85
2420398;14.01.2025;Mo-Fr S;21;ddb;Netz 4 Los 1;17019;RE 7;16:56;Schliengen;de:08336:6678;4,6;31,5;246,8;512,5;410;48,16%;Fahrplanfahrt (mit Fahrgastzahl);894,81;3,63
2420399;14.01.2025;Mo-Fr S;22;ddb;Netz 4 Los 1;17019;RE 7;16:59;Bad Bellingen;de:08336:6628;7,3;27,1;227,0;512,5;410;44,30%;Fahrplanfahrt (mit Fahrgastzahl);2609,50;11,49
2420400;14.01.2025;Mo-Fr S;23;ddb;Netz 4 Los 1;17019;RE 7;17:10;Efringen-Kirchen;de:08336:6631;12,5;23,1;216,5;512,5;410;42,24%;Fahrplanfahrt (mit Fahrgastzahl);1304,22;6,03
2420401;14.01.2025;Mo-Fr S;24;ddb;Netz 4 Los 1;17019;RE 7;17:15;Haltingen;de:08336:6638;8,5;17,2;207,7;512,5;410;40,53%;Fahrplanfahrt (mit Fahrgastzahl);477,55;2,30
2420402;14.01.2025;Mo-Fr S;25;ddb;Netz 4 Los 1;17019;RE 7;17:19;Weil am Rhein;de:08336:6639;9,7;89,7;127,7;512,5;410;24,92%;Fahrplanfahrt (mit Fahrgastzahl);395,16;3,09
2420403;14.01.2025;Mo-Fr S;26;ddb;Netz 4 Los 1;17019;RE 7;17:23;Basel Bad Bf;ch:23005:6;0,0;127,7;0,0;;;;Fahrplanfahrt (mit Fahrgastzahl);;
2425135;14.01.2025;Mo-Fr S;0;ddb;Netz 4 Los 1;5339;RE 7;15:39;Karlsruhe Hbf;de:08212:90;309,6;0,0;309,6;697,0;820;44,42%;Fahrplanfahrt (mit Fahrgastzahl);6431,63;20,77
2425136;14.01.2025;Mo-Fr S;1;ddb;Netz 4 Los 1;5339;RE 7;15:52;Rastatt;de:08216:1844;70,7;39,2;341,0;697,0;820;48,92%;Fahrplanfahrt (mit Fahrgastzahl);2918,28;8,56
2425137;14.01.2025;Mo-Fr S;2;ddb;Netz 4 Los 1;5339;RE 7;16:00;Baden-Baden;de:08211:1847;49,2;74,1;316,1;697,0;820;45,36%;Fahrplanfahrt (mit Fahrgastzahl);3643,94;11,53
2425138;14.01.2025;Mo-Fr S;3;ddb;Netz 4 Los 1;5339;RE 7;16:07;Bühl(Baden);de:08216:32227;25,4;64,0;277,5;697,0;820;39,82%;Fahrplanfahrt (mit Fahrgastzahl);2345,30;8,45
2425139;14.01.2025;Mo-Fr S;4;ddb;Netz 4 Los 1;5339;RE 7;16:12;Achern;de:08317:33013;32,9;40,2;270,3;697,0;820;38,78%;Fahrplanfahrt (mit Fahrgastzahl);1714,51;6,34
2425140;14.01.2025;Mo-Fr S;5;ddb;Netz 4 Los 1;5339;RE 7;16:16;Renchen;de:08317:13554;6,2;12,2;264,3;697,0;820;37,92%;Fahrplanfahrt (mit Fahrgastzahl);1656,10;6,27
2425141;14.01.2025;Mo-Fr S;6;ddb;Netz 4 Los 1;5339;RE 7;16:21;Appenweier;de:08317:14120;16,2;33,6;246,9;697,0;820;35,43%;Fahrplanfahrt (mit Fahrgastzahl);1863,73;7,55
2425142;14.01.2025;Mo-Fr S;7;ddb;Netz 4 Los 1;5339;RE 7;16:35;Offenburg;de:08317:14506;167,9;102,8;312,1;697,0;410;44,78%;Fahrplanfahrt (mit Fahrgastzahl);5673,04;18,18
2425143;14.01.2025;Mo-Fr S;8;ddb;Netz 4 Los 1;5339;RE 7;16:45;Lahr(Schwarzw);de:08317:12103;53,2;76,9;288,4;697,0;410;41,38%;Fahrplanfahrt (mit Fahrgastzahl);4041,64;14,01
2425144;14.01.2025;Mo-Fr S;9;ddb;Netz 4 Los 1;5339;RE 7;16:52;Herbolzheim(Breisg);de:08316:6562;42,8;24,1;307,0;697,0;410;44,05%;Fahrplanfahrt (mit Fahrgastzahl);1007,12;3,28
2425145;14.01.2025;Mo-Fr S;10;ddb;Netz 4 Los 1;5339;RE 7;16:55;Kenzingen;de:08316:6518;25,4;18,7;313,8;697,0;410;45,01%;Fahrplanfahrt (mit Fahrgastzahl);1532,98;4,89
2425146;14.01.2025;Mo-Fr S;11;ddb;Netz 4 Los 1;5339;RE 7;16:59;Riegel-Malterdingen;de:08316:5290;30,1;17,2;326,7;697,0;410;46,87%;Fahrplanfahrt (mit Fahrgastzahl);2228,75;6,82
2425147;14.01.2025;Mo-Fr S;12;ddb;Netz 4 Los 1;5339;RE 7;17:04;Emmendingen;de:08316:90;115,4;37,5;404,6;697,0;820;58,06%;Fahrplanfahrt (mit Fahrgastzahl);2895,27;7,16
2425148;14.01.2025;Mo-Fr S;13;ddb;Netz 4 Los 1;5339;RE 7;17:09;Denzlingen;de:08316:6505;43,0;51,8;395,8;697,0;820;56,78%;Fahrplanfahrt (mit Fahrgastzahl);3365,06;8,50
2425149;14.01.2025;Mo-Fr S;14;ddb;Netz 4 Los 1;5339;RE 7;17:18;Freiburg(Breisgau) Hbf;de:08311:6508;355,3;307,9;443,2;697,0;820;63,59%;Fahrplanfahrt (mit Fahrgastzahl);6445,90;14,54
2425150;14.01.2025;Mo-Fr S;15;ddb;Netz 4 Los 1;5339;RE 7;17:27;Bad Krozingen;de:08315:6501;20,5;131,8;331,9;697,0;820;47,62%;Fahrplanfahrt (mit Fahrgastzahl);1979,12;5,96
2425151;14.01.2025;Mo-Fr S;16;ddb;Netz 4 Los 1;5339;RE 7;17:31;Heitersheim;de:08315:6665;4,8;59,8;276,9;697,0;820;39,72%;Fahrplanfahrt (mit Fahrgastzahl);2352,12;8,50
2425152;14.01.2025;Mo-Fr S;17;ddb;Netz 4 Los 1;5339;RE 7;17:37;Müllheim(Baden);de:08315:6522;14,6;95,2;196,3;697,0;410;28,16%;Fahrplanfahrt (mit Fahrgastzahl);5750,22;29,29
2425153;14.01.2025;Mo-Fr S;18;ddb;Netz 4 Los 1;5339;RE 7;17:57;Weil am Rhein;de:08336:6639;7,3;73,8;129,9;697,0;410;18,64%;Fahrplanfahrt (mit Fahrgastzahl);401,91;3,09
2425154;14.01.2025;Mo-Fr S;19;ddb;Netz 4 Los 1;5339;RE 7;18:12;Basel Bad Bf;ch:23005:6;8,0;93,7;44,2;697,0;410;6,34%;Fahrplanfahrt (mit Fahrgastzahl);;
2425155;14.01.2025;Mo-Fr S;20;ddb;Netz 4 Los 1;5339;RE 7;18:19;Basel SBB;ch:23005:300;0,0;44,2;0,0;;;;Fahrplanfahrt (mit Fahrgastzahl);;
2426394;14.01.2025;Mo-Fr S;0;ddb;Netz 4 Los 1;17024;RE 7;15:58;Basel Bad Bf;ch:23005:6;180,9;0,0;180,9;523,9;410;34,53%;Fahrplanfahrt (mit Fahrgastzahl);559,67;3,09
2426395;14.01.2025;Mo-Fr S;1;ddb;Netz 4 Los 1;17024;RE 7;16:03;Weil am Rhein;de:08336:6639;82,7;12,9;250,6;523,9;410;47,84%;Fahrplanfahrt (mit Fahrgastzahl);7341,15;29,29
2426396;14.01.2025;Mo-Fr S;2;ddb;Netz 4 Los 1;17024;RE 7;16:22;Müllheim(Baden);de:08315:6522;94,3;29,7;315,3;523,9;820;60,18%;Fahrplanfahrt (mit Fahrgastzahl);2678,60;8,50
2426397;14.01.2025;Mo-Fr S;3;ddb;Netz 4 Los 1;17024;RE 7;16:27;Heitersheim;de:08315:6665;68,8;24,2;359,8;523,9;820;68,69%;Fahrplanfahrt (mit Fahrgastzahl);2145,69;5,96
2426398;14.01.2025;Mo-Fr S;4;ddb;Netz 4 Los 1;17024;RE 7;16:32;Bad Krozingen;de:08315:6501;114,8;52,1;422,6;523,9;820;80,66%;Fahrplanfahrt (mit Fahrgastzahl);6145,23;14,54
2426399;14.01.2025;Mo-Fr S;5;ddb;Netz 4 Los 1;17024;RE 7;16:42;Freiburg(Breisgau) Hbf;de:08311:6508;536,0;305,2;653,3;523,9;820;124,71%;Fahrplanfahrt (mit Fahrgastzahl);5555,29;8,50
2426400;14.01.2025;Mo-Fr S;6;ddb;Netz 4 Los 1;17024;RE 7;16:48;Denzlingen;de:08316:6505;49,2;55,4;647,2;523,9;820;123,53%;Fahrplanfahrt (mit Fahrgastzahl);4630,48;7,16
2426401;14.01.2025;Mo-Fr S;7;ddb;Netz 4 Los 1;17024;RE 7;16:53;Emmendingen;de:08316:90;63,5;176,2;534,5;523,9;820;102,03%;Fahrplanfahrt (mit Fahrgastzahl);3646,36;6,82
2426402;14.01.2025;Mo-Fr S;8;ddb;Netz 4 Los 1;17024;RE 7;16:57;Riegel-Malterdingen;de:08316:5290;14,5;62,8;486,2;523,9;820;92,81%;Fahrplanfahrt (mit Fahrgastzahl);2375,68;4,89
2426403;14.01.2025;Mo-Fr S;9;ddb;Netz 4 Los 1;17024;RE 7;17:01;Kenzingen;de:08316:6518;10,9;85,1;412,0;523,9;820;78,64%;Fahrplanfahrt (mit Fahrgastzahl);1351,36;3,28
2426404;14.01.2025;Mo-Fr S;10;ddb;Netz 4 Los 1;17024;RE 7;17:04;Herbolzheim(Breisg);de:08316:6562;14,4;101,9;324,5;523,9;820;61,94%;Fahrplanfahrt (mit Fahrgastzahl);4547,54;14,01
2426405;14.01.2025;Mo-Fr S;11;ddb;Netz 4 Los 1;17024;RE 7;17:11;Lahr(Schwarzw);de:08317:12103;43,0;90,6;276,9;523,9;820;52,86%;Fahrplanfahrt (mit Fahrgastzahl);5034,02;18,18
2426406;14.01.2025;Mo-Fr S;12;ddb;Netz 4 Los 1;17024;RE 7;17:34;Offenburg;de:08317:14506;115,1;152,8;239,2;410,0;410;58,35%;Fahrplanfahrt (mit Fahrgastzahl);1805,41;7,55
2426407;14.01.2025;Mo-Fr S;13;ddb;Netz 4 Los 1;17024;RE 7;17:40;Appenweier;de:08317:14120;21,6;12,3;248,4;410,0;410;60,60%;Fahrplanfahrt (mit Fahrgastzahl);1556,75;6,27
2426408;14.01.2025;Mo-Fr S;14;ddb;Netz 4 Los 1;17024;RE 7;17:44;Renchen;de:08317:13554;5,0;10,6;242,9;410,0;410;59,24%;Fahrplanfahrt (mit Fahrgastzahl);1540,64;6,34
2426409;14.01.2025;Mo-Fr S;15;ddb;Netz 4 Los 1;17024;RE 7;17:49;Achern;de:08317:33013;13,7;41,8;214,8;410,0;410;52,38%;Fahrplanfahrt (mit Fahrgastzahl);1814,87;8,45
2426410;14.01.2025;Mo-Fr S;16;ddb;Netz 4 Los 1;17024;RE 7;17:54;Bühl(Baden);de:08216:32227;27,3;19,7;222,4;410,0;410;54,24%;Fahrplanfahrt (mit Fahrgastzahl);2563,25;11,53
2426411;14.01.2025;Mo-Fr S;17;ddb;Netz 4 Los 1;17024;RE 7;18:01;Baden-Baden;de:08211:1847;45,9;37,6;230,7;410,0;410;56,27%;Fahrplanfahrt (mit Fahrgastzahl);1974,52;8,56
2426412;14.01.2025;Mo-Fr S;18;ddb;Netz 4 Los 1;17024;RE 7;18:08;Rastatt;de:08216:1844;14,3;28,8;216,2;410,0;410;52,74%;Fahrplanfahrt (mit Fahrgastzahl);4491,80;20,77
2426413;14.01.2025;Mo-Fr S;19;ddb;Netz 4 Los 1;17024;RE 7;18:21;Karlsruhe Hbf;de:08212:90;0,0;216,2;0,0;;;;Fahrplanfahrt (mit Fahrgastzahl);;
2429208;14.01.2025;Mo-Fr S;0;ddb;Netz 4 Los 1;5334;RE 7;16:28;Basel SBB;ch:23005:300;116,0;0,0;116,0;410;;28,29%;Zählfahrt AFZS;;
2429209;14.01.2025;Mo-Fr S;1;ddb;Netz 4 Los 1;5334;RE 7;16:38;Basel Bad Bf;ch:23005:6;142,0;5,0;253,0;410;410;61,71%;Zählfahrt AFZS;782,78;3,09
2429210;14.01.2025;Mo-Fr S;2;ddb;Netz 4 Los 1;5334;RE 7;16:41;Weil am Rhein;de:08336:6639;106,0;12,0;347,0;410;410;84,63%;Zählfahrt AFZS;797,75;2,30
2429211;14.01.2025;Mo-Fr S;3;ddb;Netz 4 Los 1;5334;RE 7;16:44;Haltingen;de:08336:6638;6,0;25,0;328,0;410;410;80,00%;Zählfahrt AFZS;1976,20;6,03
2429212;14.01.2025;Mo-Fr S;4;ddb;Netz 4 Los 1;5334;RE 7;16:49;Efringen-Kirchen;de:08336:6631;4,0;36,0;296,0;410;410;72,20%;Zählfahrt AFZS;3402,22;11,49
2429213;14.01.2025;Mo-Fr S;5;ddb;Netz 4 Los 1;5334;RE 7;16:58;Bad Bellingen;de:08336:6628;2,0;11,0;287,0;410;410;70,00%;Zählfahrt AFZS;1040,38;3,63
2429214;14.01.2025;Mo-Fr S;6;ddb;Netz 4 Los 1;5334;RE 7;17:01;Schliengen;de:08336:6678;5,0;16,0;276,0;410;410;67,32%;Zählfahrt AFZS;1614,60;5,85
2429215;14.01.2025;Mo-Fr S;7;ddb;Netz 4 Los 1;5334;RE 7;17:07;Müllheim(Baden);de:08315:6522;46,0;46,0;276,0;410;820;67,32%;Zählfahrt AFZS;2344,90;8,50
2429216;14.01.2025;Mo-Fr S;8;ddb;Netz 4 Los 1;5334;RE 7;17:12;Heitersheim;de:08315:6665;15,0;19,0;272,0;410;820;66,34%;Zählfahrt AFZS;1621,94;5,96
2429217;14.01.2025;Mo-Fr S;9;ddb;Netz 4 Los 1;5334;RE 7;17:17;Bad Krozingen;de:08315:6501;49,0;43,0;278,0;410;820;67,80%;Zählfahrt AFZS;1631,03;5,87
2429218;14.01.2025;Mo-Fr S;10;ddb;Netz 4 Los 1;5334;RE 7;17:21;Schallstadt;de:08315:6677;6,0;23,0;261,0;410;820;63,66%;Zählfahrt AFZS;2264,44;8,68
2429219;14.01.2025;Mo-Fr S;11;ddb;Netz 4 Los 1;5334;RE 7;17:29;Freiburg(Breisgau) Hbf;de:08311:6508;407,0;162,0;506,0;410;820;123,41%;Zählfahrt AFZS;4302,52;8,50
2429220;14.01.2025;Mo-Fr S;12;ddb;Netz 4 Los 1;5334;RE 7;17:34;Denzlingen;de:08316:6505;33,0;98,0;441,0;410;820;107,56%;Zählfahrt AFZS;3155,36;7,16
2429221;14.01.2025;Mo-Fr S;13;ddb;Netz 4 Los 1;5334;RE 7;17:40;Emmendingen;de:08316:90;48,0;112,0;377,0;410;820;91,95%;Zählfahrt AFZS;2571,89;6,82
2429222;14.01.2025;Mo-Fr S;14;ddb;Netz 4 Los 1;5334;RE 7;17:44;Riegel-Malterdingen;de:08316:5290;8,0;87,0;298,0;410;820;72,68%;Zählfahrt AFZS;1456,03;4,89
2429223;14.01.2025;Mo-Fr S;15;ddb;Netz 4 Los 1;5334;RE 7;17:48;Kenzingen;de:08316:6518;6,0;81,0;223,0;410;820;54,39%;Zählfahrt AFZS;731,44;3,28
2429224;14.01.2025;Mo-Fr S;16;ddb;Netz 4 Los 1;5334;RE 7;17:52;Herbolzheim(Breisg);de:08316:6562;6,0;70,0;159,0;410;820;38,78%;Zählfahrt AFZS;462,37;2,91
2429225;14.01.2025;Mo-Fr S;17;ddb;Netz 4 Los 1;5334;RE 7;17:55;Ringsheim;de:08317:16700;3,0;10,0;152,0;410;820;37,07%;Zählfahrt AFZS;456,15;3,00
2429226;14.01.2025;Mo-Fr S;18;ddb;Netz 4 Los 1;5334;RE 7;17:58;Orschweier;de:08317:18601;1,0;39,0;114,0;410;820;27,80%;Zählfahrt AFZS;923,97;8,11
2429227;14.01.2025;Mo-Fr S;19;ddb;Netz 4 Los 1;5334;RE 7;18:03;Lahr(Schwarzw);de:08317:12103;24,0;44,0;94,0;410;820;22,93%;Zählfahrt AFZS;1708,64;18,18
2429228;14.01.2025;Mo-Fr S;20;ddb;Netz 4 Los 1;5334;RE 7;18:14;Offenburg;de:08317:14506;0,0;94,0;0,0;0;;;Zählfahrt AFZS;;
2430419;14.01.2025;Mo-Fr S;0;ddb;Netz 4 Los 1;17021;RE 7;16:39;Karlsruhe Hbf;de:08212:90;357,0;0,0;357,0;410;820;87,07%;Zählfahrt AFZS;7416,32;20,77
2430420;14.01.2025;Mo-Fr S;1;ddb;Netz 4 Los 1;17021;RE 7;16:52;Rastatt;de:08216:1844;117,0;56,0;418,0;410;820;101,95%;Zählfahrt AFZS;3577,24;8,56
2430421;14.01.2025;Mo-Fr S;2;ddb;Netz 4 Los 1;17021;RE 7;16:59;Baden-Baden;de:08211:1847;61,0;108,0;371,0;410;820;90,49%;Zählfahrt AFZS;4276,15;11,53
2430422;14.01.2025;Mo-Fr S;3;ddb;Netz 4 Los 1;17021;RE 7;17:05;Bühl(Baden);de:08216:32227;26,0;150,0;247,0;410;820;60,24%;Zählfahrt AFZS;2087,15;8,45
2430423;14.01.2025;Mo-Fr S;4;ddb;Netz 4 Los 1;17021;RE 7;17:11;Achern;de:08317:33013;31,0;59,0;219,0;410;820;53,41%;Zählfahrt AFZS;1389,12;6,34
2430424;14.01.2025;Mo-Fr S;5;ddb;Netz 4 Los 1;17021;RE 7;17:16;Renchen;de:08317:13554;9,0;16,0;212,0;410;820;51,71%;Zählfahrt AFZS;1328,39;6,27
2430425;14.01.2025;Mo-Fr S;6;ddb;Netz 4 Los 1;17021;RE 7;17:21;Appenweier;de:08317:14120;10,0;49,0;173,0;410;820;42,20%;Zählfahrt AFZS;1305,63;7,55
2430426;14.01.2025;Mo-Fr S;7;ddb;Netz 4 Los 1;17021;RE 7;17:47;Offenburg;de:08317:14506;166,0;100,0;239,0;410;410;58,29%;Zählfahrt AFZS;4344,30;18,18
2430427;14.01.2025;Mo-Fr S;8;ddb;Netz 4 Los 1;17021;RE 7;17:57;Lahr(Schwarzw);de:08317:12103;36,0;64,0;211,0;410;410;51,46%;Zählfahrt AFZS;1710,16;8,11
2430428;14.01.2025;Mo-Fr S;9;ddb;Netz 4 Los 1;17021;RE 7;18:02;Orschweier;de:08317:18601;7,0;26,0;192,0;410;410;46,83%;Zählfahrt AFZS;576,19;3,00
2430429;14.01.2025;Mo-Fr S;10;ddb;Netz 4 Los 1;17021;RE 7;18:05;Ringsheim;de:08317:16700;10,0;14,0;188,0;410;410;45,85%;Zählfahrt AFZS;546,70;2,91
2430430;14.01.2025;Mo-Fr S;11;ddb;Netz 4 Los 1;17021;RE 7;18:08;Herbolzheim(Breisg);de:08316:6562;24,0;13,0;199,0;410;410;48,54%;Zählfahrt AFZS;652,72;3,28
2430431;14.01.2025;Mo-Fr S;12;ddb;Netz 4 Los 1;17021;RE 7;18:11;Kenzingen;de:08316:6518;13,0;16,0;196,0;410;410;47,80%;Zählfahrt AFZS;957,66;4,89
2430432;14.01.2025;Mo-Fr S;13;ddb;Netz 4 Los 1;17021;RE 7;18:15;Riegel-Malterdingen;de:08316:5290;23,0;12,0;207,0;410;410;50,49%;Zählfahrt AFZS;1412,15;6,82
2430433;14.01.2025;Mo-Fr S;14;ddb;Netz 4 Los 1;17021;RE 7;18:20;Emmendingen;de:08316:90;77,0;41,0;243,0;410;410;59,27%;Zählfahrt AFZS;1738,66;7,16
2430434;14.01.2025;Mo-Fr S;15;ddb;Netz 4 Los 1;17021;RE 7;18:24;Denzlingen;de:08316:6505;14,0;28,0;229,0;410;410;55,85%;Zählfahrt AFZS;1947,19;8,50
2430435;14.01.2025;Mo-Fr S;16;ddb;Netz 4 Los 1;17021;RE 7;18:32;Freiburg(Breisgau) Hbf;de:08311:6508;374,0;171,0;432,0;410;820;105,37%;Zählfahrt AFZS;3748,46;8,68
2430436;14.01.2025;Mo-Fr S;17;ddb;Netz 4 Los 1;17021;RE 7;18:37;Schallstadt;de:08315:6677;4,0;31,0;405,0;410;820;98,78%;Zählfahrt AFZS;2376,14;5,87
2430437;14.01.2025;Mo-Fr S;18;ddb;Netz 4 Los 1;17021;RE 7;18:42;Bad Krozingen;de:08315:6501;17,0;132,0;290,0;410;820;70,73%;Zählfahrt AFZS;1729,27;5,96
2430438;14.01.2025;Mo-Fr S;19;ddb;Netz 4 Los 1;17021;RE 7;18:46;Heitersheim;de:08315:6665;2,0;61,0;231,0;410;820;56,34%;Zählfahrt AFZS;1962,58;8,50
2430439;14.01.2025;Mo-Fr S;20;ddb;Netz 4 Los 1;17021;RE 7;18:51;Müllheim(Baden);de:08315:6522;29,0;97,0;163,0;410;410;39,76%;Zählfahrt AFZS;953,55;5,85
2430440;14.01.2025;Mo-Fr S;21;ddb;Netz 4 Los 1;17021;RE 7;18:56;Schliengen;de:08336:6678;9,0;20,0;152,0;410;410;37,07%;Zählfahrt AFZS;551,00;3,63
2430441;14.01.2025;Mo-Fr S;22;ddb;Netz 4 Los 1;17021;RE 7;18:59;Bad Bellingen;de:08336:6628;7,0;21,0;138,0;410;410;33,66%;Zählfahrt AFZS;1586,17;11,49
2430442;14.01.2025;Mo-Fr S;23;ddb;Netz 4 Los 1;17021;RE 7;19:10;Efringen-Kirchen;de:08336:6631;6,0;23,0;121,0;410;410;29,51%;Zählfahrt AFZS;729,02;6,03
2430443;14.01.2025;Mo-Fr S;24;ddb;Netz 4 Los 1;17021;RE 7;19:15;Haltingen;de:08336:6638;0,0;10,0;111,0;410;410;27,07%;Zählfahrt AFZS;255,19;2,30
2430444;14.01.2025;Mo-Fr S;25;ddb;Netz 4 Los 1;17021;RE 7;19:20;Weil am Rhein;de:08336:6639;13,0;36,0;88,0;410;410;21,46%;Zählfahrt AFZS;272,27;3,09
2430445;14.01.2025;Mo-Fr S;26;ddb;Netz 4 Los 1;17021;RE 7;19:24;Basel Bad Bf;ch:23005:6;0,0;88,0;0,0;0;;;Zählfahrt AFZS;;
2435535;14.01.2025;Mo-Fr S;0;ddb;Netz 4 Los 1;17023;RE 7;17:39;Karlsruhe Hbf;de:08212:90;303,0;0,0;303,0;410;820;73,90%;Zählfahrt AFZS;6294,52;20,77
2435536;14.01.2025;Mo-Fr S;1;ddb;Netz 4 Los 1;17023;RE 7;17:52;Rastatt;de:08216:1844;19,0;56,0;266,0;410;820;64,88%;Zählfahrt AFZS;2276,43;8,56
2435537;14.01.2025;Mo-Fr S;2;ddb;Netz 4 Los 1;17023;RE 7;17:59;Baden-Baden;de:08211:1847;36,0;61,0;241,0;410;820;58,78%;Zählfahrt AFZS;2777,77;11,53
2435538;14.01.2025;Mo-Fr S;3;ddb;Netz 4 Los 1;17023;RE 7;18:05;Bühl(Baden);de:08216:32227;10,0;73,0;178,0;410;820;43,41%;Zählfahrt AFZS;1504,10;8,45
2435539;14.01.2025;Mo-Fr S;4;ddb;Netz 4 Los 1;17023;RE 7;18:11;Achern;de:08317:33013;12,0;38,0;152,0;410;820;37,07%;Zählfahrt AFZS;964,14;6,34
2435540;14.01.2025;Mo-Fr S;5;ddb;Netz 4 Los 1;17023;RE 7;18:16;Renchen;de:08317:13554;2,0;7,0;147,0;410;820;35,85%;Zählfahrt AFZS;921,10;6,27
2435541;14.01.2025;Mo-Fr S;6;ddb;Netz 4 Los 1;17023;RE 7;18:21;Appenweier;de:08317:14120;7,0;23,0;131,0;410;820;31,95%;Zählfahrt AFZS;988,66;7,55
2435542;14.01.2025;Mo-Fr S;7;ddb;Netz 4 Los 1;17023;RE 7;18:36;Offenburg;de:08317:14506;73,0;61,0;143,0;410;410;34,88%;Zählfahrt AFZS;2599,31;18,18
2435543;14.01.2025;Mo-Fr S;8;ddb;Netz 4 Los 1;17023;RE 7;18:45;Lahr(Schwarzw);de:08317:12103;18,0;41,0;120,0;410;410;29,27%;Zählfahrt AFZS;1681,68;14,01
2435544;14.01.2025;Mo-Fr S;9;ddb;Netz 4 Los 1;17023;RE 7;18:52;Herbolzheim(Breisg);de:08316:6562;17,0;12,0;125,0;410;410;30,49%;Zählfahrt AFZS;410,00;3,28
2435545;14.01.2025;Mo-Fr S;10;ddb;Netz 4 Los 1;17023;RE 7;18:55;Kenzingen;de:08316:6518;10,0;13,0;122,0;410;410;29,76%;Zählfahrt AFZS;596,09;4,89
2435546;14.01.2025;Mo-Fr S;11;ddb;Netz 4 Los 1;17023;RE 7;18:59;Riegel-Malterdingen;de:08316:5290;11,0;10,0;123,0;410;410;30,00%;Zählfahrt AFZS;839,11;6,82
2435547;14.01.2025;Mo-Fr S;12;ddb;Netz 4 Los 1;17023;RE 7;19:04;Emmendingen;de:08316:90;39,0;16,0;146,0;410;410;35,61%;Zählfahrt AFZS;1044,63;7,16
2435548;14.01.2025;Mo-Fr S;13;ddb;Netz 4 Los 1;17023;RE 7;19:09;Denzlingen;de:08316:6505;22,0;15,0;153,0;410;410;37,32%;Zählfahrt AFZS;1300,96;8,50
2435549;14.01.2025;Mo-Fr S;14;ddb;Netz 4 Los 1;17023;RE 7;19:18;Freiburg(Breisgau) Hbf;de:08311:6508;141,0;125,0;169,0;410;820;41,22%;Zählfahrt AFZS;2457,94;14,54
2435550;14.01.2025;Mo-Fr S;15;ddb;Netz 4 Los 1;17023;RE 7;19:27;Bad Krozingen;de:08315:6501;12,0;59,0;122,0;410;820;29,76%;Zählfahrt AFZS;727,49;5,96
2435551;14.01.2025;Mo-Fr S;16;ddb;Netz 4 Los 1;17023;RE 7;19:31;Heitersheim;de:08315:6665;3,0;40,0;85,0;410;820;20,73%;Zählfahrt AFZS;722,16;8,50
2435552;14.01.2025;Mo-Fr S;17;ddb;Netz 4 Los 1;17023;RE 7;19:37;Müllheim(Baden);de:08315:6522;0,0;36,0;49,0;410;410;11,95%;Zählfahrt AFZS;1435,36;29,29
2435553;14.01.2025;Mo-Fr S;18;ddb;Netz 4 Los 1;17023;RE 7;19:57;Weil am Rhein;de:08336:6639;2,0;19,0;32,0;410;410;7,80%;Zählfahrt AFZS;99,01;3,09
2435554;14.01.2025;Mo-Fr S;19;ddb;Netz 4 Los 1;17023;RE 7;20:01;Basel Bad Bf;ch:23005:6;0,0;32,0;0,0;0;;;Zählfahrt AFZS;;
2436838;14.01.2025;Mo-Fr S;0;ddb;Netz 4 Los 1;17026;RE 7;17:58;Basel Bad Bf;ch:23005:6;299,0;0,0;299,0;410;820;72,93%;Zählfahrt AFZS;925,11;3,09
2436839;14.01.2025;Mo-Fr S;1;ddb;Netz 4 Los 1;17026;RE 7;18:02;Weil am Rhein;de:08336:6639;55,0;8,0;346,0;410;820;84,39%;Zählfahrt AFZS;10135,38;29,29
2436840;14.01.2025;Mo-Fr S;2;ddb;Netz 4 Los 1;17026;RE 7;18:22;Müllheim(Baden);de:08315:6522;39,0;42,0;343,0;410;820;83,66%;Zählfahrt AFZS;2914,13;8,50
2436841;14.01.2025;Mo-Fr S;3;ddb;Netz 4 Los 1;17026;RE 7;18:27;Heitersheim;de:08315:6665;6,0;31,0;318,0;410;820;77,56%;Zählfahrt AFZS;1896,23;5,96
2436842;14.01.2025;Mo-Fr S;4;ddb;Netz 4 Los 1;17026;RE 7;18:32;Bad Krozingen;de:08315:6501;44,0;67,0;295,0;410;820;71,95%;Zählfahrt AFZS;4290,19;14,54
2436843;14.01.2025;Mo-Fr S;5;ddb;Netz 4 Los 1;17026;RE 7;18:42;Freiburg(Breisgau) Hbf;de:08311:6508;315,0;234,0;376,0;410;820;91,71%;Zählfahrt AFZS;3197,13;8,50
2436844;14.01.2025;Mo-Fr S;6;ddb;Netz 4 Los 1;17026;RE 7;18:48;Denzlingen;de:08316:6505;21,0;46,0;351,0;410;820;85,61%;Zählfahrt AFZS;2511,41;7,16
2436845;14.01.2025;Mo-Fr S;7;ddb;Netz 4 Los 1;17026;RE 7;18:53;Emmendingen;de:08316:90;20,0;128,0;243,0;410;820;59,27%;Zählfahrt AFZS;1657,75;6,82
2436846;14.01.2025;Mo-Fr S;8;ddb;Netz 4 Los 1;17026;RE 7;18:57;Riegel-Malterdingen;de:08316:5290;1,0;26,0;218,0;410;820;53,17%;Zählfahrt AFZS;1065,15;4,89
2436847;14.01.2025;Mo-Fr S;9;ddb;Netz 4 Los 1;17026;RE 7;19:01;Kenzingen;de:08316:6518;6,0;36,0;188,0;410;820;45,85%;Zählfahrt AFZS;616,64;3,28
2436848;14.01.2025;Mo-Fr S;10;ddb;Netz 4 Los 1;17026;RE 7;19:05;Herbolzheim(Breisg);de:08316:6562;8,0;67,0;129,0;410;820;31,46%;Zählfahrt AFZS;1807,81;14,01
2436849;14.01.2025;Mo-Fr S;11;ddb;Netz 4 Los 1;17026;RE 7;19:12;Lahr(Schwarzw);de:08317:12103;6,0;62,0;73,0;410;820;17,80%;Zählfahrt AFZS;1326,92;18,18
2436850;14.01.2025;Mo-Fr S;12;ddb;Netz 4 Los 1;17026;RE 7;19:21;Offenburg;de:08317:14506;0,0;73,0;0,0;0;;;Zählfahrt AFZS;;
2439374;14.01.2025;Mo-Fr S;0;ddb;Netz 4 Los 1;5336;RE 7;18:28;Basel SBB;ch:23005:300;63,0;0,0;63,0;410,0;410;15,37%;Fahrplanfahrt (mit Fahrgastzahl);;
2439375;14.01.2025;Mo-Fr S;1;ddb;Netz 4 Los 1;5336;RE 7;18:37;Basel Bad Bf;ch:23005:6;54,0;7,0;110,0;410,0;410;26,83%;Fahrplanfahrt (mit Fahrgastzahl);340,34;3,09
2439376;14.01.2025;Mo-Fr S;2;ddb;Netz 4 Los 1;5336;RE 7;18:41;Weil am Rhein;de:08336:6639;33,0;10,0;133,0;410,0;410;32,44%;Fahrplanfahrt (mit Fahrgastzahl);305,77;2,30
2439377;14.01.2025;Mo-Fr S;3;ddb;Netz 4 Los 1;5336;RE 7;18:44;Haltingen;de:08336:6638;3,0;7,0;129,0;410,0;410;31,46%;Fahrplanfahrt (mit Fahrgastzahl);777,22;6,03
2439378;14.01.2025;Mo-Fr S;4;ddb;Netz 4 Los 1;5336;RE 7;18:49;Efringen-Kirchen;de:08336:6631;3,0;11,0;121,0;410,0;410;29,51%;Fahrplanfahrt (mit Fahrgastzahl);1390,77;11,49
2439379;14.01.2025;Mo-Fr S;5;ddb;Netz 4 Los 1;5336;RE 7;18:58;Bad Bellingen;de:08336:6628;2,0;2,0;121,0;410,0;410;29,51%;Fahrplanfahrt (mit Fahrgastzahl);438,62;3,63
2439380;14.01.2025;Mo-Fr S;6;ddb;Netz 4 Los 1;5336;RE 7;19:01;Schliengen;de:08336:6678;1,0;5,0;117,0;410,0;410;28,54%;Fahrplanfahrt (mit Fahrgastzahl);684,45;5,85
2439381;14.01.2025;Mo-Fr S;7;ddb;Netz 4 Los 1;5336;RE 7;19:07;Müllheim(Baden);de:08315:6522;19,0;10,0;126,0;410,0;410;30,73%;Fahrplanfahrt (mit Fahrgastzahl);1070,50;8,50
2439382;14.01.2025;Mo-Fr S;8;ddb;Netz 4 Los 1;5336;RE 7;19:12;Heitersheim;de:08315:6665;13,0;6,0;133,0;410,0;410;32,44%;Fahrplanfahrt (mit Fahrgastzahl);793,08;5,96
2439383;14.01.2025;Mo-Fr S;9;ddb;Netz 4 Los 1;5336;RE 7;19:17;Bad Krozingen;de:08315:6501;31,0;17,0;147,0;410,0;410;35,85%;Fahrplanfahrt (mit Fahrgastzahl);862,45;5,87
2439384;14.01.2025;Mo-Fr S;10;ddb;Netz 4 Los 1;5336;RE 7;19:21;Schallstadt;de:08315:6677;3,0;9,0;141,0;410,0;410;34,39%;Fahrplanfahrt (mit Fahrgastzahl);1223,32;8,68
2439385;14.01.2025;Mo-Fr S;11;ddb;Netz 4 Los 1;5336;RE 7;19:29;Freiburg(Breisgau) Hbf;de:08311:6508;185,0;107,0;219,0;410,0;410;53,41%;Fahrplanfahrt (mit Fahrgastzahl);1862,16;8,50
2439386;14.01.2025;Mo-Fr S;12;ddb;Netz 4 Los 1;5336;RE 7;19:34;Denzlingen;de:08316:6505;8,0;57,0;170,0;410,0;410;41,46%;Fahrplanfahrt (mit Fahrgastzahl);1216,35;7,16
2439387;14.01.2025;Mo-Fr S;13;ddb;Netz 4 Los 1;5336;RE 7;19:40;Emmendingen;de:08316:90;12,0;54,0;128,0;410,0;410;31,22%;Fahrplanfahrt (mit Fahrgastzahl);873,22;6,82
2439388;14.01.2025;Mo-Fr S;14;ddb;Netz 4 Los 1;5336;RE 7;19:44;Riegel-Malterdingen;de:08316:5290;1,0;31,0;98,0;410,0;410;23,90%;Fahrplanfahrt (mit Fahrgastzahl);478,83;4,89
2439389;14.01.2025;Mo-Fr S;15;ddb;Netz 4 Los 1;5336;RE 7;19:48;Kenzingen;de:08316:6518;4,0;18,0;84,0;410,0;410;20,49%;Fahrplanfahrt (mit Fahrgastzahl);275,52;3,28
2439390;14.01.2025;Mo-Fr S;16;ddb;Netz 4 Los 1;5336;RE 7;19:52;Herbolzheim(Breisg);de:08316:6562;2,0;29,0;57,0;410,0;410;13,90%;Fahrplanfahrt (mit Fahrgastzahl);165,76;2,91
2439391;14.01.2025;Mo-Fr S;17;ddb;Netz 4 Los 1;5336;RE 7;19:55;Ringsheim;de:08317:16700;0,0;0,0;57,0;410,0;410;13,90%;Fahrplanfahrt (mit Fahrgastzahl);171,06;3,00
2439392;14.01.2025;Mo-Fr S;18;ddb;Netz 4 Los 1;5336;RE 7;19:58;Orschweier;de:08317:18601;2,0;8,0;51,0;410,0;410;12,44%;Fahrplanfahrt (mit Fahrgastzahl);413,36;8,11
2439393;14.01.2025;Mo-Fr S;19;ddb;Netz 4 Los 1;5336;RE 7;20:03;Lahr(Schwarzw);de:08317:12103;6,0;21,0;36,0;410,0;410;8,78%;Fahrplanfahrt (mit Fahrgastzahl);654,37;18,18
2439394;14.01.2025;Mo-Fr S;20;ddb;Netz 4 Los 1;5336;RE 7;20:14;Offenburg;de:08317:14506;0,0;36,0;0,0;;;;Fahrplanfahrt (mit Fahrgastzahl);;
2440467;14.01.2025;Mo-Fr S;0;ddb;Netz 4 Los 1;17025;RE 7;18:39;Karlsruhe Hbf;de:08212:90;227,9;0,0;227,9;410,0;410;55,59%;Fahrplanfahrt (mit Fahrgastzahl);4734,46;20,77
2440468;14.01.2025;Mo-Fr S;1;ddb;Netz 4 Los 1;17025;RE 7;18:52;Rastatt;de:08216:1844;19,3;33,4;213,8;410,0;410;52,15%;Fahrplanfahrt (mit Fahrgastzahl);1829,76;8,56
2440469;14.01.2025;Mo-Fr S;2;ddb;Netz 4 Los 1;17025;RE 7;18:59;Baden-Baden;de:08211:1847;23,7;42,0;195,5;410,0;410;47,67%;Fahrplanfahrt (mit Fahrgastzahl);2252,78;11,53
2440470;14.01.2025;Mo-Fr S;3;ddb;Netz 4 Los 1;17025;RE 7;19:05;Bühl(Baden);de:08216:32227;7,2;37,5;165,2;410,0;410;40,30%;Fahrplanfahrt (mit Fahrgastzahl);1396,16;8,45
2440471;14.01.2025;Mo-Fr S;4;ddb;Netz 4 Los 1;17025;RE 7;19:11;Achern;de:08317:33013;12,5;21,5;156,3;410,0;410;38,11%;Fahrplanfahrt (mit Fahrgastzahl);991,14;6,34
2440472;14.01.2025;Mo-Fr S;5;ddb;Netz 4 Los 1;17025;RE 7;19:16;Renchen;de:08317:13554;1,7;4,4;153,6;410,0;410;37,47%;Fahrplanfahrt (mit Fahrgastzahl);962,54;6,27
2440473;14.01.2025;Mo-Fr S;6;ddb;Netz 4 Los 1;17025;RE 7;19:21;Appenweier;de:08317:14120;3,3;11,5;145,5;410,0;410;35,48%;Fahrplanfahrt (mit Fahrgastzahl);1097,72;7,55
2440474;14.01.2025;Mo-Fr S;7;ddb;Netz 4 Los 1;17025;RE 7;19:37;Offenburg;de:08317:14506;58,8;53,7;150,5;410,0;410;36,72%;Fahrplanfahrt (mit Fahrgastzahl);2736,52;18,18
2440475;14.01.2025;Mo-Fr S;8;ddb;Netz 4 Los 1;17025;RE 7;19:47;Lahr(Schwarzw);de:08317:12103;13,3;29,9;133,9;410,0;410;32,67%;Fahrplanfahrt (mit Fahrgastzahl);1085,55;8,11
2440476;14.01.2025;Mo-Fr S;9;ddb;Netz 4 Los 1;17025;RE 7;20:04;Orschweier;de:08317:18601;3,5;7,2;130,2;410,0;410;31,76%;Fahrplanfahrt (mit Fahrgastzahl);390,81;3,00
2440477;14.01.2025;Mo-Fr S;10;ddb;Netz 4 Los 1;17025;RE 7;20:07;Ringsheim;de:08317:16700;15,2;6,3;139,1;410,0;410;33,93%;Fahrplanfahrt (mit Fahrgastzahl);404,49;2,91
2440478;14.01.2025;Mo-Fr S;11;ddb;Netz 4 Los 1;17025;RE 7;20:10;Herbolzheim(Breisg);de:08316:6562;15,5;7,4;147,2;410,0;410;35,90%;Fahrplanfahrt (mit Fahrgastzahl);482,79;3,28
2440479;14.01.2025;Mo-Fr S;12;ddb;Netz 4 Los 1;17025;RE 7;20:13;Kenzingen;de:08316:6518;9,4;9,4;147,2;410,0;410;35,89%;Fahrplanfahrt (mit Fahrgastzahl);719,03;4,89
2440480;14.01.2025;Mo-Fr S;13;ddb;Netz 4 Los 1;17025;RE 7;20:17;Riegel-Malterdingen;de:08316:5290;10,6;11,2;146,6;410,0;410;35,76%;Fahrplanfahrt (mit Fahrgastzahl);1000,19;6,82
2440481;14.01.2025;Mo-Fr S;14;ddb;Netz 4 Los 1;17025;RE 7;20:22;Emmendingen;de:08316:90;39,1;18,1;167,6;410,0;410;40,87%;Fahrplanfahrt (mit Fahrgastzahl);1199,04;7,16
2440482;14.01.2025;Mo-Fr S;15;ddb;Netz 4 Los 1;17025;RE 7;20:26;Denzlingen;de:08316:6505;9,9;18,5;159,0;410,0;410;38,79%;Fahrplanfahrt (mit Fahrgastzahl);1352,25;8,50
2440483;14.01.2025;Mo-Fr S;16;ddb;Netz 4 Los 1;17025;RE 7;20:33;Freiburg(Breisgau) Hbf;de:08311:6508;211,1;110,2;259,9;410,0;410;63,40%;Fahrplanfahrt (mit Fahrgastzahl);2255,46;8,68
2440484;14.01.2025;Mo-Fr S;17;ddb;Netz 4 Los 1;17025;RE 7;20:38;Schallstadt;de:08315:6677;3,5;16,7;246,6;410,0;410;60,16%;Fahrplanfahrt (mit Fahrgastzahl);1447,07;5,87
2440485;14.01.2025;Mo-Fr S;18;ddb;Netz 4 Los 1;17025;RE 7;20:43;Bad Krozingen;de:08315:6501;12,5;81,7;177,4;410,0;410;43,27%;Fahrplanfahrt (mit Fahrgastzahl);1057,95;5,96
2440486;14.01.2025;Mo-Fr S;19;ddb;Netz 4 Los 1;17025;RE 7;20:47;Heitersheim;de:08315:6665;2,7;36,7;143,5;410,0;410;35,00%;Fahrplanfahrt (mit Fahrgastzahl);1219,04;8,50
2440487;14.01.2025;Mo-Fr S;20;ddb;Netz 4 Los 1;17025;RE 7;20:52;Müllheim(Baden);de:08315:6522;9,2;49,7;102,9;410,0;410;25,11%;Fahrplanfahrt (mit Fahrgastzahl);249,93;2,43
2440488;14.01.2025;Mo-Fr S;21;ddb;Netz 4 Los 1;17025;RE 7;20:55;Auggen;de:08315:6642;0,6;4,5;99,0;410,0;410;24,15%;Fahrplanfahrt (mit Fahrgastzahl);338,78;3,42
2440489;14.01.2025;Mo-Fr S;22;ddb;Netz 4 Los 1;17025;RE 7;20:58;Schliengen;de:08336:6678;1,5;9,6;90,8;410,0;410;22,16%;Fahrplanfahrt (mit Fahrgastzahl);329,29;3,63
2440490;14.01.2025;Mo-Fr S;23;ddb;Netz 4 Los 1;17025;RE 7;21:02;Bad Bellingen;de:08336:6628;3,0;10,6;83,2;410,0;410;20,29%;Fahrplanfahrt (mit Fahrgastzahl);265,14;3,19
2440491;14.01.2025;Mo-Fr S;24;ddb;Netz 4 Los 1;17025;RE 7;21:06;Rheinweiler;de:08336:6629;0,7;3,2;80,6;410,0;410;19,67%;Fahrplanfahrt (mit Fahrgastzahl);228,06;2,83
2440492;14.01.2025;Mo-Fr S;25;ddb;Netz 4 Los 1;17025;RE 7;21:09;Kleinkems;de:08336:6633;0,2;0,4;80,4;410,0;410;19,61%;Fahrplanfahrt (mit Fahrgastzahl);289,47;3,60
2440493;14.01.2025;Mo-Fr S;26;ddb;Netz 4 Los 1;17025;RE 7;21:13;Istein;de:08336:6632;1,6;2,0;79,9;410,0;410;19,50%;Fahrplanfahrt (mit Fahrgastzahl);150,12;1,88
2440494;14.01.2025;Mo-Fr S;27;ddb;Netz 4 Los 1;17025;RE 7;21:16;Efringen-Kirchen;de:08336:6631;3,2;5,8;77,3;410,0;410;18,84%;Fahrplanfahrt (mit Fahrgastzahl);306,02;3,96
2440495;14.01.2025;Mo-Fr S;28;ddb;Netz 4 Los 1;17025;RE 7;21:19;Eimeldingen;de:08336:6634;4,4;4,7;77,0;410,0;410;18,77%;Fahrplanfahrt (mit Fahrgastzahl);158,86;2,06
2440496;14.01.2025;Mo-Fr S;29;ddb;Netz 4 Los 1;17025;RE 7;21:22;Haltingen;de:08336:6638;2,7;6,4;73,3;410,0;410;17,88%;Fahrplanfahrt (mit Fahrgastzahl);168,49;2,30
2440497;14.01.2025;Mo-Fr S;30;ddb;Netz 4 Los 1;17025;RE 7;21:26;Weil am Rhein;de:08336:6639;5,0;22,6;55,7;410,0;410;13,60%;Fahrplanfahrt (mit Fahrgastzahl);172,47;3,09
2440498;14.01.2025;Mo-Fr S;31;ddb;Netz 4 Los 1;17025;RE 7;21:29;Basel Bad Bf;ch:23005:6;0,0;55,7;0,0;;;;Fahrplanfahrt (mit Fahrgastzahl);;
2445737;14.01.2025;Mo-Fr S;0;ddb;Netz 4 Los 1;17028;RE 7;19:58;Basel Bad Bf;ch:23005:6;59,0;0,0;59,0;410;410;14,39%;Zählfahrt AFZS;182,55;3,09
2445738;14.01.2025;Mo-Fr S;1;ddb;Netz 4 Los 1;17028;RE 7;20:02;Weil am Rhein;de:08336:6639;17,0;7,0;69,0;410;410;16,83%;Zählfahrt AFZS;2021,22;29,29
2445739;14.01.2025;Mo-Fr S;2;ddb;Netz 4 Los 1;17028;RE 7;20:21;Müllheim(Baden);de:08315:6522;9,0;6,0;72,0;410;410;17,56%;Zählfahrt AFZS;611,71;8,50
2445740;14.01.2025;Mo-Fr S;3;ddb;Netz 4 Los 1;17028;RE 7;20:26;Heitersheim;de:08315:6665;6,0;5,0;73,0;410;410;17,80%;Zählfahrt AFZS;435,30;5,96
2445741;14.01.2025;Mo-Fr S;4;ddb;Netz 4 Los 1;17028;RE 7;20:31;Bad Krozingen;de:08315:6501;15,0;11,0;77,0;410;410;18,78%;Zählfahrt AFZS;1119,81;14,54
2445742;14.01.2025;Mo-Fr S;5;ddb;Netz 4 Los 1;17028;RE 7;20:42;Freiburg(Breisgau) Hbf;de:08311:6508;156,0;55,0;178,0;410;410;43,41%;Zählfahrt AFZS;1513,53;8,50
2445743;14.01.2025;Mo-Fr S;6;ddb;Netz 4 Los 1;17028;RE 7;20:48;Denzlingen;de:08316:6505;17,0;14,0;181,0;410;410;44,15%;Zählfahrt AFZS;1295,06;7,16
2445744;14.01.2025;Mo-Fr S;7;ddb;Netz 4 Los 1;17028;RE 7;20:53;Emmendingen;de:08316:90;18,0;71,0;128,0;410;410;31,22%;Zählfahrt AFZS;873,22;6,82
2445745;14.01.2025;Mo-Fr S;8;ddb;Netz 4 Los 1;17028;RE 7;20:57;Riegel-Malterdingen;de:08316:5290;1,0;23,0;106,0;410;410;25,85%;Zählfahrt AFZS;517,92;4,89
2445746;14.01.2025;Mo-Fr S;9;ddb;Netz 4 Los 1;17028;RE 7;21:00;Kenzingen;de:08316:6518;3,0;21,0;88,0;410;410;21,46%;Zählfahrt AFZS;288,64;3,28
2445747;14.01.2025;Mo-Fr S;10;ddb;Netz 4 Los 1;17028;RE 7;21:03;Herbolzheim(Breisg);de:08316:6562;4,0;34,0;58,0;410;410;14,15%;Zählfahrt AFZS;812,81;14,01
2445748;14.01.2025;Mo-Fr S;11;ddb;Netz 4 Los 1;17028;RE 7;21:11;Lahr(Schwarzw);de:08317:12103;17,0;24,0;51,0;410;410;12,44%;Zählfahrt AFZS;927,03;18,18
2445749;14.01.2025;Mo-Fr S;12;ddb;Netz 4 Los 1;17028;RE 7;21:21;Offenburg;de:08317:14506;0,0;51,0;0,0;0;;;Zählfahrt AFZS;;
2447583;14.01.2025;Mo-Fr S;0;ddb;Netz 4 Los 1;17030;RE 7;20:28;Basel Bad Bf;ch:23005:6;66,0;0,0;66,0;461,2;820;14,31%;Fahrplanfahrt (mit Fahrgastzahl);204,20;3,09
2447584;14.01.2025;Mo-Fr S;1;ddb;Netz 4 Los 1;17030;RE 7;20:32;Weil am Rhein;de:08336:6639;48,4;8,8;105,5;461,2;820;22,88%;Fahrplanfahrt (mit Fahrgastzahl);242,64;2,30
2447585;14.01.2025;Mo-Fr S;2;ddb;Netz 4 Los 1;17030;RE 7;20:35;Haltingen;de:08336:6638;4,4;16,2;93,7;461,2;820;20,31%;Fahrplanfahrt (mit Fahrgastzahl);193,33;2,06
2447586;14.01.2025;Mo-Fr S;3;ddb;Netz 4 Los 1;17030;RE 7;20:38;Eimeldingen;de:08336:6634;3,7;8,5;88,8;461,2;820;19,26%;Fahrplanfahrt (mit Fahrgastzahl);351,87;3,96
2447587;14.01.2025;Mo-Fr S;4;ddb;Netz 4 Los 1;17030;RE 7;20:41;Efringen-Kirchen;de:08336:6631;4,1;13,8;79,1;461,2;820;17,15%;Fahrplanfahrt (mit Fahrgastzahl);148,60;1,88
2447588;14.01.2025;Mo-Fr S;5;ddb;Netz 4 Los 1;17030;RE 7;20:44;Istein;de:08336:6632;0,2;3,7;75,7;461,2;820;16,40%;Fahrplanfahrt (mit Fahrgastzahl);272,48;3,60
2447589;14.01.2025;Mo-Fr S;6;ddb;Netz 4 Los 1;17030;RE 7;20:48;Kleinkems;de:08336:6633;0,5;2,8;73,4;461,2;820;15,92%;Fahrplanfahrt (mit Fahrgastzahl);207,62;2,83
2447590;14.01.2025;Mo-Fr S;7;ddb;Netz 4 Los 1;17030;RE 7;20:51;Rheinweiler;de:08336:6629;1,7;2,5;72,6;461,2;820;15,74%;Fahrplanfahrt (mit Fahrgastzahl);231,32;3,19
2447591;14.01.2025;Mo-Fr S;8;ddb;Netz 4 Los 1;17030;RE 7;20:54;Bad Bellingen;de:08336:6628;2,9;11,3;64,2;461,2;820;13,91%;Fahrplanfahrt (mit Fahrgastzahl);232,60;3,63
2447592;14.01.2025;Mo-Fr S;9;ddb;Netz 4 Los 1;17030;RE 7;20:57;Schliengen;de:08336:6678;4,0;6,8;61,3;461,2;820;13,30%;Fahrplanfahrt (mit Fahrgastzahl);209,88;3,42
2447593;14.01.2025;Mo-Fr S;10;ddb;Netz 4 Los 1;17030;RE 7;21:01;Auggen;de:08315:6642;1,7;1,1;61,9;461,2;820;13,41%;Fahrplanfahrt (mit Fahrgastzahl);150,23;2,43
2447594;14.01.2025;Mo-Fr S;11;ddb;Netz 4 Los 1;17030;RE 7;21:04;Müllheim(Baden);de:08315:6522;10,0;9,0;62,9;461,2;820;13,64%;Fahrplanfahrt (mit Fahrgastzahl);534,54;8,50
2447595;14.01.2025;Mo-Fr S;12;ddb;Netz 4 Los 1;17030;RE 7;21:10;Heitersheim;de:08315:6665;4,2;4,5;62,7;461,2;820;13,59%;Fahrplanfahrt (mit Fahrgastzahl);373,68;5,96
2447596;14.01.2025;Mo-Fr S;13;ddb;Netz 4 Los 1;17030;RE 7;21:14;Bad Krozingen;de:08315:6501;21,1;8,7;75,1;461,2;820;16,29%;Fahrplanfahrt (mit Fahrgastzahl);440,76;5,87
2447597;14.01.2025;Mo-Fr S;14;ddb;Netz 4 Los 1;17030;RE 7;21:18;Schallstadt;de:08315:6677;4,4;4,5;75,1;461,2;820;16,28%;Fahrplanfahrt (mit Fahrgastzahl);651,42;8,68
2447598;14.01.2025;Mo-Fr S;15;ddb;Netz 4 Los 1;17030;RE 7;21:27;Freiburg(Breisgau) Hbf;de:08311:6508;98,9;60,3;113,7;410,0;820;27,72%;Fahrplanfahrt (mit Fahrgastzahl);966,51;8,50
2447599;14.01.2025;Mo-Fr S;16;ddb;Netz 4 Los 1;17030;RE 7;21:33;Denzlingen;de:08316:6505;5,5;27,1;92,1;410,0;820;22,46%;Fahrplanfahrt (mit Fahrgastzahl);658,86;7,16
2447600;14.01.2025;Mo-Fr S;17;ddb;Netz 4 Los 1;17030;RE 7;21:38;Emmendingen;de:08316:90;13,0;33,8;71,2;410,0;820;17,38%;Fahrplanfahrt (mit Fahrgastzahl);486,07;6,82
2447601;14.01.2025;Mo-Fr S;18;ddb;Netz 4 Los 1;17030;RE 7;21:43;Riegel-Malterdingen;de:08316:5290;2,5;17,4;56,3;410,0;820;13,73%;Fahrplanfahrt (mit Fahrgastzahl);275,04;4,89
2447602;14.01.2025;Mo-Fr S;19;ddb;Netz 4 Los 1;17030;RE 7;21:46;Kenzingen;de:08316:6518;1,7;9,0;49,0;410,0;820;11,95%;Fahrplanfahrt (mit Fahrgastzahl);160,72;3,28
2447603;14.01.2025;Mo-Fr S;20;ddb;Netz 4 Los 1;17030;RE 7;21:50;Herbolzheim(Breisg);de:08316:6562;2,5;10,0;41,5;410,0;820;10,11%;Fahrplanfahrt (mit Fahrgastzahl);120,56;2,91
2447604;14.01.2025;Mo-Fr S;21;ddb;Netz 4 Los 1;17030;RE 7;21:53;Ringsheim;de:08317:16700;1,2;2,4;40,2;410,0;820;9,81%;Fahrplanfahrt (mit Fahrgastzahl);120,67;3,00
2447605;14.01.2025;Mo-Fr S;22;ddb;Netz 4 Los 1;17030;RE 7;21:56;Orschweier;de:08317:18601;1,8;4,0;38,1;410,0;820;9,29%;Fahrplanfahrt (mit Fahrgastzahl);308,67;8,11
2447606;14.01.2025;Mo-Fr S;23;ddb;Netz 4 Los 1;17030;RE 7;22:02;Lahr(Schwarzw);de:08317:12103;4,8;17,9;24,9;410,0;820;6,08%;Fahrplanfahrt (mit Fahrgastzahl);452,91;18,18
2447607;14.01.2025;Mo-Fr S;24;ddb;Netz 4 Los 1;17030;RE 7;22:13;Offenburg;de:08317:14506;0,0;24,9;0,0;;;;Fahrplanfahrt (mit Fahrgastzahl);;
2448898;14.01.2025;Mo-Fr S;0;ddb;Netz 4 Los 1;5341;RE 7;20:46;Offenburg;de:08317:14506;32,0;0,0;32,0;410;410;7,80%;Zählfahrt AFZS;581,66;18,18
2448899;14.01.2025;Mo-Fr S;1;ddb;Netz 4 Los 1;5341;RE 7;20:56;Lahr(Schwarzw);de:08317:12103;14,0;9,0;37,0;410;410;9,02%;Zählfahrt AFZS;299,88;8,11
2448900;14.01.2025;Mo-Fr S;2;ddb;Netz 4 Los 1;5341;RE 7;21:01;Orschweier;de:08317:18601;0,0;8,0;29,0;410;410;7,07%;Zählfahrt AFZS;87,03;3,00
2448901;14.01.2025;Mo-Fr S;3;ddb;Netz 4 Los 1;5341;RE 7;21:05;Ringsheim;de:08317:16700;4,0;1,0;32,0;410;410;7,80%;Zählfahrt AFZS;93,06;2,91
2448902;14.01.2025;Mo-Fr S;4;ddb;Netz 4 Los 1;5341;RE 7;21:08;Herbolzheim(Breisg);de:08316:6562;9,0;5,0;36,0;410;410;8,78%;Zählfahrt AFZS;118,08;3,28
2448903;14.01.2025;Mo-Fr S;5;ddb;Netz 4 Los 1;5341;RE 7;21:11;Kenzingen;de:08316:6518;2,0;6,0;32,0;410;410;7,80%;Zählfahrt AFZS;156,35;4,89
2448904;14.01.2025;Mo-Fr S;6;ddb;Netz 4 Los 1;5341;RE 7;21:15;Riegel-Malterdingen;de:08316:5290;9,0;4,0;37,0;410;410;9,02%;Zählfahrt AFZS;252,41;6,82
2448905;14.01.2025;Mo-Fr S;7;ddb;Netz 4 Los 1;5341;RE 7;21:20;Emmendingen;de:08316:90;33,0;10,0;60,0;410;410;14,63%;Zählfahrt AFZS;429,30;7,16
2448906;14.01.2025;Mo-Fr S;8;ddb;Netz 4 Los 1;5341;RE 7;21:24;Denzlingen;de:08316:6505;1,0;11,0;50,0;410;410;12,20%;Zählfahrt AFZS;425,15;8,50
2448907;14.01.2025;Mo-Fr S;9;ddb;Netz 4 Los 1;5341;RE 7;21:32;Freiburg(Breisgau) Hbf;de:08311:6508;114,0;40,0;124,0;410;410;30,24%;Zählfahrt AFZS;1075,95;8,68
2448908;14.01.2025;Mo-Fr S;10;ddb;Netz 4 Los 1;5341;RE 7;21:37;Schallstadt;de:08315:6677;0,0;6,0;118,0;410;410;28,78%;Zählfahrt AFZS;692,31;5,87
2448909;14.01.2025;Mo-Fr S;11;ddb;Netz 4 Los 1;5341;RE 7;21:42;Bad Krozingen;de:08315:6501;4,0;34,0;88,0;410;410;21,46%;Zählfahrt AFZS;524,74;5,96
2448910;14.01.2025;Mo-Fr S;12;ddb;Netz 4 Los 1;5341;RE 7;21:46;Heitersheim;de:08315:6665;0,0;20,0;68,0;410;410;16,59%;Zählfahrt AFZS;577,73;8,50
2448911;14.01.2025;Mo-Fr S;13;ddb;Netz 4 Los 1;5341;RE 7;21:51;Müllheim(Baden);de:08315:6522;4,0;34,0;38,0;410;410;9,27%;Zählfahrt AFZS;222,30;5,85
2448912;14.01.2025;Mo-Fr S;14;ddb;Netz 4 Los 1;5341;RE 7;21:56;Schliengen;de:08336:6678;0,0;6,0;32,0;410;410;7,80%;Zählfahrt AFZS;116,00;3,63
2448913;14.01.2025;Mo-Fr S;15;ddb;Netz 4 Los 1;5341;RE 7;21:59;Bad Bellingen;de:08336:6628;0,0;5,0;27,0;410;410;6,59%;Zählfahrt AFZS;310,34;11,49
2448914;14.01.2025;Mo-Fr S;16;ddb;Netz 4 Los 1;5341;RE 7;22:10;Efringen-Kirchen;de:08336:6631;0,0;4,0;23,0;410;410;5,61%;Zählfahrt AFZS;138,57;6,03
2448915;14.01.2025;Mo-Fr S;17;ddb;Netz 4 Los 1;5341;RE 7;22:15;Haltingen;de:08336:6638;5,0;2,0;26,0;410;410;6,34%;Zählfahrt AFZS;59,77;2,30
2448916;14.01.2025;Mo-Fr S;18;ddb;Netz 4 Los 1;5341;RE 7;22:20;Weil am Rhein;de:08336:6639;2,0;13,0;15,0;410;410;3,66%;Zählfahrt AFZS;46,41;3,09
2448917;14.01.2025;Mo-Fr S;19;ddb;Netz 4 Los 1;5341;RE 7;22:25;Basel Bad Bf;ch:23005:6;3,0;13,0;5,0;410;410;1,22%;Zählfahrt AFZS;;
2448918;14.01.2025;Mo-Fr S;20;ddb;Netz 4 Los 1;5341;RE 7;22:31;Basel SBB;ch:23005:300;0,0;5,0;0,0;0;;;Zählfahrt AFZS;;
2451437;14.01.2025;Mo-Fr S;0;ddb;Netz 4 Los 1;17029;RE 7;21:41;Offenburg;de:08317:14506;47,3;0,0;47,3;441,5;410;10,71%;Fahrplanfahrt (mit Fahrgastzahl);859,21;18,18
2451438;14.01.2025;Mo-Fr S;1;ddb;Netz 4 Los 1;17029;RE 7;21:58;Lahr(Schwarzw);de:08317:12103;15,6;18,4;44,5;441,5;410;10,08%;Fahrplanfahrt (mit Fahrgastzahl);360,67;8,11
2451439;14.01.2025;Mo-Fr S;2;ddb;Netz 4 Los 1;17029;RE 7;22:04;Orschweier;de:08317:18601;2,7;4,5;42,7;441,5;410;9,66%;Fahrplanfahrt (mit Fahrgastzahl);128,00;3,00
2451440;14.01.2025;Mo-Fr S;3;ddb;Netz 4 Los 1;17029;RE 7;22:07;Ringsheim;de:08317:16700;3,1;4,2;41,5;441,5;410;9,41%;Fahrplanfahrt (mit Fahrgastzahl);120,79;2,91
2451441;14.01.2025;Mo-Fr S;4;ddb;Netz 4 Los 1;17029;RE 7;22:10;Herbolzheim(Breisg);de:08316:6562;9,6;3,7;47,5;441,5;410;10,76%;Fahrplanfahrt (mit Fahrgastzahl);155,80;3,28
2451442;14.01.2025;Mo-Fr S;5;ddb;Netz 4 Los 1;17029;RE 7;22:13;Kenzingen;de:08316:6518;5,6;4,4;48,7;441,5;410;11,04%;Fahrplanfahrt (mit Fahrgastzahl);238,10;4,89
2451443;14.01.2025;Mo-Fr S;6;ddb;Netz 4 Los 1;17029;RE 7;22:17;Riegel-Malterdingen;de:08316:5290;8,0;4,0;52,8;441,5;410;11,95%;Fahrplanfahrt (mit Fahrgastzahl);359,99;6,82
2451444;14.01.2025;Mo-Fr S;7;ddb;Netz 4 Los 1;17029;RE 7;22:21;Emmendingen;de:08316:90;19,0;8,6;63,1;441,5;410;14,29%;Fahrplanfahrt (mit Fahrgastzahl);451,59;7,16
2451445;14.01.2025;Mo-Fr S;8;ddb;Netz 4 Los 1;17029;RE 7;22:26;Denzlingen;de:08316:6505;6,9;7,8;62,2;441,5;410;14,08%;Fahrplanfahrt (mit Fahrgastzahl);528,49;8,50
2451446;14.01.2025;Mo-Fr S;9;ddb;Netz 4 Los 1;17029;RE 7;22:34;Freiburg(Breisgau) Hbf;de:08311:6508;101,0;46,8;116,3;441,5;410;26,34%;Fahrplanfahrt (mit Fahrgastzahl);1009,20;8,68
2451447;14.01.2025;Mo-Fr S;10;ddb;Netz 4 Los 1;17029;RE 7;22:39;Schallstadt;de:08315:6677;0,9;8,3;108,9;441,5;410;24,66%;Fahrplanfahrt (mit Fahrgastzahl);638,83;5,87
2451448;14.01.2025;Mo-Fr S;11;ddb;Netz 4 Los 1;17029;RE 7;22:44;Bad Krozingen;de:08315:6501;3,9;39,9;72,9;441,5;410;16,52%;Fahrplanfahrt (mit Fahrgastzahl);434,84;5,96
2451449;14.01.2025;Mo-Fr S;12;ddb;Netz 4 Los 1;17029;RE 7;22:48;Heitersheim;de:08315:6665;2,4;17,0;58,3;441,5;410;13,21%;Fahrplanfahrt (mit Fahrgastzahl);495,71;8,50
2451450;14.01.2025;Mo-Fr S;13;ddb;Netz 4 Los 1;17029;RE 7;22:53;Müllheim(Baden);de:08315:6522;2,8;30,1;31,1;441,5;410;7,04%;Fahrplanfahrt (mit Fahrgastzahl);294,45;9,48
2451451;14.01.2025;Mo-Fr S;14;ddb;Netz 4 Los 1;17029;RE 7;23:00;Bad Bellingen;de:08336:6628;1,0;4,7;27,4;441,5;410;6,21%;Fahrplanfahrt (mit Fahrgastzahl);315,20;11,49
2451452;14.01.2025;Mo-Fr S;15;ddb;Netz 4 Los 1;17029;RE 7;23:11;Efringen-Kirchen;de:08336:6631;1,0;3,2;25,2;441,5;410;5,71%;Fahrplanfahrt (mit Fahrgastzahl);151,78;6,03
2451453;14.01.2025;Mo-Fr S;16;ddb;Netz 4 Los 1;17029;RE 7;23:16;Haltingen;de:08336:6638;0,8;5,0;21,0;441,5;410;4,75%;Fahrplanfahrt (mit Fahrgastzahl);48,19;2,30
2451454;14.01.2025;Mo-Fr S;17;ddb;Netz 4 Los 1;17029;RE 7;23:19;Weil am Rhein;de:08336:6639;1,5;6,2;16,2;441,5;410;3,68%;Fahrplanfahrt (mit Fahrgastzahl);50,22;3,09
2451455;14.01.2025;Mo-Fr S;18;ddb;Netz 4 Los 1;17029;RE 7;23:23;Basel Bad Bf;ch:23005:6;0,0;16,2;0,0;;;;Fahrplanfahrt (mit Fahrgastzahl);;
2452395;14.01.2025;Mo-Fr S;0;ddb;Netz 4 Los 1;17034;RE 7;21:58;Basel Bad Bf;ch:23005:6;81,1;0,0;81,1;432,2;410;18,76%;Fahrplanfahrt (mit Fahrgastzahl);250,86;3,09
2452396;14.01.2025;Mo-Fr S;1;ddb;Netz 4 Los 1;17034;RE 7;22:02;Weil am Rhein;de:08336:6639;26,7;7,4;100,4;432,2;410;23,23%;Fahrplanfahrt (mit Fahrgastzahl);2940,38;29,29
2452397;14.01.2025;Mo-Fr S;2;ddb;Netz 4 Los 1;17034;RE 7;22:22;Müllheim(Baden);de:08315:6522;17,8;11,4;106,7;432,2;410;24,70%;Fahrplanfahrt (mit Fahrgastzahl);906,78;8,50
2452398;14.01.2025;Mo-Fr S;3;ddb;Netz 4 Los 1;17034;RE 7;22:27;Heitersheim;de:08315:6665;7,6;6,5;107,9;432,2;410;24,96%;Fahrplanfahrt (mit Fahrgastzahl);643,20;5,96
2452399;14.01.2025;Mo-Fr S;4;ddb;Netz 4 Los 1;17034;RE 7;22:32;Bad Krozingen;de:08315:6501;26,4;10,5;123,7;432,2;410;28,63%;Fahrplanfahrt (mit Fahrgastzahl);1799,40;14,54
2452400;14.01.2025;Mo-Fr S;5;ddb;Netz 4 Los 1;17034;RE 7;22:42;Freiburg(Breisgau) Hbf;de:08311:6508;146,2;95,9;174,0;421,1;410;41,33%;Fahrplanfahrt (mit Fahrgastzahl);1479,75;8,50
2452401;14.01.2025;Mo-Fr S;6;ddb;Netz 4 Los 1;17034;RE 7;22:48;Denzlingen;de:08316:6505;14,4;16,3;172,1;421,1;410;40,88%;Fahrplanfahrt (mit Fahrgastzahl);1231,63;7,16
2452402;14.01.2025;Mo-Fr S;7;ddb;Netz 4 Los 1;17034;RE 7;22:53;Emmendingen;de:08316:90;17,1;62,9;126,3;421,1;410;29,99%;Fahrplanfahrt (mit Fahrgastzahl);861,60;6,82
2452403;14.01.2025;Mo-Fr S;8;ddb;Netz 4 Los 1;17034;RE 7;22:57;Riegel-Malterdingen;de:08316:5290;2,5;19,7;109,1;421,1;410;25,92%;Fahrplanfahrt (mit Fahrgastzahl);533,23;4,89
2452404;14.01.2025;Mo-Fr S;9;ddb;Netz 4 Los 1;17034;RE 7;23:00;Kenzingen;de:08316:6518;3,1;23,2;89,1;421,1;410;21,15%;Fahrplanfahrt (mit Fahrgastzahl);292,10;3,28
2452405;14.01.2025;Mo-Fr S;10;ddb;Netz 4 Los 1;17034;RE 7;23:03;Herbolzheim(Breisg);de:08316:6562;5,1;26,9;67,3;421,1;410;15,98%;Fahrplanfahrt (mit Fahrgastzahl);943,10;14,01
2452406;14.01.2025;Mo-Fr S;11;ddb;Netz 4 Los 1;17034;RE 7;23:11;Lahr(Schwarzw);de:08317:12103;15,1;26,6;55,7;421,1;410;13,23%;Fahrplanfahrt (mit Fahrgastzahl);1013,00;18,18
2452407;14.01.2025;Mo-Fr S;12;ddb;Netz 4 Los 1;17034;RE 7;23:21;Offenburg;de:08317:14506;0,0;55,7;0,0;;;;Fahrplanfahrt (mit Fahrgastzahl);;
2455296;14.01.2025;Mo-Fr S;0;ddb;Netz 4 Los 1;5338;RE 7;22:59;Basel SBB;ch:23005:300;19,0;0,0;19,0;410;410;4,63%;Zählfahrt AFZS;;
2455297;14.01.2025;Mo-Fr S;1;ddb;Netz 4 Los 1;5338;RE 7;23:08;Basel Bad Bf;ch:23005:6;13,0;7,0;25,0;410;410;6,10%;Zählfahrt AFZS;77,35;3,09
2455298;14.01.2025;Mo-Fr S;2;ddb;Netz 4 Los 1;5338;RE 7;23:11;Weil am Rhein;de:08336:6639;6,0;7,0;24,0;410;410;5,85%;Zählfahrt AFZS;55,18;2,30
2455299;14.01.2025;Mo-Fr S;3;ddb;Netz 4 Los 1;5338;RE 7;23:14;Haltingen;de:08336:6638;0,0;4,0;20,0;410;410;4,88%;Zählfahrt AFZS;120,50;6,03
2455300;14.01.2025;Mo-Fr S;4;ddb;Netz 4 Los 1;5338;RE 7;23:20;Efringen-Kirchen;de:08336:6631;0,0;3,0;17,0;410;410;4,15%;Zählfahrt AFZS;195,40;11,49
2455301;14.01.2025;Mo-Fr S;5;ddb;Netz 4 Los 1;5338;RE 7;23:31;Bad Bellingen;de:08336:6628;1,0;0,0;18,0;410;410;4,39%;Zählfahrt AFZS;170,55;9,48
2455302;14.01.2025;Mo-Fr S;6;ddb;Netz 4 Los 1;5338;RE 7;23:37;Müllheim(Baden);de:08315:6522;2,0;0,0;20,0;410;410;4,88%;Zählfahrt AFZS;169,92;8,50
2455303;14.01.2025;Mo-Fr S;7;ddb;Netz 4 Los 1;5338;RE 7;23:42;Heitersheim;de:08315:6665;0,0;0,0;20,0;410;410;4,88%;Zählfahrt AFZS;119,26;5,96
2455304;14.01.2025;Mo-Fr S;8;ddb;Netz 4 Los 1;5338;RE 7;23:47;Bad Krozingen;de:08315:6501;1,0;4,0;17,0;410;410;4,15%;Zählfahrt AFZS;99,74;5,87
2455305;14.01.2025;Mo-Fr S;9;ddb;Netz 4 Los 1;5338;RE 7;23:51;Schallstadt;de:08315:6677;3,0;0,0;20,0;410;410;4,88%;Zählfahrt AFZS;173,52;8,68
2455306;14.01.2025;Mo-Fr S;10;ddb;Netz 4 Los 1;5338;RE 7;24:10;Freiburg(Breisgau) Hbf;de:08311:6508;32,0;20,0;32,0;410;410;7,80%;Zählfahrt AFZS;43,23;1,35
2455307;14.01.2025;Mo-Fr S;11;ddb;Netz 4 Los 1;5338;RE 7;24:12;Freiburg-Herdern;de:08311:6510;1,0;1,0;32,0;410;410;7,80%;Zählfahrt AFZS;63,81;1,99
2455308;14.01.2025;Mo-Fr S;12;ddb;Netz 4 Los 1;5338;RE 7;24:14;Freiburg-Zähringen;de:08311:6512;0,0;0,0;32,0;410;410;7,80%;Zählfahrt AFZS;77,50;2,42
2455309;14.01.2025;Mo-Fr S;13;ddb;Netz 4 Los 1;5338;RE 7;24:17;Gundelfingen(Breisgau);de:08315:6514;0,0;7,0;25,0;410;410;6,10%;Zählfahrt AFZS;68,40;2,74
2455310;14.01.2025;Mo-Fr S;14;ddb;Netz 4 Los 1;5338;RE 7;24:20;Denzlingen;de:08316:6505;2,0;1,0;26,0;410;410;6,34%;Zählfahrt AFZS;87,02;3,35
2455311;14.01.2025;Mo-Fr S;15;ddb;Netz 4 Los 1;5338;RE 7;24:23;Kollmarsreute;de:08316:6667;0,0;2,0;24,0;410;410;5,85%;Zählfahrt AFZS;91,39;3,81
2455312;14.01.2025;Mo-Fr S;16;ddb;Netz 4 Los 1;5338;RE 7;24:26;Emmendingen;de:08316:90;4,0;7,0;21,0;410;410;5,12%;Zählfahrt AFZS;51,28;2,44
2455313;14.01.2025;Mo-Fr S;17;ddb;Netz 4 Los 1;5338;RE 7;24:29;Teningen-Mundingen;de:08316:729;0,0;4,0;17,0;410;410;4,15%;Zählfahrt AFZS;24,75;1,46
2455314;14.01.2025;Mo-Fr S;18;ddb;Netz 4 Los 1;5338;RE 7;24:31;Köndringen;de:08316:6668;0,0;4,0;13,0;410;410;3,17%;Zählfahrt AFZS;38,01;2,92
2455315;14.01.2025;Mo-Fr S;19;ddb;Netz 4 Los 1;5338;RE 7;24:34;Riegel-Malterdingen;de:08316:5290;0,0;3,0;10,0;410;410;2,44%;Zählfahrt AFZS;48,86;4,89
2455316;14.01.2025;Mo-Fr S;20;ddb;Netz 4 Los 1;5338;RE 7;24:38;Kenzingen;de:08316:6518;0,0;4,0;6,0;410;410;1,46%;Zählfahrt AFZS;19,68;3,28
2455317;14.01.2025;Mo-Fr S;21;ddb;Netz 4 Los 1;5338;RE 7;24:41;Herbolzheim(Breisg);de:08316:6562;0,0;1,0;5,0;410;410;1,22%;Zählfahrt AFZS;14,54;2,91
2455318;14.01.2025;Mo-Fr S;22;ddb;Netz 4 Los 1;5338;RE 7;24:44;Ringsheim;de:08317:16700;1,0;0,0;6,0;410;410;1,46%;Zählfahrt AFZS;18,01;3,00
2455319;14.01.2025;Mo-Fr S;23;ddb;Netz 4 Los 1;5338;RE 7;24:48;Orschweier;de:08317:18601;0,0;0,0;6,0;410;410;1,46%;Zählfahrt AFZS;48,63;8,11
2455320;14.01.2025;Mo-Fr S;24;ddb;Netz 4 Los 1;5338;RE 7;24:54;Lahr(Schwarzw);de:08317:12103;1,0;3,0;4,0;410;410;0,98%;Zählfahrt AFZS;20,01;5,00
2455321;14.01.2025;Mo-Fr S;25;ddb;Netz 4 Los 1;5338;RE 7;24:57;Friesenheim(Baden);de:08317:16220;0,0;1,0;3,0;410;410;0,73%;Zählfahrt AFZS;39,52;13,17
2455322;14.01.2025;Mo-Fr S;26;ddb;Netz 4 Los 1;5338;RE 7;25:06;Offenburg;de:08317:14506;0,0;3,0;0,0;0;;;Zählfahrt AFZS;;
2457228;14.01.2025;Mo-Fr S;0;ddb;Netz 4 Los 1;17031;RE 7;24:07;Offenburg;de:08317:14506;44,5;0,0;44,5;446,7;;9,96%;Fahrplanfahrt (mit Fahrgastzahl);808,88;18,18
2457229;14.01.2025;Mo-Fr S;1;ddb;Netz 4 Los 1;17031;RE 7;24:17;Lahr(Schwarzw);de:08317:12103;15,7;13,0;47,2;446,7;;10,56%;Fahrplanfahrt (mit Fahrgastzahl);382,29;8,11
2457230;14.01.2025;Mo-Fr S;2;ddb;Netz 4 Los 1;17031;RE 7;24:23;Orschweier;de:08317:18601;2,5;7,2;42,5;446,7;;9,51%;Fahrplanfahrt (mit Fahrgastzahl);127,54;3,00
2457231;14.01.2025;Mo-Fr S;3;ddb;Netz 4 Los 1;17031;RE 7;24:26;Ringsheim;de:08317:16700;4,7;6,2;41,0;446,7;;9,18%;Fahrplanfahrt (mit Fahrgastzahl);119,23;2,91
2457232;14.01.2025;Mo-Fr S;4;ddb;Netz 4 Los 1;17031;RE 7;24:29;Herbolzheim(Breisg);de:08316:6562;11,0;6,5;45,5;446,7;;10,19%;Fahrplanfahrt (mit Fahrgastzahl);149,24;3,28
2457233;14.01.2025;Mo-Fr S;5;ddb;Netz 4 Los 1;17031;RE 7;24:33;Kenzingen;de:08316:6518;5,2;5,3;45,3;446,7;;10,15%;Fahrplanfahrt (mit Fahrgastzahl);221,50;4,89
2457234;14.01.2025;Mo-Fr S;6;ddb;Netz 4 Los 1;17031;RE 7;24:37;Riegel-Malterdingen;de:08316:5290;10,7;6,2;49,8;446,7;;11,16%;Fahrplanfahrt (mit Fahrgastzahl);339,96;6,82
2457235;14.01.2025;Mo-Fr S;7;ddb;Netz 4 Los 1;17031;RE 7;24:41;Emmendingen;de:08316:90;20,0;9,3;60,5;446,7;;13,54%;Fahrplanfahrt (mit Fahrgastzahl);432,88;7,16
2457236;14.01.2025;Mo-Fr S;8;ddb;Netz 4 Los 1;17031;RE 7;24:46;Denzlingen;de:08316:6505;6,3;10,3;56,5;446,7;;12,65%;Fahrplanfahrt (mit Fahrgastzahl);480,42;8,50
2457237;14.01.2025;Mo-Fr S;9;ddb;Netz 4 Los 1;17031;RE 7;24:51;Freiburg(Breisgau) Hbf;de:08311:6508;0,0;56,5;0,0;;;;Fahrplanfahrt (mit Fahrgastzahl);;
2941443;21.01.2025;Mo-Fr S;0;ddb;Netz 4 Los 1;17033;RE 7;00:06;Karlsruhe Hbf;de:08212:90;27,0;0,0;27,0;410;410;6,59%;Zählfahrt AFZS;154,06;5,71
2941444;21.01.2025;Mo-Fr S;1;ddb;Netz 4 Los 1;17033;RE 7;00:11;Ettlingen West;de:08215:1840;0,0;0,0;27,0;410;410;6,59%;Zählfahrt AFZS;78,06;2,89
2941445;21.01.2025;Mo-Fr S;2;ddb;Netz 4 Los 1;17033;RE 7;00:13;Bruchhausen(b Ettlingen);de:08215:1841;0,0;0,0;27,0;410;410;6,59%;Zählfahrt AFZS;143,75;5,32
2941446;21.01.2025;Mo-Fr S;3;ddb;Netz 4 Los 1;17033;RE 7;00:17;Malsch;de:08215:8306;1,0;1,0;27,0;410;410;6,59%;Zählfahrt AFZS;104,73;3,88
2941447;21.01.2025;Mo-Fr S;4;ddb;Netz 4 Los 1;17033;RE 7;00:21;Muggensturm;de:08216:1843;5,0;1,0;31,0;410;410;7,56%;Zählfahrt AFZS;147,56;4,76
2941448;21.01.2025;Mo-Fr S;5;ddb;Netz 4 Los 1;17033;RE 7;00:26;Rastatt;de:08216:1844;3,0;11,0;23,0;410;410;5,61%;Zählfahrt AFZS;196,83;8,56
2941449;21.01.2025;Mo-Fr S;6;ddb;Netz 4 Los 1;17033;RE 7;00:33;Baden-Baden;de:08211:1847;1,0;8,0;16,0;410;410;3,90%;Zählfahrt AFZS;184,42;11,53
2941450;21.01.2025;Mo-Fr S;7;ddb;Netz 4 Los 1;17033;RE 7;00:41;Bühl(Baden);de:08216:32227;0,0;2,0;14,0;410;410;3,41%;Zählfahrt AFZS;118,30;8,45
2941451;21.01.2025;Mo-Fr S;8;ddb;Netz 4 Los 1;17033;RE 7;00:47;Achern;de:08317:33013;1,0;2,0;13,0;410;410;3,17%;Zählfahrt AFZS;82,46;6,34
2941452;21.01.2025;Mo-Fr S;9;ddb;Netz 4 Los 1;17033;RE 7;00:52;Renchen;de:08317:13554;0,0;1,0;12,0;410;410;2,93%;Zählfahrt AFZS;75,19;6,27
2941453;21.01.2025;Mo-Fr S;10;ddb;Netz 4 Los 1;17033;RE 7;00:57;Appenweier;de:08317:14120;0,0;1,0;11,0;410;410;2,68%;Zählfahrt AFZS;83,02;7,55
2941454;21.01.2025;Mo-Fr S;11;ddb;Netz 4 Los 1;17033;RE 7;01:02;Offenburg;de:08317:14506;0,0;11,0;0,0;0;;;Zählfahrt AFZS;;
2942523;21.01.2025;Mo-Fr S;0;ddb;Netz 4 Los 1;17001;RE 7;04:23;Offenburg;de:08317:14506;9,0;0,0;9,0;410;410;2,20%;Zählfahrt AFZS;118,57;13,17
2942524;21.01.2025;Mo-Fr S;1;ddb;Netz 4 Los 1;17001;RE 7;04:31;Friesenheim(Baden);de:08317:16220;2,0;0,0;11,0;410;410;2,68%;Zählfahrt AFZS;55,03;5,00
2942525;21.01.2025;Mo-Fr S;2;ddb;Netz 4 Los 1;17001;RE 7;04:35;Lahr(Schwarzw);de:08317:12103;9,0;2,0;18,0;410;410;4,39%;Zählfahrt AFZS;145,89;8,11
2942526;21.01.2025;Mo-Fr S;3;ddb;Netz 4 Los 1;17001;RE 7;04:40;Orschweier;de:08317:18601;10,0;1,0;27,0;410;410;6,59%;Zählfahrt AFZS;81,03;3,00
2942527;21.01.2025;Mo-Fr S;4;ddb;Netz 4 Los 1;17001;RE 7;04:43;Ringsheim;de:08317:16700;5,0;0,0;32,0;410;410;7,80%;Zählfahrt AFZS;93,06;2,91
2942528;21.01.2025;Mo-Fr S;5;ddb;Netz 4 Los 1;17001;RE 7;04:47;Herbolzheim(Breisg);de:08316:6562;16,0;6,0;42,0;410;410;10,24%;Zählfahrt AFZS;137,76;3,28
2942529;21.01.2025;Mo-Fr S;6;ddb;Netz 4 Los 1;17001;RE 7;04:50;Kenzingen;de:08316:6518;27,0;3,0;66,0;410;410;16,10%;Zählfahrt AFZS;322,48;4,89
2942530;21.01.2025;Mo-Fr S;7;ddb;Netz 4 Los 1;17001;RE 7;04:54;Riegel-Malterdingen;de:08316:5290;7,0;3,0;70,0;410;410;17,07%;Zählfahrt AFZS;204,68;2,92
2942531;21.01.2025;Mo-Fr S;8;ddb;Netz 4 Los 1;17001;RE 7;04:57;Köndringen;de:08316:6668;2,0;0,0;72,0;410;410;17,56%;Zählfahrt AFZS;104,83;1,46
2942532;21.01.2025;Mo-Fr S;9;ddb;Netz 4 Los 1;17001;RE 7;05:00;Teningen-Mundingen;de:08316:729;9,0;3,0;78,0;410;410;19,02%;Zählfahrt AFZS;190,48;2,44
2942533;21.01.2025;Mo-Fr S;10;ddb;Netz 4 Los 1;17001;RE 7;05:03;Emmendingen;de:08316:90;30,0;3,0;105,0;410;410;25,61%;Zählfahrt AFZS;399,84;3,81
2942534;21.01.2025;Mo-Fr S;11;ddb;Netz 4 Los 1;17001;RE 7;05:06;Kollmarsreute;de:08316:6667;6,0;1,0;110,0;410;410;26,83%;Zählfahrt AFZS;368,17;3,35
2942535;21.01.2025;Mo-Fr S;12;ddb;Netz 4 Los 1;17001;RE 7;05:10;Denzlingen;de:08316:6505;48,0;11,0;147,0;410;410;35,85%;Zählfahrt AFZS;402,19;2,74
2942536;21.01.2025;Mo-Fr S;13;ddb;Netz 4 Los 1;17001;RE 7;05:13;Gundelfingen(Breisgau);de:08315:6514;14,0;4,0;157,0;410;410;38,29%;Zählfahrt AFZS;380,25;2,42
2942537;21.01.2025;Mo-Fr S;14;ddb;Netz 4 Los 1;17001;RE 7;05:16;Freiburg-Zähringen;de:08311:6512;3,0;3,0;157,0;410;410;38,29%;Zählfahrt AFZS;313,06;1,99
2942538;21.01.2025;Mo-Fr S;15;ddb;Netz 4 Los 1;17001;RE 7;05:18;Freiburg-Herdern;de:08311:6510;11,0;12,0;156,0;410;410;38,05%;Zählfahrt AFZS;210,76;1,35
2942539;21.01.2025;Mo-Fr S;16;ddb;Netz 4 Los 1;17001;RE 7;05:32;Freiburg(Breisgau) Hbf;de:08311:6508;123,0;116,0;163,0;410;410;39,76%;Zählfahrt AFZS;1414,35;8,68
2942540;21.01.2025;Mo-Fr S;17;ddb;Netz 4 Los 1;17001;RE 7;05:37;Schallstadt;de:08315:6677;16,0;1,0;178,0;410;410;43,41%;Zählfahrt AFZS;1044,33;5,87
2942541;21.01.2025;Mo-Fr S;18;ddb;Netz 4 Los 1;17001;RE 7;05:42;Bad Krozingen;de:08315:6501;48,0;22,0;204,0;410;410;49,76%;Zählfahrt AFZS;1216,45;5,96
2942542;21.01.2025;Mo-Fr S;19;ddb;Netz 4 Los 1;17001;RE 7;05:46;Heitersheim;de:08315:6665;33,0;35,0;202,0;410;410;49,27%;Zählfahrt AFZS;612,87;3,03
2942543;21.01.2025;Mo-Fr S;20;ddb;Netz 4 Los 1;17001;RE 7;05:49;Buggingen;de:08315:6644;6,0;9,0;199,0;410;410;48,54%;Zählfahrt AFZS;1086,94;5,46
2942544;21.01.2025;Mo-Fr S;21;ddb;Netz 4 Los 1;17001;RE 7;05:53;Müllheim(Baden);de:08315:6522;50,0;39,0;210,0;410;410;51,22%;Zählfahrt AFZS;1228,50;5,85
2942545;21.01.2025;Mo-Fr S;22;ddb;Netz 4 Los 1;17001;RE 7;05:58;Schliengen;de:08336:6678;24,0;3,0;231,0;410;410;56,34%;Zählfahrt AFZS;837,38;3,63
2942546;21.01.2025;Mo-Fr S;23;ddb;Netz 4 Los 1;17001;RE 7;06:02;Bad Bellingen;de:08336:6628;20,0;1,0;250,0;410;410;60,98%;Zählfahrt AFZS;2873,50;11,49
2942547;21.01.2025;Mo-Fr S;24;ddb;Netz 4 Los 1;17001;RE 7;06:12;Efringen-Kirchen;de:08336:6631;22,0;7,0;265,0;410;410;64,63%;Zählfahrt AFZS;1596,62;6,03
2942548;21.01.2025;Mo-Fr S;25;ddb;Netz 4 Los 1;17001;RE 7;06:17;Haltingen;de:08336:6638;31,0;11,0;285,0;410;410;69,51%;Zählfahrt AFZS;655,22;2,30
2942549;21.01.2025;Mo-Fr S;26;ddb;Netz 4 Los 1;17001;RE 7;06:20;Weil am Rhein;de:08336:6639;15,0;59,0;241,0;410;410;58,78%;Zählfahrt AFZS;745,65;3,09
2942550;21.01.2025;Mo-Fr S;27;ddb;Netz 4 Los 1;17001;RE 7;06:24;Basel Bad Bf;ch:23005:6;0,0;241,0;0,0;0;;;Zählfahrt AFZS;;
2945613;21.01.2025;Mo-Fr S;0;ddb;Netz 4 Los 1;5331;RE 7;05:11;Offenburg;de:08317:14506;39,0;0,0;39,0;410,0;410;9,51%;Fahrplanfahrt (mit Fahrgastzahl);513,50;13,17
2945614;21.01.2025;Mo-Fr S;1;ddb;Netz 4 Los 1;5331;RE 7;05:20;Friesenheim(Baden);de:08317:16220;10,2;1,3;47,8;410,0;410;11,66%;Fahrplanfahrt (mit Fahrgastzahl);239,17;5,00
2945615;21.01.2025;Mo-Fr S;2;ddb;Netz 4 Los 1;5331;RE 7;05:24;Lahr(Schwarzw);de:08317:12103;59,7;13,9;93,7;410,0;410;22,84%;Fahrplanfahrt (mit Fahrgastzahl);759,05;8,11
2945616;21.01.2025;Mo-Fr S;3;ddb;Netz 4 Los 1;5331;RE 7;05:29;Orschweier;de:08317:18601;22,6;21,1;95,2;410,0;410;23,21%;Fahrplanfahrt (mit Fahrgastzahl);285,55;3,00
2945617;21.01.2025;Mo-Fr S;4;ddb;Netz 4 Los 1;5331;RE 7;05:32;Ringsheim;de:08317:16700;5,4;10,3;90,3;410,0;410;22,01%;Fahrplanfahrt (mit Fahrgastzahl);262,48;2,91
2945618;21.01.2025;Mo-Fr S;5;ddb;Netz 4 Los 1;5331;RE 7;05:34;Herbolzheim(Breisg);de:08316:6562;32,4;17,0;105,6;410,0;410;25,76%;Fahrplanfahrt (mit Fahrgastzahl);346,40;3,28
2945619;21.01.2025;Mo-Fr S;6;ddb;Netz 4 Los 1;5331;RE 7;05:38;Kenzingen;de:08316:6518;41,7;3,3;143,9;410,0;410;35,11%;Fahrplanfahrt (mit Fahrgastzahl);703,27;4,89
2945620;21.01.2025;Mo-Fr S;7;ddb;Netz 4 Los 1;5331;RE 7;05:42;Riegel-Malterdingen;de:08316:5290;21,8;8,2;157,5;410,0;410;38,42%;Fahrplanfahrt (mit Fahrgastzahl);460,59;2,92
2945621;21.01.2025;Mo-Fr S;8;ddb;Netz 4 Los 1;5331;RE 7;05:45;Köndringen;de:08316:6668;6,7;2,5;161,7;410,0;410;39,44%;Fahrplanfahrt (mit Fahrgastzahl);235,43;1,46
2945622;21.01.2025;Mo-Fr S;9;ddb;Netz 4 Los 1;5331;RE 7;05:47;Teningen-Mundingen;de:08316:729;12,8;4,6;169,9;410,0;410;41,44%;Fahrplanfahrt (mit Fahrgastzahl);414,93;2,44
2945623;21.01.2025;Mo-Fr S;10;ddb;Netz 4 Los 1;5331;RE 7;05:50;Emmendingen;de:08316:90;45,0;27,2;187,7;410,0;410;45,79%;Fahrplanfahrt (mit Fahrgastzahl);714,91;3,81
2945624;21.01.2025;Mo-Fr S;11;ddb;Netz 4 Los 1;5331;RE 7;05:53;Kollmarsreute;de:08316:6667;5,0;1,5;191,2;410,0;410;46,64%;Fahrplanfahrt (mit Fahrgastzahl);640,08;3,35
2945625;21.01.2025;Mo-Fr S;12;ddb;Netz 4 Los 1;5331;RE 7;05:56;Denzlingen;de:08316:6505;13,8;14,5;190,5;410,0;410;46,46%;Fahrplanfahrt (mit Fahrgastzahl);521,15;2,74
2945626;21.01.2025;Mo-Fr S;13;ddb;Netz 4 Los 1;5331;RE 7;05:59;Gundelfingen(Breisgau);de:08315:6514;10,5;7,9;193,1;410,0;410;47,09%;Fahrplanfahrt (mit Fahrgastzahl);467,66;2,42
2945627;21.01.2025;Mo-Fr S;14;ddb;Netz 4 Los 1;5331;RE 7;06:02;Freiburg-Zähringen;de:08311:6512;6,0;7,7;191,4;410,0;410;46,68%;Fahrplanfahrt (mit Fahrgastzahl);381,59;1,99
2945628;21.01.2025;Mo-Fr S;15;ddb;Netz 4 Los 1;5331;RE 7;06:05;Freiburg-Herdern;de:08311:6510;3,7;19,6;175,5;410,0;410;42,81%;Fahrplanfahrt (mit Fahrgastzahl);237,13;1,35
2945629;21.01.2025;Mo-Fr S;16;ddb;Netz 4 Los 1;5331;RE 7;06:27;Freiburg(Breisgau) Hbf;de:08311:6508;204,4;153,1;226,8;490,2;820;46,27%;Fahrplanfahrt (mit Fahrgastzahl);1968,17;8,68
2945630;21.01.2025;Mo-Fr S;17;ddb;Netz 4 Los 1;5331;RE 7;06:33;Schallstadt;de:08315:6677;24,4;2,7;248,5;490,2;820;50,70%;Fahrplanfahrt (mit Fahrgastzahl);1458,20;5,87
2945631;21.01.2025;Mo-Fr S;18;ddb;Netz 4 Los 1;5331;RE 7;06:37;Bad Krozingen;de:08315:6501;53,0;24,0;277,5;490,2;820;56,62%;Fahrplanfahrt (mit Fahrgastzahl);1654,99;5,96
2945632;21.01.2025;Mo-Fr S;19;ddb;Netz 4 Los 1;5331;RE 7;06:41;Heitersheim;de:08315:6665;31,8;37,2;272,2;490,2;820;55,53%;Fahrplanfahrt (mit Fahrgastzahl);825,91;3,03
2945633;21.01.2025;Mo-Fr S;20;ddb;Netz 4 Los 1;5331;RE 7;06:44;Buggingen;de:08315:6644;6,0;13,7;264,6;490,2;820;53,97%;Fahrplanfahrt (mit Fahrgastzahl);1445,06;5,46
2945634;21.01.2025;Mo-Fr S;21;ddb;Netz 4 Los 1;5331;RE 7;06:49;Müllheim(Baden);de:08315:6522;48,1;58,3;254,4;490,2;820;51,89%;Fahrplanfahrt (mit Fahrgastzahl);1488,06;5,85
2945635;21.01.2025;Mo-Fr S;22;ddb;Netz 4 Los 1;5331;RE 7;06:53;Schliengen;de:08336:6678;24,4;7,3;271,4;490,2;820;55,37%;Fahrplanfahrt (mit Fahrgastzahl);983,95;3,63
2945636;21.01.2025;Mo-Fr S;23;ddb;Netz 4 Los 1;5331;RE 7;06:57;Bad Bellingen;de:08336:6628;17,6;3,4;285,7;490,2;820;58,27%;Fahrplanfahrt (mit Fahrgastzahl);3283,29;11,49
2945637;21.01.2025;Mo-Fr S;24;ddb;Netz 4 Los 1;5331;RE 7;07:08;Efringen-Kirchen;de:08336:6631;55,3;5,2;335,8;490,2;820;68,49%;Fahrplanfahrt (mit Fahrgastzahl);1329,95;3,96
2945638;21.01.2025;Mo-Fr S;25;ddb;Netz 4 Los 1;5331;RE 7;07:11;Eimeldingen;de:08336:6634;17,0;6,6;346,1;490,2;820;70,60%;Fahrplanfahrt (mit Fahrgastzahl);714,32;2,06
2945639;21.01.2025;Mo-Fr S;26;ddb;Netz 4 Los 1;5331;RE 7;07:14;Haltingen;de:08336:6638;25,0;7,5;363,6;490,2;820;74,17%;Fahrplanfahrt (mit Fahrgastzahl);835,89;2,30
2945640;21.01.2025;Mo-Fr S;27;ddb;Netz 4 Los 1;5331;RE 7;07:19;Weil am Rhein;de:08336:6639;18,1;118,9;262,7;490,2;820;53,60%;Fahrplanfahrt (mit Fahrgastzahl);812,91;3,09
2945641;21.01.2025;Mo-Fr S;28;ddb;Netz 4 Los 1;5331;RE 7;07:23;Basel Bad Bf;ch:23005:6;4,2;120,8;146,1;490,2;820;29,80%;Fahrplanfahrt (mit Fahrgastzahl);;
2945642;21.01.2025;Mo-Fr S;29;ddb;Netz 4 Los 1;5331;RE 7;07:30;Basel SBB;ch:23005:300;0,0;146,1;0,0;;;;Fahrplanfahrt (mit Fahrgastzahl);;
2946233;21.01.2025;Mo-Fr S;0;ddb;Netz 4 Los 1;17000;RE 7;05:20;Freiburg(Breisgau) Hbf;de:08311:6508;50,4;0,0;50,4;410,0;;12,30%;Fahrplanfahrt (mit Fahrgastzahl);68,13;1,35
2946234;21.01.2025;Mo-Fr S;1;ddb;Netz 4 Los 1;17000;RE 7;05:22;Freiburg-Herdern;de:08311:6510;5,2;0,2;55,4;410,0;;13,51%;Fahrplanfahrt (mit Fahrgastzahl);110,49;1,99
2946235;21.01.2025;Mo-Fr S;2;ddb;Netz 4 Los 1;17000;RE 7;05:25;Freiburg-Zähringen;de:08311:6512;4,2;0,3;59,2;410,0;;14,45%;Fahrplanfahrt (mit Fahrgastzahl);143,50;2,42
2946236;21.01.2025;Mo-Fr S;3;ddb;Netz 4 Los 1;17000;RE 7;05:28;Gundelfingen(Breisgau);de:08315:6514;5,6;0,1;64,8;410,0;;15,79%;Fahrplanfahrt (mit Fahrgastzahl);177,16;2,74
2946237;21.01.2025;Mo-Fr S;4;ddb;Netz 4 Los 1;17000;RE 7;05:32;Denzlingen;de:08316:6505;13,0;4,5;73,3;410,0;;17,88%;Fahrplanfahrt (mit Fahrgastzahl);524,43;7,16
2946238;21.01.2025;Mo-Fr S;5;ddb;Netz 4 Los 1;17000;RE 7;05:37;Emmendingen;de:08316:90;18,1;20,3;71,1;410,0;;17,34%;Fahrplanfahrt (mit Fahrgastzahl);485,14;6,82
2946239;21.01.2025;Mo-Fr S;6;ddb;Netz 4 Los 1;17000;RE 7;05:42;Riegel-Malterdingen;de:08316:5290;14,4;12,5;73,0;410,0;;17,82%;Fahrplanfahrt (mit Fahrgastzahl);356,90;4,89
2946240;21.01.2025;Mo-Fr S;7;ddb;Netz 4 Los 1;17000;RE 7;05:46;Kenzingen;de:08316:6518;10,3;4,6;78,8;410,0;;19,22%;Fahrplanfahrt (mit Fahrgastzahl);258,45;3,28
2946241;21.01.2025;Mo-Fr S;8;ddb;Netz 4 Los 1;17000;RE 7;05:49;Herbolzheim(Breisg);de:08316:6562;14,8;9,8;83,8;410,0;;20,43%;Fahrplanfahrt (mit Fahrgastzahl);243,61;2,91
2946242;21.01.2025;Mo-Fr S;9;ddb;Netz 4 Los 1;17000;RE 7;05:52;Ringsheim;de:08317:16700;4,2;4,6;83,3;410,0;;20,32%;Fahrplanfahrt (mit Fahrgastzahl);250,04;3,00
2946243;21.01.2025;Mo-Fr S;10;ddb;Netz 4 Los 1;17000;RE 7;05:55;Orschweier;de:08317:18601;22,6;5,6;100,3;410,0;;24,47%;Fahrplanfahrt (mit Fahrgastzahl);813,08;8,11
2946244;21.01.2025;Mo-Fr S;11;ddb;Netz 4 Los 1;17000;RE 7;06:00;Lahr(Schwarzw);de:08317:12103;47,0;19,0;128,3;410,0;;31,30%;Fahrplanfahrt (mit Fahrgastzahl);642,09;5,00
2946245;21.01.2025;Mo-Fr S;12;ddb;Netz 4 Los 1;17000;RE 7;06:03;Friesenheim(Baden);de:08317:16220;9,1;3,5;134,0;410,0;;32,68%;Fahrplanfahrt (mit Fahrgastzahl);1765,02;13,17
2946246;21.01.2025;Mo-Fr S;13;ddb;Netz 4 Los 1;17000;RE 7;06:27;Offenburg;de:08317:14506;112,4;70,5;175,8;438,0;;40,15%;Fahrplanfahrt (mit Fahrgastzahl);1327,07;7,55
2946247;21.01.2025;Mo-Fr S;14;ddb;Netz 4 Los 1;17000;RE 7;06:32;Appenweier;de:08317:14120;34,6;4,6;205,8;438,0;;47,00%;Fahrplanfahrt (mit Fahrgastzahl);1289,80;6,27
2946248;21.01.2025;Mo-Fr S;15;ddb;Netz 4 Los 1;17000;RE 7;06:36;Renchen;de:08317:13554;18,1;6,2;217,7;438,0;;49,70%;Fahrplanfahrt (mit Fahrgastzahl);1380,76;6,34
2946249;21.01.2025;Mo-Fr S;16;ddb;Netz 4 Los 1;17000;RE 7;06:41;Achern;de:08317:33013;54,5;22,6;249,6;438,0;;57,00%;Fahrplanfahrt (mit Fahrgastzahl);2109,24;8,45
2946250;21.01.2025;Mo-Fr S;17;ddb;Netz 4 Los 1;17000;RE 7;06:47;Bühl(Baden);de:08216:32227;110,0;21,6;338,0;438,0;;77,18%;Fahrplanfahrt (mit Fahrgastzahl);3896,05;11,53
2946251;21.01.2025;Mo-Fr S;18;ddb;Netz 4 Los 1;17000;RE 7;06:53;Baden-Baden;de:08211:1847;62,0;45,4;354,6;438,0;;80,97%;Fahrplanfahrt (mit Fahrgastzahl);3034,78;8,56
2946252;21.01.2025;Mo-Fr S;19;ddb;Netz 4 Los 1;17000;RE 7;07:00;Rastatt;de:08216:1844;71,2;57,5;368,3;438,0;;84,10%;Fahrplanfahrt (mit Fahrgastzahl);7651,91;20,77
2946253;21.01.2025;Mo-Fr S;20;ddb;Netz 4 Los 1;17000;RE 7;07:14;Karlsruhe Hbf;de:08212:90;0,0;368,3;0,0;;;;Fahrplanfahrt (mit Fahrgastzahl);;
2952613;21.01.2025;Mo-Fr S;0;ddb;Netz 4 Los 1;17004;RE 7;06:26;Freiburg(Breisgau) Hbf;de:08311:6508;215,0;0,0;215,0;410;820;52,44%;Zählfahrt AFZS;1828,14;8,50
2952614;21.01.2025;Mo-Fr S;1;ddb;Netz 4 Los 1;17004;RE 7;06:31;Denzlingen;de:08316:6505;45,0;6,0;254,0;410;820;61,95%;Zählfahrt AFZS;1817,37;7,16
2952615;21.01.2025;Mo-Fr S;2;ddb;Netz 4 Los 1;17004;RE 7;06:36;Emmendingen;de:08316:90;44,0;37,0;261,0;410;820;63,66%;Zählfahrt AFZS;1780,54;6,82
2952616;21.01.2025;Mo-Fr S;3;ddb;Netz 4 Los 1;17004;RE 7;06:41;Riegel-Malterdingen;de:08316:5290;29,0;33,0;257,0;410;820;62,68%;Zählfahrt AFZS;1255,70;4,89
2952617;21.01.2025;Mo-Fr S;4;ddb;Netz 4 Los 1;17004;RE 7;06:45;Kenzingen;de:08316:6518;47,0;11,0;293,0;410;820;71,46%;Zählfahrt AFZS;961,04;3,28
2952618;21.01.2025;Mo-Fr S;5;ddb;Netz 4 Los 1;17004;RE 7;06:48;Herbolzheim(Breisg);de:08316:6562;55,0;39,0;309,0;410;820;75,37%;Zählfahrt AFZS;898,57;2,91
2952619;21.01.2025;Mo-Fr S;6;ddb;Netz 4 Los 1;17004;RE 7;06:51;Ringsheim;de:08317:16700;35,0;2,0;342,0;410;820;83,41%;Zählfahrt AFZS;1026,34;3,00
2952620;21.01.2025;Mo-Fr S;7;ddb;Netz 4 Los 1;17004;RE 7;06:54;Orschweier;de:08317:18601;73,0;23,0;392,0;410;820;95,61%;Zählfahrt AFZS;3177,16;8,11
2952621;21.01.2025;Mo-Fr S;8;ddb;Netz 4 Los 1;17004;RE 7;07:00;Lahr(Schwarzw);de:08317:12103;142,0;150,0;384,0;410;820;93,66%;Zählfahrt AFZS;1921,15;5,00
2952622;21.01.2025;Mo-Fr S;9;ddb;Netz 4 Los 1;17004;RE 7;07:03;Friesenheim(Baden);de:08317:16220;40,0;4,0;420,0;410;820;102,44%;Zählfahrt AFZS;5533,08;13,17
2952623;21.01.2025;Mo-Fr S;10;ddb;Netz 4 Los 1;17004;RE 7;07:34;Offenburg;de:08317:14506;90,0;343,0;167,0;410;410;40,73%;Zählfahrt AFZS;1260,35;7,55
2952624;21.01.2025;Mo-Fr S;11;ddb;Netz 4 Los 1;17004;RE 7;07:39;Appenweier;de:08317:14120;27,0;9,0;185,0;410;410;45,12%;Zählfahrt AFZS;1159,21;6,27
2952625;21.01.2025;Mo-Fr S;12;ddb;Netz 4 Los 1;17004;RE 7;07:44;Renchen;de:08317:13554;15,0;3,0;197,0;410;410;48,05%;Zählfahrt AFZS;1249,57;6,34
2952626;21.01.2025;Mo-Fr S;13;ddb;Netz 4 Los 1;17004;RE 7;07:49;Achern;de:08317:33013;36,0;38,0;195,0;410;410;47,56%;Zählfahrt AFZS;1647,75;8,45
2952627;21.01.2025;Mo-Fr S;14;ddb;Netz 4 Los 1;17004;RE 7;07:54;Bühl(Baden);de:08216:32227;59,0;25,0;229,0;410;410;55,85%;Zählfahrt AFZS;2639,45;11,53
2952628;21.01.2025;Mo-Fr S;15;ddb;Netz 4 Los 1;17004;RE 7;08:01;Baden-Baden;de:08211:1847;29,0;30,0;228,0;410;410;55,61%;Zählfahrt AFZS;1951,22;8,56
2952629;21.01.2025;Mo-Fr S;16;ddb;Netz 4 Los 1;17004;RE 7;08:08;Rastatt;de:08216:1844;26,0;44,0;210,0;410;410;51,22%;Zählfahrt AFZS;4362,54;20,77
2952630;21.01.2025;Mo-Fr S;17;ddb;Netz 4 Los 1;17004;RE 7;08:21;Karlsruhe Hbf;de:08212:90;0,0;210,0;0,0;0;;;Zählfahrt AFZS;;
2953407;21.01.2025;Mo-Fr S;0;ddb;Netz 4 Los 1;17003;RE 7;06:34;Offenburg;de:08317:14506;159,7;0,0;159,7;750,0;820;21,29%;Fahrplanfahrt (mit Fahrgastzahl);2902,79;18,18
2953408;21.01.2025;Mo-Fr S;1;ddb;Netz 4 Los 1;17003;RE 7;06:44;Lahr(Schwarzw);de:08317:12103;145,7;32,6;272,9;750,0;820;36,38%;Fahrplanfahrt (mit Fahrgastzahl);3823,99;14,01
2953409;21.01.2025;Mo-Fr S;2;ddb;Netz 4 Los 1;17003;RE 7;06:52;Herbolzheim(Breisg);de:08316:6562;184,1;12,0;445,0;750,0;820;59,33%;Fahrplanfahrt (mit Fahrgastzahl);1459,60;3,28
2953410;21.01.2025;Mo-Fr S;3;ddb;Netz 4 Los 1;17003;RE 7;06:56;Kenzingen;de:08316:6518;163,7;5,6;603,0;750,0;820;80,41%;Fahrplanfahrt (mit Fahrgastzahl);2946,47;4,89
2953411;21.01.2025;Mo-Fr S;4;ddb;Netz 4 Los 1;17003;RE 7;07:00;Riegel-Malterdingen;de:08316:5290;200,3;18,9;784,5;750,0;820;104,60%;Fahrplanfahrt (mit Fahrgastzahl);5352,01;6,82
2953412;21.01.2025;Mo-Fr S;5;ddb;Netz 4 Los 1;17003;RE 7;07:05;Emmendingen;de:08316:90;127,3;181,2;730,6;750,0;820;97,41%;Fahrplanfahrt (mit Fahrgastzahl);11439,87;15,66
2953413;21.01.2025;Mo-Fr S;6;ddb;Netz 4 Los 1;17003;RE 7;07:18;Freiburg(Breisgau) Hbf;de:08311:6508;342,9;669,6;403,9;750,0;820;53,85%;Fahrplanfahrt (mit Fahrgastzahl);5873,88;14,54
2953414;21.01.2025;Mo-Fr S;7;ddb;Netz 4 Los 1;17003;RE 7;07:27;Bad Krozingen;de:08315:6501;74,4;101,7;376,5;750,0;820;50,20%;Fahrplanfahrt (mit Fahrgastzahl);2245,20;5,96
2953415;21.01.2025;Mo-Fr S;8;ddb;Netz 4 Los 1;17003;RE 7;07:31;Heitersheim;de:08315:6665;29,2;39,3;366,4;750,0;820;48,85%;Fahrplanfahrt (mit Fahrgastzahl);3112,86;8,50
2953416;21.01.2025;Mo-Fr S;9;ddb;Netz 4 Los 1;17003;RE 7;07:37;Müllheim(Baden);de:08315:6522;35,5;81,4;320,5;750,0;820;42,74%;Fahrplanfahrt (mit Fahrgastzahl);9389,04;29,29
2953417;21.01.2025;Mo-Fr S;10;ddb;Netz 4 Los 1;17003;RE 7;07:57;Weil am Rhein;de:08336:6639;6,5;85,7;241,3;750,0;820;32,18%;Fahrplanfahrt (mit Fahrgastzahl);746,73;3,09
2953418;21.01.2025;Mo-Fr S;11;ddb;Netz 4 Los 1;17003;RE 7;08:03;Basel Bad Bf;ch:23005:6;0,0;241,3;0,0;;;;Fahrplanfahrt (mit Fahrgastzahl);;
2953672;21.01.2025;Mo-Fr S;0;ddb;Netz 4 Los 1;17008;RE 7;06:36;Basel Bad Bf;ch:23005:6;55,8;0,0;55,8;435,6;820;12,81%;Fahrplanfahrt (mit Fahrgastzahl);172,68;3,09
2953673;21.01.2025;Mo-Fr S;1;ddb;Netz 4 Los 1;17008;RE 7;06:40;Weil am Rhein;de:08336:6639;87,5;3,9;139,4;435,6;820;32,00%;Fahrplanfahrt (mit Fahrgastzahl);320,49;2,30
2953674;21.01.2025;Mo-Fr S;2;ddb;Netz 4 Los 1;17008;RE 7;06:43;Haltingen;de:08336:6638;25,9;3,4;161,9;435,6;820;37,17%;Fahrplanfahrt (mit Fahrgastzahl);975,67;6,03
2953675;21.01.2025;Mo-Fr S;3;ddb;Netz 4 Los 1;17008;RE 7;06:48;Efringen-Kirchen;de:08336:6631;38,1;6,9;193,1;435,6;820;44,33%;Fahrplanfahrt (mit Fahrgastzahl);2219,42;11,49
2953676;21.01.2025;Mo-Fr S;4;ddb;Netz 4 Los 1;17008;RE 7;06:57;Bad Bellingen;de:08336:6628;32,2;2,3;223,0;435,6;820;51,19%;Fahrplanfahrt (mit Fahrgastzahl);808,38;3,63
2953677;21.01.2025;Mo-Fr S;5;ddb;Netz 4 Los 1;17008;RE 7;07:00;Schliengen;de:08336:6678;47,2;4,0;266,2;435,6;820;61,12%;Fahrplanfahrt (mit Fahrgastzahl);1557,56;5,85
2953678;21.01.2025;Mo-Fr S;6;ddb;Netz 4 Los 1;17008;RE 7;07:05;Müllheim(Baden);de:08315:6522;146,7;33,8;379,2;435,6;820;87,04%;Fahrplanfahrt (mit Fahrgastzahl);3221,58;8,50
2953679;21.01.2025;Mo-Fr S;7;ddb;Netz 4 Los 1;17008;RE 7;07:10;Heitersheim;de:08315:6665;114,4;7,8;485,8;435,6;820;111,53%;Fahrplanfahrt (mit Fahrgastzahl);2897,09;5,96
2953680;21.01.2025;Mo-Fr S;8;ddb;Netz 4 Los 1;17008;RE 7;07:14;Bad Krozingen;de:08315:6501;164,0;27,7;622,1;435,6;820;142,81%;Fahrplanfahrt (mit Fahrgastzahl);3650,01;5,87
2953681;21.01.2025;Mo-Fr S;9;ddb;Netz 4 Los 1;17008;RE 7;07:19;Schallstadt;de:08315:6677;38,5;3,7;656,9;435,6;820;150,80%;Fahrplanfahrt (mit Fahrgastzahl);5699,59;8,68
2953682;21.01.2025;Mo-Fr S;10;ddb;Netz 4 Los 1;17008;RE 7;07:26;Freiburg(Breisgau) Hbf;de:08311:6508;148,3;595,0;210,2;435,6;820;48,26%;Fahrplanfahrt (mit Fahrgastzahl);284,01;1,35
2953683;21.01.2025;Mo-Fr S;11;ddb;Netz 4 Los 1;17008;RE 7;07:28;Freiburg-Herdern;de:08311:6510;20,3;16,1;214,4;435,6;820;49,22%;Fahrplanfahrt (mit Fahrgastzahl);1533,43;7,15
2953684;21.01.2025;Mo-Fr S;12;ddb;Netz 4 Los 1;17008;RE 7;07:32;Denzlingen;de:08316:6505;29,2;15,3;228,2;435,6;820;52,40%;Fahrplanfahrt (mit Fahrgastzahl);1633,13;7,16
2953685;21.01.2025;Mo-Fr S;13;ddb;Netz 4 Los 1;17008;RE 7;07:37;Emmendingen;de:08316:90;33,3;45,0;216,5;435,6;820;49,71%;Fahrplanfahrt (mit Fahrgastzahl);1477,18;6,82
2953686;21.01.2025;Mo-Fr S;14;ddb;Netz 4 Los 1;17008;RE 7;07:42;Riegel-Malterdingen;de:08316:5290;15,6;18,5;213,7;435,6;820;49,05%;Fahrplanfahrt (mit Fahrgastzahl);1044,08;4,89
2953687;21.01.2025;Mo-Fr S;15;ddb;Netz 4 Los 1;17008;RE 7;07:45;Kenzingen;de:08316:6518;17,3;22,3;208,6;435,6;820;47,89%;Fahrplanfahrt (mit Fahrgastzahl);684,29;3,28
2953688;21.01.2025;Mo-Fr S;16;ddb;Netz 4 Los 1;17008;RE 7;07:48;Herbolzheim(Breisg);de:08316:6562;12,0;34,5;186,2;435,6;820;42,73%;Fahrplanfahrt (mit Fahrgastzahl);541,34;2,91
2953689;21.01.2025;Mo-Fr S;17;ddb;Netz 4 Los 1;17008;RE 7;07:51;Ringsheim;de:08317:16700;5,3;13,1;178,4;435,6;820;40,95%;Fahrplanfahrt (mit Fahrgastzahl);535,30;3,00
2953690;21.01.2025;Mo-Fr S;18;ddb;Netz 4 Los 1;17008;RE 7;07:54;Orschweier;de:08317:18601;20,2;5,0;193,6;435,6;820;44,45%;Fahrplanfahrt (mit Fahrgastzahl);1569,33;8,11
2953691;21.01.2025;Mo-Fr S;19;ddb;Netz 4 Los 1;17008;RE 7;07:59;Lahr(Schwarzw);de:08317:12103;43,7;41,8;195,5;435,6;820;44,88%;Fahrplanfahrt (mit Fahrgastzahl);978,09;5,00
2953692;21.01.2025;Mo-Fr S;20;ddb;Netz 4 Los 1;17008;RE 7;08:03;Friesenheim(Baden);de:08317:16220;9,4;6,1;198,8;435,6;820;45,65%;Fahrplanfahrt (mit Fahrgastzahl);2619,57;13,17
2953693;21.01.2025;Mo-Fr S;21;ddb;Netz 4 Los 1;17008;RE 7;08:12;Offenburg;de:08317:14506;0,0;198,8;0,0;;;;Fahrplanfahrt (mit Fahrgastzahl);;
2957896;21.01.2025;Mo-Fr S;0;ddb;Netz 4 Los 1;17040;RE 7;07:25;Basel Bad Bf;ch:23005:6;69,0;0,0;69,0;410;;16,83%;Zählfahrt AFZS;213,49;3,09
2957897;21.01.2025;Mo-Fr S;1;ddb;Netz 4 Los 1;17040;RE 7;07:29;Weil am Rhein;de:08336:6639;39,0;11,0;97,0;410;;23,66%;Zählfahrt AFZS;223,00;2,30
2957898;21.01.2025;Mo-Fr S;2;ddb;Netz 4 Los 1;17040;RE 7;07:32;Haltingen;de:08336:6638;26,0;5,0;118,0;410;;28,78%;Zählfahrt AFZS;243,55;2,06
2957899;21.01.2025;Mo-Fr S;3;ddb;Netz 4 Los 1;17040;RE 7;07:35;Eimeldingen;de:08336:6634;19,0;11,0;126,0;410;;30,73%;Zählfahrt AFZS;499,09;3,96
2957900;21.01.2025;Mo-Fr S;4;ddb;Netz 4 Los 1;17040;RE 7;07:38;Efringen-Kirchen;de:08336:6631;30,0;41,0;115,0;410;;28,05%;Zählfahrt AFZS;215,97;1,88
2957901;21.01.2025;Mo-Fr S;5;ddb;Netz 4 Los 1;17040;RE 7;07:41;Istein;de:08336:6632;2,0;0,0;117,0;410;;28,54%;Zählfahrt AFZS;421,32;3,60
2957902;21.01.2025;Mo-Fr S;6;ddb;Netz 4 Los 1;17040;RE 7;07:45;Kleinkems;de:08336:6633;3,0;0,0;120,0;410;;29,27%;Zählfahrt AFZS;339,36;2,83
2957903;21.01.2025;Mo-Fr S;7;ddb;Netz 4 Los 1;17040;RE 7;07:48;Rheinweiler;de:08336:6629;4,0;1,0;123,0;410;;30,00%;Zählfahrt AFZS;392,00;3,19
2957904;21.01.2025;Mo-Fr S;8;ddb;Netz 4 Los 1;17040;RE 7;07:51;Bad Bellingen;de:08336:6628;22,0;4,0;141,0;410;;34,39%;Zählfahrt AFZS;511,12;3,63
2957905;21.01.2025;Mo-Fr S;9;ddb;Netz 4 Los 1;17040;RE 7;07:54;Schliengen;de:08336:6678;29,0;3,0;167,0;410;;40,73%;Zählfahrt AFZS;571,47;3,42
2957906;21.01.2025;Mo-Fr S;10;ddb;Netz 4 Los 1;17040;RE 7;07:58;Auggen;de:08315:6642;12,0;2,0;177,0;410;;43,17%;Zählfahrt AFZS;429,76;2,43
2957907;21.01.2025;Mo-Fr S;11;ddb;Netz 4 Los 1;17040;RE 7;08:00;Müllheim(Baden);de:08315:6522;198,0;21,0;354,0;410;;86,34%;Zählfahrt AFZS;1933,55;5,46
2957908;21.01.2025;Mo-Fr S;12;ddb;Netz 4 Los 1;17040;RE 7;08:04;Buggingen;de:08315:6644;19,0;3,0;370,0;410;;90,24%;Zählfahrt AFZS;1122,58;3,03
2957909;21.01.2025;Mo-Fr S;13;ddb;Netz 4 Los 1;17040;RE 7;08:07;Heitersheim;de:08315:6665;71,0;10,0;431,0;410;;105,12%;Zählfahrt AFZS;2570,05;5,96
2957910;21.01.2025;Mo-Fr S;14;ddb;Netz 4 Los 1;17040;RE 7;08:11;Bad Krozingen;de:08315:6501;154,0;25,0;560,0;410;;136,59%;Zählfahrt AFZS;1682,80;3,01
2957911;21.01.2025;Mo-Fr S;15;ddb;Netz 4 Los 1;17040;RE 7;08:14;Norsingen;de:08315:6670;17,0;0,0;577,0;410;;140,73%;Zählfahrt AFZS;1651,37;2,86
2957912;21.01.2025;Mo-Fr S;16;ddb;Netz 4 Los 1;17040;RE 7;08:17;Schallstadt;de:08315:6677;42,0;4,0;615,0;410;;150,00%;Zählfahrt AFZS;769,98;1,25
2957913;21.01.2025;Mo-Fr S;17;ddb;Netz 4 Los 1;17040;RE 7;08:19;Ebringen;de:08315:6661;20,0;11,0;624,0;410;;152,20%;Zählfahrt AFZS;2024,88;3,25
2957914;21.01.2025;Mo-Fr S;18;ddb;Netz 4 Los 1;17040;RE 7;08:22;Freiburg-St Georgen;de:08311:6589;8,0;6,0;626,0;410;;152,68%;Zählfahrt AFZS;2616,05;4,18
2957915;21.01.2025;Mo-Fr S;19;ddb;Netz 4 Los 1;17040;RE 7;08:26;Freiburg(Breisgau) Hbf;de:08311:6508;0,0;626,0;0,0;0;;;Zählfahrt AFZS;;
2958304;21.01.2025;Mo-Fr S;0;ddb;Netz 4 Los 1;17007;RE 7;07:33;Karlsruhe Hbf;de:08212:90;174,1;0,0;174,1;442,4;820;39,36%;Fahrplanfahrt (mit Fahrgastzahl);3617,41;20,77
2958305;21.01.2025;Mo-Fr S;1;ddb;Netz 4 Los 1;17007;RE 7;07:48;Rastatt;de:08216:1844;40,6;43,8;170,9;442,4;820;38,64%;Fahrplanfahrt (mit Fahrgastzahl);1462,97;8,56
2958306;21.01.2025;Mo-Fr S;2;ddb;Netz 4 Los 1;17007;RE 7;07:55;Baden-Baden;de:08211:1847;34,7;52,8;152,8;442,4;820;34,54%;Fahrplanfahrt (mit Fahrgastzahl);1761,35;11,53
2958307;21.01.2025;Mo-Fr S;3;ddb;Netz 4 Los 1;17007;RE 7;08:02;Bühl(Baden);de:08216:32227;24,0;49,5;127,3;442,4;820;28,78%;Fahrplanfahrt (mit Fahrgastzahl);1075,82;8,45
2958308;21.01.2025;Mo-Fr S;4;ddb;Netz 4 Los 1;17007;RE 7;08:07;Achern;de:08317:33013;60,0;16,0;171,3;442,4;820;38,72%;Fahrplanfahrt (mit Fahrgastzahl);1086,49;6,34
2958309;21.01.2025;Mo-Fr S;5;ddb;Netz 4 Los 1;17007;RE 7;08:11;Renchen;de:08317:13554;15,5;1,7;185,1;442,4;820;41,85%;Fahrplanfahrt (mit Fahrgastzahl);1160,03;6,27
2958310;21.01.2025;Mo-Fr S;6;ddb;Netz 4 Los 1;17007;RE 7;08:16;Appenweier;de:08317:14120;17,7;8,7;194,1;442,4;820;43,88%;Fahrplanfahrt (mit Fahrgastzahl);1465,11;7,55
2958311;21.01.2025;Mo-Fr S;7;ddb;Netz 4 Los 1;17007;RE 7;08:36;Offenburg;de:08317:14506;75,7;100,2;169,7;453,2;820;37,44%;Fahrplanfahrt (mit Fahrgastzahl);3084,35;18,18
2958312;21.01.2025;Mo-Fr S;8;ddb;Netz 4 Los 1;17007;RE 7;08:46;Lahr(Schwarzw);de:08317:12103;60,8;30,8;199,7;453,2;820;44,07%;Fahrplanfahrt (mit Fahrgastzahl);2217,99;11,11
2958313;21.01.2025;Mo-Fr S;9;ddb;Netz 4 Los 1;17007;RE 7;08:52;Ringsheim;de:08317:16700;15,5;23,3;191,9;453,2;820;42,36%;Fahrplanfahrt (mit Fahrgastzahl);558,18;2,91
2958314;21.01.2025;Mo-Fr S;10;ddb;Netz 4 Los 1;17007;RE 7;08:55;Herbolzheim(Breisg);de:08316:6562;48,5;4,1;236,4;453,2;820;52,16%;Fahrplanfahrt (mit Fahrgastzahl);775,29;3,28
2958315;21.01.2025;Mo-Fr S;11;ddb;Netz 4 Los 1;17007;RE 7;08:57;Kenzingen;de:08316:6518;51,0;5,1;282,2;453,2;820;62,28%;Fahrplanfahrt (mit Fahrgastzahl);1378,88;4,89
2958316;21.01.2025;Mo-Fr S;12;ddb;Netz 4 Los 1;17007;RE 7;09:01;Riegel-Malterdingen;de:08316:5290;29,0;2,8;308,4;453,2;820;68,07%;Fahrplanfahrt (mit Fahrgastzahl);2104,23;6,82
2958317;21.01.2025;Mo-Fr S;13;ddb;Netz 4 Los 1;17007;RE 7;09:05;Emmendingen;de:08316:90;81,0;37,3;352,2;453,2;820;77,72%;Fahrplanfahrt (mit Fahrgastzahl);2519,88;7,16
2958318;21.01.2025;Mo-Fr S;14;ddb;Netz 4 Los 1;17007;RE 7;09:10;Denzlingen;de:08316:6505;62,3;13,0;401,5;453,2;820;88,59%;Fahrplanfahrt (mit Fahrgastzahl);3413,73;8,50
2958319;21.01.2025;Mo-Fr S;15;ddb;Netz 4 Los 1;17007;RE 7;09:18;Freiburg(Breisgau) Hbf;de:08311:6508;137,0;343,0;195,5;453,2;820;43,15%;Fahrplanfahrt (mit Fahrgastzahl);2843,73;14,54
2958320;21.01.2025;Mo-Fr S;16;ddb;Netz 4 Los 1;17007;RE 7;09:27;Bad Krozingen;de:08315:6501;17,9;50,6;162,8;453,2;820;35,93%;Fahrplanfahrt (mit Fahrgastzahl);971,03;5,96
2958321;21.01.2025;Mo-Fr S;17;ddb;Netz 4 Los 1;17007;RE 7;09:31;Heitersheim;de:08315:6665;6,0;12,0;156,8;453,2;820;34,61%;Fahrplanfahrt (mit Fahrgastzahl);1332,53;8,50
2958322;21.01.2025;Mo-Fr S;18;ddb;Netz 4 Los 1;17007;RE 7;09:37;Müllheim(Baden);de:08315:6522;12,4;28,5;140,8;453,2;820;31,06%;Fahrplanfahrt (mit Fahrgastzahl);4123,38;29,29
2958323;21.01.2025;Mo-Fr S;19;ddb;Netz 4 Los 1;17007;RE 7;09:57;Weil am Rhein;de:08336:6639;2,7;37,6;105,8;453,2;820;23,36%;Fahrplanfahrt (mit Fahrgastzahl);327,48;3,09
2958324;21.01.2025;Mo-Fr S;20;ddb;Netz 4 Los 1;17007;RE 7;10:03;Basel Bad Bf;ch:23005:6;0,0;105,8;0,0;;;;Fahrplanfahrt (mit Fahrgastzahl);;
2959013;21.01.2025;Mo-Fr S;0;ddb;Netz 4 Los 1;5330;RE 7;07:37;Basel SBB;ch:23005:300;19,6;0,0;19,6;480,0;;4,08%;Fahrplanfahrt (mit Fahrgastzahl);;
2959014;21.01.2025;Mo-Fr S;1;ddb;Netz 4 Los 1;5330;RE 7;07:58;Basel Bad Bf;ch:23005:6;85,4;8,3;96,7;480,0;410;20,14%;Fahrplanfahrt (mit Fahrgastzahl);299,14;3,09
2959015;21.01.2025;Mo-Fr S;2;ddb;Netz 4 Los 1;5330;RE 7;08:03;Weil am Rhein;de:08336:6639;59,8;6,1;150,3;480,0;410;31,32%;Fahrplanfahrt (mit Fahrgastzahl);4403,95;29,29
2959016;21.01.2025;Mo-Fr S;3;ddb;Netz 4 Los 1;5330;RE 7;08:21;Müllheim(Baden);de:08315:6522;91,2;7,6;233,9;480,0;820;48,73%;Fahrplanfahrt (mit Fahrgastzahl);1987,44;8,50
2959017;21.01.2025;Mo-Fr S;4;ddb;Netz 4 Los 1;5330;RE 7;08:27;Heitersheim;de:08315:6665;72,1;3,1;302,9;480,0;820;63,11%;Fahrplanfahrt (mit Fahrgastzahl);1806,35;5,96
2959018;21.01.2025;Mo-Fr S;5;ddb;Netz 4 Los 1;5330;RE 7;08:31;Bad Krozingen;de:08315:6501;122,0;21,5;403,4;480,0;820;84,03%;Fahrplanfahrt (mit Fahrgastzahl);5866,15;14,54
2959019;21.01.2025;Mo-Fr S;6;ddb;Netz 4 Los 1;5330;RE 7;08:43;Freiburg(Breisgau) Hbf;de:08311:6508;148,3;353,8;197,9;480,0;410;41,23%;Fahrplanfahrt (mit Fahrgastzahl);1682,97;8,50
2959020;21.01.2025;Mo-Fr S;7;ddb;Netz 4 Los 1;5330;RE 7;08:48;Denzlingen;de:08316:6505;45,0;12,7;230,3;480,0;410;47,97%;Fahrplanfahrt (mit Fahrgastzahl);1647,57;7,16
2959021;21.01.2025;Mo-Fr S;8;ddb;Netz 4 Los 1;5330;RE 7;08:53;Emmendingen;de:08316:90;17,7;90,7;157,3;480,0;410;32,76%;Fahrplanfahrt (mit Fahrgastzahl);1072,88;6,82
2959022;21.01.2025;Mo-Fr S;9;ddb;Netz 4 Los 1;5330;RE 7;08:57;Riegel-Malterdingen;de:08316:5290;6,9;6,5;157,6;480,0;410;32,84%;Fahrplanfahrt (mit Fahrgastzahl);770,20;4,89
2959023;21.01.2025;Mo-Fr S;10;ddb;Netz 4 Los 1;5330;RE 7;09:01;Kenzingen;de:08316:6518;10,1;12,1;155,7;480,0;410;32,43%;Fahrplanfahrt (mit Fahrgastzahl);510,56;3,28
2959024;21.01.2025;Mo-Fr S;11;ddb;Netz 4 Los 1;5330;RE 7;09:04;Herbolzheim(Breisg);de:08316:6562;8,1;15,5;148,2;480,0;410;30,88%;Fahrplanfahrt (mit Fahrgastzahl);431,09;2,91
2959025;21.01.2025;Mo-Fr S;12;ddb;Netz 4 Los 1;5330;RE 7;09:07;Ringsheim;de:08317:16700;11,6;35,1;124,7;480,0;410;25,99%;Fahrplanfahrt (mit Fahrgastzahl);1385,27;11,11
2959026;21.01.2025;Mo-Fr S;13;ddb;Netz 4 Los 1;5330;RE 7;09:13;Lahr(Schwarzw);de:08317:12103;25,3;26,9;123,1;480,0;410;25,65%;Fahrplanfahrt (mit Fahrgastzahl);2237,99;18,18
2959027;21.01.2025;Mo-Fr S;14;ddb;Netz 4 Los 1;5330;RE 7;09:22;Offenburg;de:08317:14506;0,0;123,1;0,0;;;;Fahrplanfahrt (mit Fahrgastzahl);;
2959301;21.01.2025;Mo-Fr S;0;ddb;Netz 4 Los 1;17005;RE 7;07:42;Offenburg;de:08317:14506;125,6;0,0;125,6;410,0;820;30,63%;Fahrplanfahrt (mit Fahrgastzahl);2283,03;18,18
2959302;21.01.2025;Mo-Fr S;1;ddb;Netz 4 Los 1;17005;RE 7;07:52;Lahr(Schwarzw);de:08317:12103;64,4;43,0;147,1;410,0;820;35,87%;Fahrplanfahrt (mit Fahrgastzahl);1191,84;8,11
2959303;21.01.2025;Mo-Fr S;2;ddb;Netz 4 Los 1;17005;RE 7;07:57;Orschweier;de:08317:18601;33,2;4,7;175,5;410,0;820;42,80%;Fahrplanfahrt (mit Fahrgastzahl);526,68;3,00
2959304;21.01.2025;Mo-Fr S;3;ddb;Netz 4 Los 1;17005;RE 7;08:00;Ringsheim;de:08317:16700;17,8;9,0;184,4;410,0;820;44,96%;Fahrplanfahrt (mit Fahrgastzahl);536,09;2,91
2959305;21.01.2025;Mo-Fr S;4;ddb;Netz 4 Los 1;17005;RE 7;08:03;Herbolzheim(Breisg);de:08316:6562;55,7;5,2;234,8;410,0;820;57,27%;Fahrplanfahrt (mit Fahrgastzahl);770,23;3,28
2959306;21.01.2025;Mo-Fr S;5;ddb;Netz 4 Los 1;17005;RE 7;08:07;Kenzingen;de:08316:6518;79,3;6,9;307,2;410,0;820;74,93%;Fahrplanfahrt (mit Fahrgastzahl);1501,10;4,89
2959307;21.01.2025;Mo-Fr S;6;ddb;Netz 4 Los 1;17005;RE 7;08:11;Riegel-Malterdingen;de:08316:5290;80,1;3,6;383,7;410,0;820;93,59%;Fahrplanfahrt (mit Fahrgastzahl);2617,60;6,82
2959308;21.01.2025;Mo-Fr S;7;ddb;Netz 4 Los 1;17005;RE 7;08:15;Emmendingen;de:08316:90;81,2;85,9;378,9;410,0;820;92,42%;Fahrplanfahrt (mit Fahrgastzahl);2711,21;7,16
2959309;21.01.2025;Mo-Fr S;8;ddb;Netz 4 Los 1;17005;RE 7;08:20;Denzlingen;de:08316:6505;36,9;13,5;402,4;410,0;820;98,14%;Fahrplanfahrt (mit Fahrgastzahl);2877,79;7,15
2959310;21.01.2025;Mo-Fr S;9;ddb;Netz 4 Los 1;17005;RE 7;08:26;Freiburg-Herdern;de:08311:6510;6,1;49,8;358,6;410,0;820;87,48%;Fahrplanfahrt (mit Fahrgastzahl);484,54;1,35
2959311;21.01.2025;Mo-Fr S;10;ddb;Netz 4 Los 1;17005;RE 7;08:32;Freiburg(Breisgau) Hbf;de:08311:6508;137,1;322,9;172,9;410,0;820;42,18%;Fahrplanfahrt (mit Fahrgastzahl);1500,47;8,68
2959312;21.01.2025;Mo-Fr S;11;ddb;Netz 4 Los 1;17005;RE 7;08:38;Schallstadt;de:08315:6677;6,6;4,9;174,6;410,0;820;42,59%;Fahrplanfahrt (mit Fahrgastzahl);1024,38;5,87
2959313;21.01.2025;Mo-Fr S;12;ddb;Netz 4 Los 1;17005;RE 7;08:42;Bad Krozingen;de:08315:6501;19,0;63,5;130,1;410,0;820;31,74%;Fahrplanfahrt (mit Fahrgastzahl);775,94;5,96
2959314;21.01.2025;Mo-Fr S;13;ddb;Netz 4 Los 1;17005;RE 7;08:46;Heitersheim;de:08315:6665;8,7;12,8;126,0;410,0;820;30,73%;Fahrplanfahrt (mit Fahrgastzahl);1070,28;8,50
2959315;21.01.2025;Mo-Fr S;14;ddb;Netz 4 Los 1;17005;RE 7;08:52;Müllheim(Baden);de:08315:6522;15,8;26,9;114,9;410,0;820;28,03%;Fahrplanfahrt (mit Fahrgastzahl);279,04;2,43
2959316;21.01.2025;Mo-Fr S;15;ddb;Netz 4 Los 1;17005;RE 7;08:55;Auggen;de:08315:6642;1,7;1,7;114,9;410,0;820;28,03%;Fahrplanfahrt (mit Fahrgastzahl);393,27;3,42
2959317;21.01.2025;Mo-Fr S;16;ddb;Netz 4 Los 1;17005;RE 7;08:58;Schliengen;de:08336:6678;5,3;4,5;115,7;410,0;820;28,22%;Fahrplanfahrt (mit Fahrgastzahl);419,41;3,63
2959318;21.01.2025;Mo-Fr S;17;ddb;Netz 4 Los 1;17005;RE 7;09:01;Bad Bellingen;de:08336:6628;10,2;3,7;122,2;410,0;820;29,80%;Fahrplanfahrt (mit Fahrgastzahl);389,37;3,19
2959319;21.01.2025;Mo-Fr S;18;ddb;Netz 4 Los 1;17005;RE 7;09:05;Rheinweiler;de:08336:6629;2,2;2,3;122,2;415,5;820;29,40%;Fahrplanfahrt (mit Fahrgastzahl);345,44;2,83
2959320;21.01.2025;Mo-Fr S;19;ddb;Netz 4 Los 1;17005;RE 7;09:08;Kleinkems;de:08336:6633;1,5;0,1;123,6;415,5;820;29,74%;Fahrplanfahrt (mit Fahrgastzahl);444,99;3,60
2959321;21.01.2025;Mo-Fr S;20;ddb;Netz 4 Los 1;17005;RE 7;09:12;Istein;de:08336:6632;2,0;0,4;125,2;415,5;820;30,12%;Fahrplanfahrt (mit Fahrgastzahl);235,03;1,88
2959322;21.01.2025;Mo-Fr S;21;ddb;Netz 4 Los 1;17005;RE 7;09:16;Efringen-Kirchen;de:08336:6631;12,8;3,9;134,0;415,5;820;32,25%;Fahrplanfahrt (mit Fahrgastzahl);530,77;3,96
2959323;21.01.2025;Mo-Fr S;22;ddb;Netz 4 Los 1;17005;RE 7;09:19;Eimeldingen;de:08336:6634;7,3;3,0;138,3;415,5;820;33,29%;Fahrplanfahrt (mit Fahrgastzahl);285,45;2,06
2959324;21.01.2025;Mo-Fr S;23;ddb;Netz 4 Los 1;17005;RE 7;09:21;Haltingen;de:08336:6638;10,1;6,2;142,2;415,5;820;34,23%;Fahrplanfahrt (mit Fahrgastzahl);326,98;2,30
2959325;21.01.2025;Mo-Fr S;24;ddb;Netz 4 Los 1;17005;RE 7;09:26;Weil am Rhein;de:08336:6639;6,2;48,8;99,6;415,5;820;23,97%;Fahrplanfahrt (mit Fahrgastzahl);308,09;3,09
2959326;21.01.2025;Mo-Fr S;25;ddb;Netz 4 Los 1;17005;RE 7;09:29;Basel Bad Bf;ch:23005:6;0,0;99,6;0,0;;;;Fahrplanfahrt (mit Fahrgastzahl);;
2962897;21.01.2025;Mo-Fr S;0;ddb;Netz 4 Los 1;17010;RE 7;08:28;Basel Bad Bf;ch:23005:6;74,6;0,0;74,6;678,0;410;11,00%;Fahrplanfahrt (mit Fahrgastzahl);230,66;3,09
2962898;21.01.2025;Mo-Fr S;1;ddb;Netz 4 Los 1;17010;RE 7;08:32;Weil am Rhein;de:08336:6639;50,0;7,2;117,3;678,0;410;17,30%;Fahrplanfahrt (mit Fahrgastzahl);269,67;2,30
2962899;21.01.2025;Mo-Fr S;2;ddb;Netz 4 Los 1;17010;RE 7;08:35;Haltingen;de:08336:6638;13,3;3,1;127,5;678,0;410;18,81%;Fahrplanfahrt (mit Fahrgastzahl);263,16;2,06
2962900;21.01.2025;Mo-Fr S;3;ddb;Netz 4 Los 1;17010;RE 7;08:38;Eimeldingen;de:08336:6634;9,1;5,1;131,6;678,0;410;19,40%;Fahrplanfahrt (mit Fahrgastzahl);521,07;3,96
2962901;21.01.2025;Mo-Fr S;4;ddb;Netz 4 Los 1;17010;RE 7;08:41;Efringen-Kirchen;de:08336:6631;12,2;6,1;137,7;678,0;410;20,31%;Fahrplanfahrt (mit Fahrgastzahl);258,60;1,88
2962902;21.01.2025;Mo-Fr S;5;ddb;Netz 4 Los 1;17010;RE 7;08:44;Istein;de:08336:6632;1,3;0,2;138,8;678,0;410;20,46%;Fahrplanfahrt (mit Fahrgastzahl);499,64;3,60
2962903;21.01.2025;Mo-Fr S;6;ddb;Netz 4 Los 1;17010;RE 7;08:48;Kleinkems;de:08336:6633;0,9;0,5;139,1;678,0;410;20,52%;Fahrplanfahrt (mit Fahrgastzahl);393,52;2,83
2962904;21.01.2025;Mo-Fr S;7;ddb;Netz 4 Los 1;17010;RE 7;08:51;Rheinweiler;de:08336:6629;5,4;1,7;142,9;678,0;410;21,08%;Fahrplanfahrt (mit Fahrgastzahl);455,42;3,19
2962905;21.01.2025;Mo-Fr S;8;ddb;Netz 4 Los 1;17010;RE 7;08:54;Bad Bellingen;de:08336:6628;15,6;3,2;155,2;678,0;410;22,90%;Fahrplanfahrt (mit Fahrgastzahl);562,78;3,63
2962906;21.01.2025;Mo-Fr S;9;ddb;Netz 4 Los 1;17010;RE 7;08:57;Schliengen;de:08336:6678;25,1;2,3;178,1;678,0;410;26,26%;Fahrplanfahrt (mit Fahrgastzahl);609,29;3,42
2962907;21.01.2025;Mo-Fr S;10;ddb;Netz 4 Los 1;17010;RE 7;09:01;Auggen;de:08315:6642;8,8;0,3;186,4;678,0;410;27,50%;Fahrplanfahrt (mit Fahrgastzahl);452,70;2,43
2962908;21.01.2025;Mo-Fr S;11;ddb;Netz 4 Los 1;17010;RE 7;09:04;Müllheim(Baden);de:08315:6522;81,6;17,3;250,8;678,0;820;36,98%;Fahrplanfahrt (mit Fahrgastzahl);2130,37;8,50
2962909;21.01.2025;Mo-Fr S;12;ddb;Netz 4 Los 1;17010;RE 7;09:10;Heitersheim;de:08315:6665;51,9;2,8;299,8;678,0;820;44,22%;Fahrplanfahrt (mit Fahrgastzahl);1787,71;5,96
2962910;21.01.2025;Mo-Fr S;13;ddb;Netz 4 Los 1;17010;RE 7;09:14;Bad Krozingen;de:08315:6501;92,4;23,2;369,0;678,0;820;54,42%;Fahrplanfahrt (mit Fahrgastzahl);2164,63;5,87
2962911;21.01.2025;Mo-Fr S;14;ddb;Netz 4 Los 1;17010;RE 7;09:18;Schallstadt;de:08315:6677;21,0;1,8;388,1;678,0;820;57,25%;Fahrplanfahrt (mit Fahrgastzahl);3367,59;8,68
2962912;21.01.2025;Mo-Fr S;15;ddb;Netz 4 Los 1;17010;RE 7;09:29;Freiburg(Breisgau) Hbf;de:08311:6508;109,8;342,4;155,6;678,0;410;22,95%;Fahrplanfahrt (mit Fahrgastzahl);1323,07;8,50
2962913;21.01.2025;Mo-Fr S;16;ddb;Netz 4 Los 1;17010;RE 7;09:34;Denzlingen;de:08316:6505;16,1;14,9;156,8;678,0;410;23,13%;Fahrplanfahrt (mit Fahrgastzahl);1121,90;7,16
2962914;21.01.2025;Mo-Fr S;17;ddb;Netz 4 Los 1;17010;RE 7;09:38;Emmendingen;de:08316:90;15,9;52,5;120,1;678,0;410;17,71%;Fahrplanfahrt (mit Fahrgastzahl);819,32;6,82
2962915;21.01.2025;Mo-Fr S;18;ddb;Netz 4 Los 1;17010;RE 7;09:43;Riegel-Malterdingen;de:08316:5290;4,6;10,1;114,6;678,0;410;16,90%;Fahrplanfahrt (mit Fahrgastzahl);559,69;4,89
2962916;21.01.2025;Mo-Fr S;19;ddb;Netz 4 Los 1;17010;RE 7;09:46;Kenzingen;de:08316:6518;5,1;10,2;109,4;678,0;410;16,14%;Fahrplanfahrt (mit Fahrgastzahl);358,83;3,28
2962917;21.01.2025;Mo-Fr S;20;ddb;Netz 4 Los 1;17010;RE 7;09:50;Herbolzheim(Breisg);de:08316:6562;3,5;11,5;101,4;678,0;410;14,96%;Fahrplanfahrt (mit Fahrgastzahl);294,87;2,91
2962918;21.01.2025;Mo-Fr S;21;ddb;Netz 4 Los 1;17010;RE 7;09:53;Ringsheim;de:08317:16700;7,6;20,8;88,2;678,0;410;13,00%;Fahrplanfahrt (mit Fahrgastzahl);264,54;3,00
2962919;21.01.2025;Mo-Fr S;22;ddb;Netz 4 Los 1;17010;RE 7;09:56;Orschweier;de:08317:18601;4,2;2,8;89,5;678,0;410;13,20%;Fahrplanfahrt (mit Fahrgastzahl);725,40;8,11
2962920;21.01.2025;Mo-Fr S;23;ddb;Netz 4 Los 1;17010;RE 7;10:01;Lahr(Schwarzw);de:08317:12103;18,5;14,7;93,2;678,0;410;13,75%;Fahrplanfahrt (mit Fahrgastzahl);1695,01;18,18
2962921;21.01.2025;Mo-Fr S;24;ddb;Netz 4 Los 1;17010;RE 7;10:13;Offenburg;de:08317:14506;0,0;93,2;0,0;;;;Fahrplanfahrt (mit Fahrgastzahl);;
2968374;21.01.2025;Mo-Fr S;0;ddb;Netz 4 Los 1;17041;RE 7;09:42;Freiburg(Breisgau) Hbf;de:08311:6508;111,0;0,0;111,0;410;;27,07%;Zählfahrt AFZS;463,87;4,18
2968375;21.01.2025;Mo-Fr S;1;ddb;Netz 4 Los 1;17041;RE 7;09:45;Freiburg-St Georgen;de:08311:6589;2,0;2,0;111,0;410;;27,07%;Zählfahrt AFZS;360,31;3,25
2968376;21.01.2025;Mo-Fr S;2;ddb;Netz 4 Los 1;17041;RE 7;09:48;Ebringen;de:08315:6661;2,0;0,0;113,0;410;;27,56%;Zählfahrt AFZS;141,48;1,25
2968377;21.01.2025;Mo-Fr S;3;ddb;Netz 4 Los 1;17041;RE 7;09:50;Schallstadt;de:08315:6677;5,0;7,0;111,0;410;;27,07%;Zählfahrt AFZS;317,68;2,86
2968378;21.01.2025;Mo-Fr S;4;ddb;Netz 4 Los 1;17041;RE 7;09:53;Norsingen;de:08315:6670;2,0;2,0;111,0;410;;27,07%;Zählfahrt AFZS;333,56;3,01
2968379;21.01.2025;Mo-Fr S;5;ddb;Netz 4 Los 1;17041;RE 7;09:55;Bad Krozingen;de:08315:6501;21,0;29,0;103,0;410;;25,12%;Zählfahrt AFZS;614,19;5,96
2968380;21.01.2025;Mo-Fr S;6;ddb;Netz 4 Los 1;17041;RE 7;09:59;Heitersheim;de:08315:6665;11,0;11,0;103,0;410;;25,12%;Zählfahrt AFZS;312,50;3,03
2968381;21.01.2025;Mo-Fr S;7;ddb;Netz 4 Los 1;17041;RE 7;10:02;Buggingen;de:08315:6644;3,0;9,0;97,0;410;;23,66%;Zählfahrt AFZS;529,81;5,46
2968382;21.01.2025;Mo-Fr S;8;ddb;Netz 4 Los 1;17041;RE 7;10:06;Müllheim(Baden);de:08315:6522;10,0;23,0;84,0;410;;20,49%;Zählfahrt AFZS;203,95;2,43
2968383;21.01.2025;Mo-Fr S;9;ddb;Netz 4 Los 1;17041;RE 7;10:09;Auggen;de:08315:6642;0,0;5,0;79,0;410;;19,27%;Zählfahrt AFZS;270,34;3,42
2968384;21.01.2025;Mo-Fr S;10;ddb;Netz 4 Los 1;17041;RE 7;10:12;Schliengen;de:08336:6678;3,0;3,0;79,0;410;;19,27%;Zählfahrt AFZS;286,38;3,63
2968385;21.01.2025;Mo-Fr S;11;ddb;Netz 4 Los 1;17041;RE 7;10:15;Bad Bellingen;de:08336:6628;14,0;6,0;87,0;410;;21,22%;Zählfahrt AFZS;277,27;3,19
2968386;21.01.2025;Mo-Fr S;12;ddb;Netz 4 Los 1;17041;RE 7;10:19;Rheinweiler;de:08336:6629;4,0;2,0;89,0;410;;21,71%;Zählfahrt AFZS;251,69;2,83
2968387;21.01.2025;Mo-Fr S;13;ddb;Netz 4 Los 1;17041;RE 7;10:22;Kleinkems;de:08336:6633;1,0;1,0;89,0;410;;21,71%;Zählfahrt AFZS;320,49;3,60
2968388;21.01.2025;Mo-Fr S;14;ddb;Netz 4 Los 1;17041;RE 7;10:26;Istein;de:08336:6632;1,0;1,0;89,0;410;;21,71%;Zählfahrt AFZS;167,14;1,88
2968389;21.01.2025;Mo-Fr S;15;ddb;Netz 4 Los 1;17041;RE 7;10:30;Efringen-Kirchen;de:08336:6631;16,0;3,0;102,0;410;;24,88%;Zählfahrt AFZS;404,02;3,96
2968390;21.01.2025;Mo-Fr S;16;ddb;Netz 4 Los 1;17041;RE 7;10:33;Eimeldingen;de:08336:6634;10,0;1,0;111,0;410;;27,07%;Zählfahrt AFZS;229,10;2,06
2968391;21.01.2025;Mo-Fr S;17;ddb;Netz 4 Los 1;17041;RE 7;10:36;Haltingen;de:08336:6638;12,0;3,0;120,0;410;;29,27%;Zählfahrt AFZS;275,88;2,30
2968392;21.01.2025;Mo-Fr S;18;ddb;Netz 4 Los 1;17041;RE 7;10:39;Weil am Rhein;de:08336:6639;4,0;47,0;77,0;410;;18,78%;Zählfahrt AFZS;238,24;3,09
2968393;21.01.2025;Mo-Fr S;19;ddb;Netz 4 Los 1;17041;RE 7;10:43;Basel Bad Bf;ch:23005:6;0,0;77,0;0,0;0;;;Zählfahrt AFZS;;
2968664;21.01.2025;Mo-Fr S;0;ddb;Netz 4 Los 1;17009;RE 7;09:46;Offenburg;de:08317:14506;82,1;0,0;82,1;410,0;410;20,02%;Fahrplanfahrt (mit Fahrgastzahl);1491,75;18,18
2968665;21.01.2025;Mo-Fr S;1;ddb;Netz 4 Los 1;17009;RE 7;09:57;Lahr(Schwarzw);de:08317:12103;32,7;17,3;97,5;410,0;410;23,77%;Fahrplanfahrt (mit Fahrgastzahl);790,05;8,11
2968666;21.01.2025;Mo-Fr S;2;ddb;Netz 4 Los 1;17009;RE 7;10:02;Orschweier;de:08317:18601;10,2;3,2;104,4;410,0;410;25,47%;Fahrplanfahrt (mit Fahrgastzahl);313,40;3,00
2968667;21.01.2025;Mo-Fr S;3;ddb;Netz 4 Los 1;17009;RE 7;10:05;Ringsheim;de:08317:16700;8,7;11,1;102,0;410,0;410;24,88%;Fahrplanfahrt (mit Fahrgastzahl);296,62;2,91
2968668;21.01.2025;Mo-Fr S;4;ddb;Netz 4 Los 1;17009;RE 7;10:08;Herbolzheim(Breisg);de:08316:6562;25,3;3,6;123,7;410,0;410;30,16%;Fahrplanfahrt (mit Fahrgastzahl);405,60;3,28
2968669;21.01.2025;Mo-Fr S;5;ddb;Netz 4 Los 1;17009;RE 7;10:11;Kenzingen;de:08316:6518;22,7;3,8;142,6;410,0;410;34,77%;Fahrplanfahrt (mit Fahrgastzahl);696,59;4,89
2968670;21.01.2025;Mo-Fr S;6;ddb;Netz 4 Los 1;17009;RE 7;10:15;Riegel-Malterdingen;de:08316:5290;30,0;4,2;168,4;410,0;410;41,08%;Fahrplanfahrt (mit Fahrgastzahl);1148,89;6,82
2968671;21.01.2025;Mo-Fr S;7;ddb;Netz 4 Los 1;17009;RE 7;10:20;Emmendingen;de:08316:90;73,6;24,8;217,2;410,0;410;52,97%;Fahrplanfahrt (mit Fahrgastzahl);1553,77;7,16
2968672;21.01.2025;Mo-Fr S;8;ddb;Netz 4 Los 1;17009;RE 7;10:26;Denzlingen;de:08316:6505;23,8;10,6;230,3;410,0;410;56,16%;Fahrplanfahrt (mit Fahrgastzahl);1958,01;8,50
2968673;21.01.2025;Mo-Fr S;9;ddb;Netz 4 Los 1;17009;RE 7;10:34;Freiburg(Breisgau) Hbf;de:08311:6508;158,4;187,6;201,0;410,0;410;49,04%;Fahrplanfahrt (mit Fahrgastzahl);1744,47;8,68
2968674;21.01.2025;Mo-Fr S;10;ddb;Netz 4 Los 1;17009;RE 7;10:39;Schallstadt;de:08315:6677;3,5;6,8;197,8;410,0;410;48,23%;Fahrplanfahrt (mit Fahrgastzahl);1160,20;5,87
2968675;21.01.2025;Mo-Fr S;11;ddb;Netz 4 Los 1;17009;RE 7;10:43;Bad Krozingen;de:08315:6501;18,3;59,3;156,8;410,0;410;38,23%;Fahrplanfahrt (mit Fahrgastzahl);934,70;5,96
2968676;21.01.2025;Mo-Fr S;12;ddb;Netz 4 Los 1;17009;RE 7;10:47;Heitersheim;de:08315:6665;4,8;16,3;145,2;410,0;410;35,43%;Fahrplanfahrt (mit Fahrgastzahl);1234,04;8,50
2968677;21.01.2025;Mo-Fr S;13;ddb;Netz 4 Los 1;17009;RE 7;10:53;Müllheim(Baden);de:08315:6522;15,0;35,2;125,1;410,0;410;30,52%;Fahrplanfahrt (mit Fahrgastzahl);303,83;2,43
2968678;21.01.2025;Mo-Fr S;14;ddb;Netz 4 Los 1;17009;RE 7;10:56;Auggen;de:08315:6642;1,4;2,7;123,8;410,0;410;30,20%;Fahrplanfahrt (mit Fahrgastzahl);423,71;3,42
2968679;21.01.2025;Mo-Fr S;15;ddb;Netz 4 Los 1;17009;RE 7;10:59;Schliengen;de:08336:6678;4,2;5,0;123,0;410,0;410;30,01%;Fahrplanfahrt (mit Fahrgastzahl);445,96;3,63
2968680;21.01.2025;Mo-Fr S;16;ddb;Netz 4 Los 1;17009;RE 7;11:03;Bad Bellingen;de:08336:6628;10,1;5,8;127,4;410,0;410;31,06%;Fahrplanfahrt (mit Fahrgastzahl);405,91;3,19
2968681;21.01.2025;Mo-Fr S;17;ddb;Netz 4 Los 1;17009;RE 7;11:07;Rheinweiler;de:08336:6629;2,1;1,6;127,9;410,0;410;31,19%;Fahrplanfahrt (mit Fahrgastzahl);361,66;2,83
2968682;21.01.2025;Mo-Fr S;18;ddb;Netz 4 Los 1;17009;RE 7;11:10;Kleinkems;de:08336:6633;1,5;0,3;129,0;410,0;410;31,47%;Fahrplanfahrt (mit Fahrgastzahl);464,61;3,60
2968683;21.01.2025;Mo-Fr S;19;ddb;Netz 4 Los 1;17009;RE 7;11:14;Istein;de:08336:6632;2,2;0,6;130,6;410,0;410;31,85%;Fahrplanfahrt (mit Fahrgastzahl);245,25;1,88
2968684;21.01.2025;Mo-Fr S;20;ddb;Netz 4 Los 1;17009;RE 7;11:17;Efringen-Kirchen;de:08336:6631;15,7;4,9;141,3;410,0;410;34,47%;Fahrplanfahrt (mit Fahrgastzahl);559,85;3,96
2968685;21.01.2025;Mo-Fr S;21;ddb;Netz 4 Los 1;17009;RE 7;11:20;Eimeldingen;de:08336:6634;5,4;4,0;142,7;410,0;410;34,81%;Fahrplanfahrt (mit Fahrgastzahl);294,59;2,06
2968686;21.01.2025;Mo-Fr S;22;ddb;Netz 4 Los 1;17009;RE 7;11:23;Haltingen;de:08336:6638;8,9;5,0;146,5;410,0;410;35,74%;Fahrplanfahrt (mit Fahrgastzahl);336,91;2,30
2968687;21.01.2025;Mo-Fr S;23;ddb;Netz 4 Los 1;17009;RE 7;11:26;Weil am Rhein;de:08336:6639;6,9;44,2;109,2;410,0;410;26,64%;Fahrplanfahrt (mit Fahrgastzahl);337,95;3,09
2968688;21.01.2025;Mo-Fr S;24;ddb;Netz 4 Los 1;17009;RE 7;11:30;Basel Bad Bf;ch:23005:6;0,0;109,2;0,0;;;;Fahrplanfahrt (mit Fahrgastzahl);;
2969397;21.01.2025;Mo-Fr S;0;ddb;Netz 4 Los 1;17012;RE 7;09:58;Basel Bad Bf;ch:23005:6;70,5;0,0;70,5;410,0;410;17,20%;Fahrplanfahrt (mit Fahrgastzahl);218,13;3,09
2969398;21.01.2025;Mo-Fr S;1;ddb;Netz 4 Los 1;17012;RE 7;10:02;Weil am Rhein;de:08336:6639;34,9;4,5;100,9;410,0;410;24,62%;Fahrplanfahrt (mit Fahrgastzahl);2957,05;29,29
2969399;21.01.2025;Mo-Fr S;2;ddb;Netz 4 Los 1;17012;RE 7;10:22;Müllheim(Baden);de:08315:6522;47,3;5,0;143,3;410,0;820;34,94%;Fahrplanfahrt (mit Fahrgastzahl);1217,16;8,50
2969400;21.01.2025;Mo-Fr S;3;ddb;Netz 4 Los 1;17012;RE 7;10:27;Heitersheim;de:08315:6665;26,3;2,4;167,2;410,0;820;40,78%;Fahrplanfahrt (mit Fahrgastzahl);996,92;5,96
2969401;21.01.2025;Mo-Fr S;4;ddb;Netz 4 Los 1;17012;RE 7;10:32;Bad Krozingen;de:08315:6501;81,4;13,2;235,4;410,0;820;57,42%;Fahrplanfahrt (mit Fahrgastzahl);3423,73;14,54
2969402;21.01.2025;Mo-Fr S;5;ddb;Netz 4 Los 1;17012;RE 7;10:42;Freiburg(Breisgau) Hbf;de:08311:6508;122,7;193,0;165,1;410,0;410;40,28%;Fahrplanfahrt (mit Fahrgastzahl);1404,11;8,50
2969403;21.01.2025;Mo-Fr S;6;ddb;Netz 4 Los 1;17012;RE 7;10:48;Denzlingen;de:08316:6505;21,2;15,4;170,9;410,0;410;41,69%;Fahrplanfahrt (mit Fahrgastzahl);1223,13;7,16
2969404;21.01.2025;Mo-Fr S;7;ddb;Netz 4 Los 1;17012;RE 7;10:53;Emmendingen;de:08316:90;22,4;55,7;137,7;410,0;410;33,58%;Fahrplanfahrt (mit Fahrgastzahl);939,10;6,82
2969405;21.01.2025;Mo-Fr S;8;ddb;Netz 4 Los 1;17012;RE 7;10:57;Riegel-Malterdingen;de:08316:5290;3,6;11,3;130,0;410,0;410;31,71%;Fahrplanfahrt (mit Fahrgastzahl);635,18;4,89
2969406;21.01.2025;Mo-Fr S;9;ddb;Netz 4 Los 1;17012;RE 7;11:00;Kenzingen;de:08316:6518;5,4;14,5;120,8;410,0;410;29,47%;Fahrplanfahrt (mit Fahrgastzahl);396,36;3,28
2969407;21.01.2025;Mo-Fr S;10;ddb;Netz 4 Los 1;17012;RE 7;11:03;Herbolzheim(Breisg);de:08316:6562;6,8;25,8;101,8;410,0;410;24,83%;Fahrplanfahrt (mit Fahrgastzahl);1426,85;14,01
2969408;21.01.2025;Mo-Fr S;11;ddb;Netz 4 Los 1;17012;RE 7;11:11;Lahr(Schwarzw);de:08317:12103;17,1;19,8;99,1;410,0;410;24,17%;Fahrplanfahrt (mit Fahrgastzahl);1801,44;18,18
2969409;21.01.2025;Mo-Fr S;12;ddb;Netz 4 Los 1;17012;RE 7;11:21;Offenburg;de:08317:14506;0,0;99,1;0,0;;;;Fahrplanfahrt (mit Fahrgastzahl);;
2971687;21.01.2025;Mo-Fr S;0;ddb;Netz 4 Los 1;17014;RE 7;10:28;Basel Bad Bf;ch:23005:6;83,0;0,0;83,0;410;410;20,24%;Zählfahrt AFZS;256,80;3,09
2971688;21.01.2025;Mo-Fr S;1;ddb;Netz 4 Los 1;17014;RE 7;10:32;Weil am Rhein;de:08336:6639;39,0;17,0;105,0;410;410;25,61%;Zählfahrt AFZS;241,40;2,30
2971689;21.01.2025;Mo-Fr S;2;ddb;Netz 4 Los 1;17014;RE 7;10:35;Haltingen;de:08336:6638;11,0;7,0;109,0;410;410;26,59%;Zählfahrt AFZS;224,98;2,06
2971690;21.01.2025;Mo-Fr S;3;ddb;Netz 4 Los 1;17014;RE 7;10:38;Eimeldingen;de:08336:6634;0,0;6,0;103,0;410;410;25,12%;Zählfahrt AFZS;407,98;3,96
2971691;21.01.2025;Mo-Fr S;4;ddb;Netz 4 Los 1;17014;RE 7;10:41;Efringen-Kirchen;de:08336:6631;5,0;8,0;100,0;410;410;24,39%;Zählfahrt AFZS;187,80;1,88
2971692;21.01.2025;Mo-Fr S;5;ddb;Netz 4 Los 1;17014;RE 7;10:44;Istein;de:08336:6632;3,0;0,0;103,0;410;410;25,12%;Zählfahrt AFZS;370,90;3,60
2971693;21.01.2025;Mo-Fr S;6;ddb;Netz 4 Los 1;17014;RE 7;10:48;Kleinkems;de:08336:6633;0,0;1,0;102,0;410;410;24,88%;Zählfahrt AFZS;288,46;2,83
2971694;21.01.2025;Mo-Fr S;7;ddb;Netz 4 Los 1;17014;RE 7;10:51;Rheinweiler;de:08336:6629;2,0;1,0;103,0;410;410;25,12%;Zählfahrt AFZS;328,26;3,19
2971695;21.01.2025;Mo-Fr S;8;ddb;Netz 4 Los 1;17014;RE 7;10:54;Bad Bellingen;de:08336:6628;18,0;4,0;117,0;410;410;28,54%;Zählfahrt AFZS;424,12;3,63
2971696;21.01.2025;Mo-Fr S;9;ddb;Netz 4 Los 1;17014;RE 7;10:57;Schliengen;de:08336:6678;12,0;8,0;121,0;410;410;29,51%;Zählfahrt AFZS;414,06;3,42
2971697;21.01.2025;Mo-Fr S;10;ddb;Netz 4 Los 1;17014;RE 7;11:01;Auggen;de:08315:6642;5,0;2,0;124,0;410;410;30,24%;Zählfahrt AFZS;301,07;2,43
2971698;21.01.2025;Mo-Fr S;11;ddb;Netz 4 Los 1;17014;RE 7;11:04;Müllheim(Baden);de:08315:6522;85,0;1,0;208,0;410;410;50,73%;Zählfahrt AFZS;1767,17;8,50
2971699;21.01.2025;Mo-Fr S;12;ddb;Netz 4 Los 1;17014;RE 7;11:10;Heitersheim;de:08315:6665;42,0;6,0;244,0;410;410;59,51%;Zählfahrt AFZS;1454,97;5,96
2971700;21.01.2025;Mo-Fr S;13;ddb;Netz 4 Los 1;17014;RE 7;11:14;Bad Krozingen;de:08315:6501;106,0;35,0;315,0;410;410;76,83%;Zählfahrt AFZS;1848,10;5,87
2971701;21.01.2025;Mo-Fr S;14;ddb;Netz 4 Los 1;17014;RE 7;11:18;Schallstadt;de:08315:6677;20,0;6,0;329,0;410;410;80,24%;Zählfahrt AFZS;2854,40;8,68
2971702;21.01.2025;Mo-Fr S;15;ddb;Netz 4 Los 1;17014;RE 7;11:26;Freiburg(Breisgau) Hbf;de:08311:6508;187,0;301,0;215,0;410;410;52,44%;Zählfahrt AFZS;1828,14;8,50
2971703;21.01.2025;Mo-Fr S;16;ddb;Netz 4 Los 1;17014;RE 7;11:31;Denzlingen;de:08316:6505;9,0;29,0;195,0;410;410;47,56%;Zählfahrt AFZS;1395,22;7,16
2971704;21.01.2025;Mo-Fr S;17;ddb;Netz 4 Los 1;17014;RE 7;11:36;Emmendingen;de:08316:90;14,0;47,0;162,0;410;410;39,51%;Zählfahrt AFZS;1105,16;6,82
2971705;21.01.2025;Mo-Fr S;18;ddb;Netz 4 Los 1;17014;RE 7;11:41;Riegel-Malterdingen;de:08316:5290;3,0;42,0;123,0;410;410;30,00%;Zählfahrt AFZS;600,98;4,89
2971706;21.01.2025;Mo-Fr S;19;ddb;Netz 4 Los 1;17014;RE 7;11:45;Kenzingen;de:08316:6518;1,0;11,0;113,0;410;410;27,56%;Zählfahrt AFZS;370,64;3,28
2971707;21.01.2025;Mo-Fr S;20;ddb;Netz 4 Los 1;17014;RE 7;11:48;Herbolzheim(Breisg);de:08316:6562;3,0;19,0;97,0;410;410;23,66%;Zählfahrt AFZS;282,08;2,91
2971708;21.01.2025;Mo-Fr S;21;ddb;Netz 4 Los 1;17014;RE 7;11:51;Ringsheim;de:08317:16700;1,0;3,0;95,0;410;410;23,17%;Zählfahrt AFZS;285,10;3,00
2971709;21.01.2025;Mo-Fr S;22;ddb;Netz 4 Los 1;17014;RE 7;11:54;Orschweier;de:08317:18601;4,0;1,0;98,0;410;410;23,90%;Zählfahrt AFZS;794,29;8,11
2971710;21.01.2025;Mo-Fr S;23;ddb;Netz 4 Los 1;17014;RE 7;12:00;Lahr(Schwarzw);de:08317:12103;12,0;55,0;55,0;410;410;13,41%;Zählfahrt AFZS;999,74;18,18
2971711;21.01.2025;Mo-Fr S;24;ddb;Netz 4 Los 1;17014;RE 7;12:11;Offenburg;de:08317:14506;0,0;55,0;0,0;0;;;Zählfahrt AFZS;;
2972434;21.01.2025;Mo-Fr S;0;ddb;Netz 4 Los 1;5335;RE 7;10:35;Offenburg;de:08317:14506;89,0;0,0;89,0;714,3;410;12,45%;Fahrplanfahrt (mit Fahrgastzahl);1616,96;18,18
2972435;21.01.2025;Mo-Fr S;1;ddb;Netz 4 Los 1;5335;RE 7;10:45;Lahr(Schwarzw);de:08317:12103;27,8;19,0;97,7;714,3;410;13,68%;Fahrplanfahrt (mit Fahrgastzahl);1369,11;14,01
2972436;21.01.2025;Mo-Fr S;2;ddb;Netz 4 Los 1;5335;RE 7;10:52;Herbolzheim(Breisg);de:08316:6562;31,0;5,0;123,7;714,3;410;17,32%;Fahrplanfahrt (mit Fahrgastzahl);405,72;3,28
2972437;21.01.2025;Mo-Fr S;3;ddb;Netz 4 Los 1;5335;RE 7;10:55;Kenzingen;de:08316:6518;16,9;3,3;137,3;714,3;410;19,21%;Fahrplanfahrt (mit Fahrgastzahl);670,66;4,89
2972438;21.01.2025;Mo-Fr S;4;ddb;Netz 4 Los 1;5335;RE 7;10:59;Riegel-Malterdingen;de:08316:5290;14,4;2,7;149,0;714,3;410;20,86%;Fahrplanfahrt (mit Fahrgastzahl);1016,48;6,82
2972439;21.01.2025;Mo-Fr S;5;ddb;Netz 4 Los 1;5335;RE 7;11:04;Emmendingen;de:08316:90;58,6;13,5;194,1;714,3;820;27,17%;Fahrplanfahrt (mit Fahrgastzahl);1388,69;7,16
2972440;21.01.2025;Mo-Fr S;6;ddb;Netz 4 Los 1;5335;RE 7;11:09;Denzlingen;de:08316:6505;30,7;13,7;211,0;714,3;820;29,54%;Fahrplanfahrt (mit Fahrgastzahl);1794,50;8,50
2972441;21.01.2025;Mo-Fr S;7;ddb;Netz 4 Los 1;5335;RE 7;11:18;Freiburg(Breisgau) Hbf;de:08311:6508;178,3;163,0;226,3;714,3;820;31,67%;Fahrplanfahrt (mit Fahrgastzahl);3290,74;14,54
2972442;21.01.2025;Mo-Fr S;8;ddb;Netz 4 Los 1;5335;RE 7;11:27;Bad Krozingen;de:08315:6501;20,0;62,5;183,7;714,3;820;25,72%;Fahrplanfahrt (mit Fahrgastzahl);1095,38;5,96
2972443;21.01.2025;Mo-Fr S;9;ddb;Netz 4 Los 1;5335;RE 7;11:31;Heitersheim;de:08315:6665;6,1;20,7;169,1;714,3;820;23,67%;Fahrplanfahrt (mit Fahrgastzahl);1436,56;8,50
2972444;21.01.2025;Mo-Fr S;10;ddb;Netz 4 Los 1;5335;RE 7;11:37;Müllheim(Baden);de:08315:6522;8,9;32,0;146,0;714,3;410;20,44%;Fahrplanfahrt (mit Fahrgastzahl);4276,78;29,29
2972445;21.01.2025;Mo-Fr S;11;ddb;Netz 4 Los 1;5335;RE 7;11:57;Weil am Rhein;de:08336:6639;5,2;36,8;114,4;714,3;410;16,01%;Fahrplanfahrt (mit Fahrgastzahl);353,93;3,09
2972446;21.01.2025;Mo-Fr S;12;ddb;Netz 4 Los 1;5335;RE 7;12:11;Basel Bad Bf;ch:23005:6;5,4;75,0;44,8;714,3;410;6,27%;Fahrplanfahrt (mit Fahrgastzahl);;
2972447;21.01.2025;Mo-Fr S;13;ddb;Netz 4 Los 1;5335;RE 7;12:19;Basel SBB;ch:23005:300;0,0;44,8;0,0;;;;Fahrplanfahrt (mit Fahrgastzahl);;
2977511;21.01.2025;Mo-Fr S;0;ddb;Netz 4 Los 1;17013;RE 7;11:47;Offenburg;de:08317:14506;105,3;0,0;105,3;405,6;410;25,96%;Fahrplanfahrt (mit Fahrgastzahl);1914,08;18,18
2977512;21.01.2025;Mo-Fr S;1;ddb;Netz 4 Los 1;17013;RE 7;11:57;Lahr(Schwarzw);de:08317:12103;34,8;24,7;115,4;405,6;410;28,46%;Fahrplanfahrt (mit Fahrgastzahl);935,66;8,11
2977513;21.01.2025;Mo-Fr S;2;ddb;Netz 4 Los 1;17013;RE 7;12:02;Orschweier;de:08317:18601;11,3;8,0;118,7;405,6;410;29,28%;Fahrplanfahrt (mit Fahrgastzahl);356,35;3,00
2977514;21.01.2025;Mo-Fr S;3;ddb;Netz 4 Los 1;17013;RE 7;12:05;Ringsheim;de:08317:16700;10,1;6,8;122,0;405,6;410;30,07%;Fahrplanfahrt (mit Fahrgastzahl);354,71;2,91
2977515;21.01.2025;Mo-Fr S;4;ddb;Netz 4 Los 1;17013;RE 7;12:08;Herbolzheim(Breisg);de:08316:6562;28,7;5,6;145,1;405,6;410;35,77%;Fahrplanfahrt (mit Fahrgastzahl);475,83;3,28
2977516;21.01.2025;Mo-Fr S;5;ddb;Netz 4 Los 1;17013;RE 7;12:11;Kenzingen;de:08316:6518;31,0;7,0;169,0;405,6;410;41,68%;Fahrplanfahrt (mit Fahrgastzahl);825,96;4,89
2977517;21.01.2025;Mo-Fr S;6;ddb;Netz 4 Los 1;17013;RE 7;12:15;Riegel-Malterdingen;de:08316:5290;25,5;10,5;184,0;405,6;410;45,38%;Fahrplanfahrt (mit Fahrgastzahl);1255,57;6,82
2977518;21.01.2025;Mo-Fr S;7;ddb;Netz 4 Los 1;17013;RE 7;12:20;Emmendingen;de:08316:90;104,8;30,3;258,5;405,6;410;63,74%;Fahrplanfahrt (mit Fahrgastzahl);1849,65;7,16
2977519;21.01.2025;Mo-Fr S;8;ddb;Netz 4 Los 1;17013;RE 7;12:25;Denzlingen;de:08316:6505;28,3;28,6;258,3;405,6;410;63,69%;Fahrplanfahrt (mit Fahrgastzahl);2196,34;8,50
2977520;21.01.2025;Mo-Fr S;9;ddb;Netz 4 Los 1;17013;RE 7;12:32;Freiburg(Breisgau) Hbf;de:08311:6508;338,0;208,2;388,0;410,0;410;94,65%;Fahrplanfahrt (mit Fahrgastzahl);3367,08;8,68
2977521;21.01.2025;Mo-Fr S;10;ddb;Netz 4 Los 1;17013;RE 7;12:37;Schallstadt;de:08315:6677;6,9;20,0;375,0;410,0;410;91,46%;Fahrplanfahrt (mit Fahrgastzahl);2199,99;5,87
2977522;21.01.2025;Mo-Fr S;11;ddb;Netz 4 Los 1;17013;RE 7;12:42;Bad Krozingen;de:08315:6501;29,7;124,6;280,1;410,0;410;68,31%;Fahrplanfahrt (mit Fahrgastzahl);1670,06;5,96
2977523;21.01.2025;Mo-Fr S;12;ddb;Netz 4 Los 1;17013;RE 7;12:46;Heitersheim;de:08315:6665;6,8;59,0;227,9;410,0;410;55,59%;Fahrplanfahrt (mit Fahrgastzahl);1936,30;8,50
2977524;21.01.2025;Mo-Fr S;13;ddb;Netz 4 Los 1;17013;RE 7;12:51;Müllheim(Baden);de:08315:6522;18,1;101,7;144,2;410,0;410;35,18%;Fahrplanfahrt (mit Fahrgastzahl);843,76;5,85
2977525;21.01.2025;Mo-Fr S;14;ddb;Netz 4 Los 1;17013;RE 7;12:56;Schliengen;de:08336:6678;5,5;12,4;137,4;410,0;410;33,51%;Fahrplanfahrt (mit Fahrgastzahl);498,06;3,63
2977526;21.01.2025;Mo-Fr S;15;ddb;Netz 4 Los 1;17013;RE 7;12:59;Bad Bellingen;de:08336:6628;6,6;11,1;132,9;410,0;410;32,42%;Fahrplanfahrt (mit Fahrgastzahl);1527,63;11,49
2977527;21.01.2025;Mo-Fr S;16;ddb;Netz 4 Los 1;17013;RE 7;13:10;Efringen-Kirchen;de:08336:6631;11,8;8,7;136,0;410,0;410;33,18%;Fahrplanfahrt (mit Fahrgastzahl);819,54;6,03
2977528;21.01.2025;Mo-Fr S;17;ddb;Netz 4 Los 1;17013;RE 7;13:15;Haltingen;de:08336:6638;7,7;12,8;130,9;410,0;410;31,93%;Fahrplanfahrt (mit Fahrgastzahl);300,96;2,30
2977529;21.01.2025;Mo-Fr S;18;ddb;Netz 4 Los 1;17013;RE 7;13:19;Weil am Rhein;de:08336:6639;8,3;54,5;84,7;410,0;410;20,65%;Fahrplanfahrt (mit Fahrgastzahl);261,98;3,09
2977530;21.01.2025;Mo-Fr S;19;ddb;Netz 4 Los 1;17013;RE 7;13:23;Basel Bad Bf;ch:23005:6;0,0;84,7;0,0;;;;Fahrplanfahrt (mit Fahrgastzahl);;
2978190;21.01.2025;Mo-Fr S;0;ddb;Netz 4 Los 1;17016;RE 7;11:58;Basel Bad Bf;ch:23005:6;68,5;0,0;68,5;747,6;820;9,16%;Fahrplanfahrt (mit Fahrgastzahl);211,85;3,09
2978191;21.01.2025;Mo-Fr S;1;ddb;Netz 4 Los 1;17016;RE 7;12:02;Weil am Rhein;de:08336:6639;40,7;6,9;102,3;747,6;820;13,68%;Fahrplanfahrt (mit Fahrgastzahl);2996,50;29,29
2978192;21.01.2025;Mo-Fr S;2;ddb;Netz 4 Los 1;17016;RE 7;12:22;Müllheim(Baden);de:08315:6522;45,8;7,8;140,3;747,6;820;18,76%;Fahrplanfahrt (mit Fahrgastzahl);1191,94;8,50
2978193;21.01.2025;Mo-Fr S;3;ddb;Netz 4 Los 1;17016;RE 7;12:27;Heitersheim;de:08315:6665;32,5;4,6;168,1;747,6;820;22,49%;Fahrplanfahrt (mit Fahrgastzahl);1002,49;5,96
2978194;21.01.2025;Mo-Fr S;4;ddb;Netz 4 Los 1;17016;RE 7;12:32;Bad Krozingen;de:08315:6501;95,1;15,2;248,0;747,6;820;33,17%;Fahrplanfahrt (mit Fahrgastzahl);3606,66;14,54
2978195;21.01.2025;Mo-Fr S;5;ddb;Netz 4 Los 1;17016;RE 7;12:42;Freiburg(Breisgau) Hbf;de:08311:6508;344,6;194,8;397,8;723,5;820;54,98%;Fahrplanfahrt (mit Fahrgastzahl);3382,69;8,50
2978196;21.01.2025;Mo-Fr S;6;ddb;Netz 4 Los 1;17016;RE 7;12:48;Denzlingen;de:08316:6505;40,7;34,1;404,4;723,5;820;55,89%;Fahrplanfahrt (mit Fahrgastzahl);2893,57;7,16
2978197;21.01.2025;Mo-Fr S;7;ddb;Netz 4 Los 1;17016;RE 7;12:53;Emmendingen;de:08316:90;71,8;116,6;359,6;723,5;410;49,70%;Fahrplanfahrt (mit Fahrgastzahl);2453,11;6,82
2978198;21.01.2025;Mo-Fr S;8;ddb;Netz 4 Los 1;17016;RE 7;12:57;Riegel-Malterdingen;de:08316:5290;7,8;34,2;333,2;723,5;410;46,06%;Fahrplanfahrt (mit Fahrgastzahl);1628,19;4,89
2978199;21.01.2025;Mo-Fr S;9;ddb;Netz 4 Los 1;17016;RE 7;13:01;Kenzingen;de:08316:6518;11,0;48,7;295,5;723,5;410;40,85%;Fahrplanfahrt (mit Fahrgastzahl);969,34;3,28
2978200;21.01.2025;Mo-Fr S;10;ddb;Netz 4 Los 1;17016;RE 7;13:04;Herbolzheim(Breisg);de:08316:6562;8,1;57,6;245,9;723,5;410;33,99%;Fahrplanfahrt (mit Fahrgastzahl);3446,62;14,01
2978201;21.01.2025;Mo-Fr S;11;ddb;Netz 4 Los 1;17016;RE 7;13:11;Lahr(Schwarzw);de:08317:12103;93,5;53,7;285,8;723,5;410;39,50%;Fahrplanfahrt (mit Fahrgastzahl);5194,35;18,18
2978202;21.01.2025;Mo-Fr S;12;ddb;Netz 4 Los 1;17016;RE 7;13:34;Offenburg;de:08317:14506;98,5;183,6;200,6;410,0;410;48,94%;Fahrplanfahrt (mit Fahrgastzahl);1514,28;7,55
2978203;21.01.2025;Mo-Fr S;13;ddb;Netz 4 Los 1;17016;RE 7;13:40;Appenweier;de:08317:14120;20,9;10,0;211,5;410,0;410;51,59%;Fahrplanfahrt (mit Fahrgastzahl);1325,44;6,27
2978204;21.01.2025;Mo-Fr S;14;ddb;Netz 4 Los 1;17016;RE 7;13:44;Renchen;de:08317:13554;2,9;11,1;203,3;410,0;410;49,58%;Fahrplanfahrt (mit Fahrgastzahl);1289,49;6,34
2978205;21.01.2025;Mo-Fr S;15;ddb;Netz 4 Los 1;17016;RE 7;13:49;Achern;de:08317:33013;21,2;28,3;196,2;410,0;410;47,86%;Fahrplanfahrt (mit Fahrgastzahl);1658,19;8,45
2978206;21.01.2025;Mo-Fr S;16;ddb;Netz 4 Los 1;17016;RE 7;13:54;Bühl(Baden);de:08216:32227;18,9;18,0;197,2;410,0;410;48,09%;Fahrplanfahrt (mit Fahrgastzahl);2272,66;11,53
2978207;21.01.2025;Mo-Fr S;17;ddb;Netz 4 Los 1;17016;RE 7;14:01;Baden-Baden;de:08211:1847;38,6;31,5;204,3;410,0;410;49,83%;Fahrplanfahrt (mit Fahrgastzahl);1748,35;8,56
2978208;21.01.2025;Mo-Fr S;18;ddb;Netz 4 Los 1;17016;RE 7;14:08;Rastatt;de:08216:1844;19,6;28,8;195,1;410,0;410;47,59%;Fahrplanfahrt (mit Fahrgastzahl);4053,37;20,77
2978209;21.01.2025;Mo-Fr S;19;ddb;Netz 4 Los 1;17016;RE 7;14:21;Karlsruhe Hbf;de:08212:90;0,0;195,1;0,0;;;;Fahrplanfahrt (mit Fahrgastzahl);;
2980604;21.01.2025;Mo-Fr S;0;ddb;Netz 4 Los 1;5332;RE 7;12:25;Basel SBB;ch:23005:300;32,5;0,0;32,5;701,2;;4,63%;Fahrplanfahrt (mit Fahrgastzahl);;
2980605;21.01.2025;Mo-Fr S;1;ddb;Netz 4 Los 1;5332;RE 7;12:33;Basel Bad Bf;ch:23005:6;53,4;3,2;82,6;725,3;410;11,39%;Fahrplanfahrt (mit Fahrgastzahl);255,71;3,09
2980606;21.01.2025;Mo-Fr S;2;ddb;Netz 4 Los 1;5332;RE 7;12:38;Weil am Rhein;de:08336:6639;41,4;7,6;116,5;725,3;410;16,06%;Fahrplanfahrt (mit Fahrgastzahl);267,77;2,30
2980607;21.01.2025;Mo-Fr S;3;ddb;Netz 4 Los 1;5332;RE 7;12:41;Haltingen;de:08336:6638;6,6;3,6;119,5;725,3;410;16,48%;Fahrplanfahrt (mit Fahrgastzahl);720,16;6,03
2980608;21.01.2025;Mo-Fr S;4;ddb;Netz 4 Los 1;5332;RE 7;12:46;Efringen-Kirchen;de:08336:6631;7,8;6,6;120,8;725,3;410;16,65%;Fahrplanfahrt (mit Fahrgastzahl);1388,07;11,49
2980609;21.01.2025;Mo-Fr S;5;ddb;Netz 4 Los 1;5332;RE 7;12:58;Bad Bellingen;de:08336:6628;9,2;7,5;122,4;725,3;410;16,88%;Fahrplanfahrt (mit Fahrgastzahl);443,74;3,63
2980610;21.01.2025;Mo-Fr S;6;ddb;Netz 4 Los 1;5332;RE 7;13:01;Schliengen;de:08336:6678;7,8;6,5;123,7;725,3;410;17,06%;Fahrplanfahrt (mit Fahrgastzahl);723,68;5,85
2980611;21.01.2025;Mo-Fr S;7;ddb;Netz 4 Los 1;5332;RE 7;13:06;Müllheim(Baden);de:08315:6522;51,5;10,5;164,7;725,3;820;22,71%;Fahrplanfahrt (mit Fahrgastzahl);1399,34;8,50
2980612;21.01.2025;Mo-Fr S;8;ddb;Netz 4 Los 1;5332;RE 7;13:11;Heitersheim;de:08315:6665;16,1;7,0;173,8;725,3;820;23,97%;Fahrplanfahrt (mit Fahrgastzahl);1036,51;5,96
2980613;21.01.2025;Mo-Fr S;9;ddb;Netz 4 Los 1;5332;RE 7;13:15;Bad Krozingen;de:08315:6501;65,4;18,0;221,2;725,3;820;30,49%;Fahrplanfahrt (mit Fahrgastzahl);1297,64;5,87
2980614;21.01.2025;Mo-Fr S;10;ddb;Netz 4 Los 1;5332;RE 7;13:19;Schallstadt;de:08315:6677;8,2;6,3;223,1;725,3;820;30,75%;Fahrplanfahrt (mit Fahrgastzahl);1935,26;8,68
2980615;21.01.2025;Mo-Fr S;11;ddb;Netz 4 Los 1;5332;RE 7;13:27;Freiburg(Breisgau) Hbf;de:08311:6508;385,4;159,8;448,6;725,3;820;61,86%;Fahrplanfahrt (mit Fahrgastzahl);3814,85;8,50
2980616;21.01.2025;Mo-Fr S;12;ddb;Netz 4 Los 1;5332;RE 7;13:32;Denzlingen;de:08316:6505;22,8;51,9;419,5;725,3;820;57,84%;Fahrplanfahrt (mit Fahrgastzahl);3001,73;7,16
2980617;21.01.2025;Mo-Fr S;13;ddb;Netz 4 Los 1;5332;RE 7;13:38;Emmendingen;de:08316:90;36,3;127,3;328,5;725,3;820;45,30%;Fahrplanfahrt (mit Fahrgastzahl);2241,23;6,82
2980618;21.01.2025;Mo-Fr S;14;ddb;Netz 4 Los 1;5332;RE 7;13:43;Riegel-Malterdingen;de:08316:5290;6,2;50,3;284,5;725,3;820;39,22%;Fahrplanfahrt (mit Fahrgastzahl);1389,92;4,89
2980619;21.01.2025;Mo-Fr S;15;ddb;Netz 4 Los 1;5332;RE 7;13:47;Kenzingen;de:08316:6518;5,8;39,9;250,3;725,3;820;34,51%;Fahrplanfahrt (mit Fahrgastzahl);820,96;3,28
2980620;21.01.2025;Mo-Fr S;16;ddb;Netz 4 Los 1;5332;RE 7;13:50;Herbolzheim(Breisg);de:08316:6562;6,1;46,0;210,4;725,3;820;29,01%;Fahrplanfahrt (mit Fahrgastzahl);611,88;2,91
2980621;21.01.2025;Mo-Fr S;17;ddb;Netz 4 Los 1;5332;RE 7;13:53;Ringsheim;de:08317:16700;4,6;11,1;203,9;725,3;820;28,11%;Fahrplanfahrt (mit Fahrgastzahl);611,85;3,00
2980622;21.01.2025;Mo-Fr S;18;ddb;Netz 4 Los 1;5332;RE 7;13:56;Orschweier;de:08317:18601;7,5;17,8;193,6;725,3;820;26,69%;Fahrplanfahrt (mit Fahrgastzahl);1569,03;8,11
2980623;21.01.2025;Mo-Fr S;19;ddb;Netz 4 Los 1;5332;RE 7;14:01;Lahr(Schwarzw);de:08317:12103;38,4;39,4;192,6;725,3;820;26,56%;Fahrplanfahrt (mit Fahrgastzahl);3501,75;18,18
2980624;21.01.2025;Mo-Fr S;20;ddb;Netz 4 Los 1;5332;RE 7;14:34;Offenburg;de:08317:14506;86,7;93,3;186,1;725,3;410;25,65%;Fahrplanfahrt (mit Fahrgastzahl);1404,19;7,55
2980625;21.01.2025;Mo-Fr S;21;ddb;Netz 4 Los 1;5332;RE 7;14:39;Appenweier;de:08317:14120;8,4;10,2;184,2;725,3;410;25,39%;Fahrplanfahrt (mit Fahrgastzahl);1154,05;6,27
2980626;21.01.2025;Mo-Fr S;22;ddb;Netz 4 Los 1;5332;RE 7;14:44;Renchen;de:08317:13554;2,8;8,0;179,0;725,3;410;24,68%;Fahrplanfahrt (mit Fahrgastzahl);1135,40;6,34
2980627;21.01.2025;Mo-Fr S;23;ddb;Netz 4 Los 1;5332;RE 7;14:49;Achern;de:08317:33013;17,5;27,8;168,6;725,3;410;23,25%;Fahrplanfahrt (mit Fahrgastzahl);1425,07;8,45
2980628;21.01.2025;Mo-Fr S;24;ddb;Netz 4 Los 1;5332;RE 7;14:54;Bühl(Baden);de:08216:32227;28,5;18,2;178,9;725,3;410;24,67%;Fahrplanfahrt (mit Fahrgastzahl);2062,48;11,53
2980629;21.01.2025;Mo-Fr S;25;ddb;Netz 4 Los 1;5332;RE 7;15:01;Baden-Baden;de:08211:1847;50,8;26,7;203,1;725,3;410;28,00%;Fahrplanfahrt (mit Fahrgastzahl);1737,78;8,56
2980630;21.01.2025;Mo-Fr S;26;ddb;Netz 4 Los 1;5332;RE 7;15:08;Rastatt;de:08216:1844;25,3;27,9;200,5;725,3;410;27,64%;Fahrplanfahrt (mit Fahrgastzahl);4164,58;20,77
2980631;21.01.2025;Mo-Fr S;27;ddb;Netz 4 Los 1;5332;RE 7;15:21;Karlsruhe Hbf;de:08212:90;0,0;200,5;0,0;;;;Fahrplanfahrt (mit Fahrgastzahl);;
2980632;21.01.2025;Mo-Fr S;0;ddb;Netz 4 Los 1;17015;RE 7;12:26;Offenburg;de:08317:14506;74,0;0,0;74,0;410;410;18,05%;Zählfahrt AFZS;1345,10;18,18
2980633;21.01.2025;Mo-Fr S;1;ddb;Netz 4 Los 1;17015;RE 7;12:36;Lahr(Schwarzw);de:08317:12103;36,0;24,0;86,0;410;410;20,98%;Zählfahrt AFZS;1205,20;14,01
2980634;21.01.2025;Mo-Fr S;2;ddb;Netz 4 Los 1;17015;RE 7;12:52;Herbolzheim(Breisg);de:08316:6562;33,0;7,0;112,0;410;410;27,32%;Zählfahrt AFZS;367,36;3,28
2980635;21.01.2025;Mo-Fr S;3;ddb;Netz 4 Los 1;17015;RE 7;12:55;Kenzingen;de:08316:6518;16,0;9,0;119,0;410;410;29,02%;Zählfahrt AFZS;581,43;4,89
2980636;21.01.2025;Mo-Fr S;4;ddb;Netz 4 Los 1;17015;RE 7;12:59;Riegel-Malterdingen;de:08316:5290;26,0;3,0;142,0;410;410;34,63%;Zählfahrt AFZS;968,72;6,82
2980637;21.01.2025;Mo-Fr S;5;ddb;Netz 4 Los 1;17015;RE 7;13:04;Emmendingen;de:08316:90;112,0;33,0;221,0;410;410;53,90%;Zählfahrt AFZS;1581,26;7,16
2980638;21.01.2025;Mo-Fr S;6;ddb;Netz 4 Los 1;17015;RE 7;13:09;Denzlingen;de:08316:6505;36,0;33,0;224,0;410;410;54,63%;Zählfahrt AFZS;1904,67;8,50
2980639;21.01.2025;Mo-Fr S;7;ddb;Netz 4 Los 1;17015;RE 7;13:17;Freiburg(Breisgau) Hbf;de:08311:6508;584,0;181,0;627,0;410;820;152,93%;Zählfahrt AFZS;5440,48;8,68
2980640;21.01.2025;Mo-Fr S;8;ddb;Netz 4 Los 1;17015;RE 7;13:22;Schallstadt;de:08315:6677;11,0;74,0;564,0;410;820;137,56%;Zählfahrt AFZS;3308,99;5,87
2980641;21.01.2025;Mo-Fr S;9;ddb;Netz 4 Los 1;17015;RE 7;13:27;Bad Krozingen;de:08315:6501;36,0;206,0;394,0;410;820;96,10%;Zählfahrt AFZS;2349,42;5,96
2980642;21.01.2025;Mo-Fr S;10;ddb;Netz 4 Los 1;17015;RE 7;13:31;Heitersheim;de:08315:6665;5,0;99,0;300,0;410;820;73,17%;Zählfahrt AFZS;910,20;3,03
2980643;21.01.2025;Mo-Fr S;11;ddb;Netz 4 Los 1;17015;RE 7;13:34;Buggingen;de:08315:6644;3,0;30,0;273,0;410;820;66,59%;Zählfahrt AFZS;1491,13;5,46
2980644;21.01.2025;Mo-Fr S;12;ddb;Netz 4 Los 1;17015;RE 7;13:38;Müllheim(Baden);de:08315:6522;9,0;132,0;150,0;410;410;36,59%;Zählfahrt AFZS;4393,95;29,29
2980645;21.01.2025;Mo-Fr S;13;ddb;Netz 4 Los 1;17015;RE 7;13:58;Weil am Rhein;de:08336:6639;6,0;53,0;103,0;410;410;25,12%;Zählfahrt AFZS;318,68;3,09
2980646;21.01.2025;Mo-Fr S;14;ddb;Netz 4 Los 1;17015;RE 7;14:02;Basel Bad Bf;ch:23005:6;0,0;103,0;0,0;0;;;Zählfahrt AFZS;;
2981816;21.01.2025;Mo-Fr S;0;ddb;Netz 4 Los 1;17017;RE 7;12:39;Karlsruhe Hbf;de:08212:90;301,9;0,0;301,9;410,0;410;73,64%;Fahrplanfahrt (mit Fahrgastzahl);6272,53;20,77
2981817;21.01.2025;Mo-Fr S;1;ddb;Netz 4 Los 1;17017;RE 7;12:52;Rastatt;de:08216:1844;65,2;29,9;337,3;410,0;410;82,27%;Fahrplanfahrt (mit Fahrgastzahl);2886,56;8,56
2981818;21.01.2025;Mo-Fr S;2;ddb;Netz 4 Los 1;17017;RE 7;12:59;Baden-Baden;de:08211:1847;40,4;77,4;300,4;410,0;410;73,26%;Fahrplanfahrt (mit Fahrgastzahl);3461,87;11,53
2981819;21.01.2025;Mo-Fr S;3;ddb;Netz 4 Los 1;17017;RE 7;13:05;Bühl(Baden);de:08216:32227;38,7;51,5;287,5;410,0;410;70,13%;Fahrplanfahrt (mit Fahrgastzahl);2429,62;8,45
2981820;21.01.2025;Mo-Fr S;4;ddb;Netz 4 Los 1;17017;RE 7;13:11;Achern;de:08317:33013;42,6;46,1;284,1;410,0;410;69,28%;Fahrplanfahrt (mit Fahrgastzahl);1801,79;6,34
2981821;21.01.2025;Mo-Fr S;5;ddb;Netz 4 Los 1;17017;RE 7;13:16;Renchen;de:08317:13554;4,8;9,7;279,1;410,0;410;68,08%;Fahrplanfahrt (mit Fahrgastzahl);1748,95;6,27
2981822;21.01.2025;Mo-Fr S;6;ddb;Netz 4 Los 1;17017;RE 7;13:21;Appenweier;de:08317:14120;8,5;60,6;227,1;410,0;410;55,38%;Fahrplanfahrt (mit Fahrgastzahl);1713,61;7,55
2981823;21.01.2025;Mo-Fr S;7;ddb;Netz 4 Los 1;17017;RE 7;13:47;Offenburg;de:08317:14506;182,5;81,4;328,1;530,6;410;61,84%;Fahrplanfahrt (mit Fahrgastzahl);5964,19;18,18
2981824;21.01.2025;Mo-Fr S;8;ddb;Netz 4 Los 1;17017;RE 7;13:57;Lahr(Schwarzw);de:08317:12103;55,7;71,6;312,2;530,6;410;58,85%;Fahrplanfahrt (mit Fahrgastzahl);2530,67;8,11
2981825;21.01.2025;Mo-Fr S;9;ddb;Netz 4 Los 1;17017;RE 7;14:02;Orschweier;de:08317:18601;13,1;26,0;299,3;530,6;410;56,41%;Fahrplanfahrt (mit Fahrgastzahl);898,18;3,00
2981826;21.01.2025;Mo-Fr S;10;ddb;Netz 4 Los 1;17017;RE 7;14:05;Ringsheim;de:08317:16700;7,1;15,0;291,4;530,6;410;54,91%;Fahrplanfahrt (mit Fahrgastzahl);847,25;2,91
2981827;21.01.2025;Mo-Fr S;11;ddb;Netz 4 Los 1;17017;RE 7;14:08;Herbolzheim(Breisg);de:08316:6562;33,0;21,3;303,1;530,6;410;57,12%;Fahrplanfahrt (mit Fahrgastzahl);994,03;3,28
2981828;21.01.2025;Mo-Fr S;12;ddb;Netz 4 Los 1;17017;RE 7;14:11;Kenzingen;de:08316:6518;30,7;15,6;318,1;530,6;410;59,96%;Fahrplanfahrt (mit Fahrgastzahl);1554,32;4,89
2981829;21.01.2025;Mo-Fr S;13;ddb;Netz 4 Los 1;17017;RE 7;14:15;Riegel-Malterdingen;de:08316:5290;30,4;14,8;333,7;530,6;410;62,89%;Fahrplanfahrt (mit Fahrgastzahl);2276,54;6,82
2981830;21.01.2025;Mo-Fr S;14;ddb;Netz 4 Los 1;17017;RE 7;14:20;Emmendingen;de:08316:90;106,4;42,9;397,2;530,6;410;74,87%;Fahrplanfahrt (mit Fahrgastzahl);2842,22;7,16
2981831;21.01.2025;Mo-Fr S;15;ddb;Netz 4 Los 1;17017;RE 7;14:24;Denzlingen;de:08316:6505;21,5;38,2;380,6;530,6;410;71,73%;Fahrplanfahrt (mit Fahrgastzahl);3236,14;8,50
2981832;21.01.2025;Mo-Fr S;16;ddb;Netz 4 Los 1;17017;RE 7;14:32;Freiburg(Breisgau) Hbf;de:08311:6508;348,1;290,1;438,6;530,6;820;82,66%;Fahrplanfahrt (mit Fahrgastzahl);3805,63;8,68
2981833;21.01.2025;Mo-Fr S;17;ddb;Netz 4 Los 1;17017;RE 7;14:37;Schallstadt;de:08315:6677;6,4;20,9;424,0;530,6;820;79,91%;Fahrplanfahrt (mit Fahrgastzahl);2487,61;5,87
2981834;21.01.2025;Mo-Fr S;18;ddb;Netz 4 Los 1;17017;RE 7;14:42;Bad Krozingen;de:08315:6501;26,2;129,0;321,2;530,6;820;60,53%;Fahrplanfahrt (mit Fahrgastzahl);1915,18;5,96
2981835;21.01.2025;Mo-Fr S;19;ddb;Netz 4 Los 1;17017;RE 7;14:46;Heitersheim;de:08315:6665;9,5;58,1;272,6;530,6;820;51,37%;Fahrplanfahrt (mit Fahrgastzahl);2315,91;8,50
2981836;21.01.2025;Mo-Fr S;20;ddb;Netz 4 Los 1;17017;RE 7;14:51;Müllheim(Baden);de:08315:6522;17,9;91,8;198,7;530,6;410;37,45%;Fahrplanfahrt (mit Fahrgastzahl);1162,43;5,85
2981837;21.01.2025;Mo-Fr S;21;ddb;Netz 4 Los 1;17017;RE 7;14:56;Schliengen;de:08336:6678;4,0;15,3;187,4;530,6;410;35,32%;Fahrplanfahrt (mit Fahrgastzahl);679,37;3,63
2981838;21.01.2025;Mo-Fr S;22;ddb;Netz 4 Los 1;17017;RE 7;14:59;Bad Bellingen;de:08336:6628;6,2;14,5;179,1;530,6;410;33,75%;Fahrplanfahrt (mit Fahrgastzahl);2058,10;11,49
2981839;21.01.2025;Mo-Fr S;23;ddb;Netz 4 Los 1;17017;RE 7;15:10;Efringen-Kirchen;de:08336:6631;7,8;11,4;175,4;530,6;410;33,06%;Fahrplanfahrt (mit Fahrgastzahl);1056,86;6,03
2981840;21.01.2025;Mo-Fr S;24;ddb;Netz 4 Los 1;17017;RE 7;15:15;Haltingen;de:08336:6638;10,0;12,5;172,9;530,6;410;32,59%;Fahrplanfahrt (mit Fahrgastzahl);397,59;2,30
2981841;21.01.2025;Mo-Fr S;25;ddb;Netz 4 Los 1;17017;RE 7;15:19;Weil am Rhein;de:08336:6639;10,6;64,6;118,9;530,6;410;22,41%;Fahrplanfahrt (mit Fahrgastzahl);367,82;3,09
2981842;21.01.2025;Mo-Fr S;26;ddb;Netz 4 Los 1;17017;RE 7;15:23;Basel Bad Bf;ch:23005:6;0,0;118,9;0,0;;;;Fahrplanfahrt (mit Fahrgastzahl);;
2987971;21.01.2025;Mo-Fr S;0;ddb;Netz 4 Los 1;17020;RE 7;13:58;Basel Bad Bf;ch:23005:6;111,6;0,0;111,6;795,9;410;14,03%;Fahrplanfahrt (mit Fahrgastzahl);345,44;3,09
2987972;21.01.2025;Mo-Fr S;1;ddb;Netz 4 Los 1;17020;RE 7;14:02;Weil am Rhein;de:08336:6639;60,4;12,1;159,9;795,9;410;20,09%;Fahrplanfahrt (mit Fahrgastzahl);4683,43;29,29
2987973;21.01.2025;Mo-Fr S;2;ddb;Netz 4 Los 1;17020;RE 7;14:22;Müllheim(Baden);de:08315:6522;71,4;14,0;217,2;795,9;410;27,29%;Fahrplanfahrt (mit Fahrgastzahl);1845,63;8,50
2987974;21.01.2025;Mo-Fr S;3;ddb;Netz 4 Los 1;17020;RE 7;14:27;Heitersheim;de:08315:6665;39,9;10,3;246,8;795,9;410;31,01%;Fahrplanfahrt (mit Fahrgastzahl);1471,81;5,96
2987975;21.01.2025;Mo-Fr S;4;ddb;Netz 4 Los 1;17020;RE 7;14:32;Bad Krozingen;de:08315:6501;89,9;28,7;308,0;795,9;410;38,70%;Fahrplanfahrt (mit Fahrgastzahl);4479,24;14,54
2987976;21.01.2025;Mo-Fr S;5;ddb;Netz 4 Los 1;17020;RE 7;14:42;Freiburg(Breisgau) Hbf;de:08311:6508;352,6;230,9;429,6;820,0;820;52,40%;Fahrplanfahrt (mit Fahrgastzahl);3653,29;8,50
2987977;21.01.2025;Mo-Fr S;6;ddb;Netz 4 Los 1;17020;RE 7;14:48;Denzlingen;de:08316:6505;38,2;35,4;432,5;820,0;820;52,74%;Fahrplanfahrt (mit Fahrgastzahl);3094,33;7,16
2987978;21.01.2025;Mo-Fr S;7;ddb;Netz 4 Los 1;17020;RE 7;14:53;Emmendingen;de:08316:90;57,4;128,1;361,7;820,0;820;44,11%;Fahrplanfahrt (mit Fahrgastzahl);2467,56;6,82
2987979;21.01.2025;Mo-Fr S;8;ddb;Netz 4 Los 1;17020;RE 7;14:57;Riegel-Malterdingen;de:08316:5290;7,6;36,1;333,2;820,0;820;40,64%;Fahrplanfahrt (mit Fahrgastzahl);1628,19;4,89
2987980;21.01.2025;Mo-Fr S;9;ddb;Netz 4 Los 1;17020;RE 7;15:00;Kenzingen;de:08316:6518;10,8;45,6;298,4;820,0;820;36,39%;Fahrplanfahrt (mit Fahrgastzahl);978,79;3,28
2987981;21.01.2025;Mo-Fr S;10;ddb;Netz 4 Los 1;17020;RE 7;15:03;Herbolzheim(Breisg);de:08316:6562;17,1;57,2;258,3;820,0;820;31,50%;Fahrplanfahrt (mit Fahrgastzahl);3619,73;14,01
2987982;21.01.2025;Mo-Fr S;11;ddb;Netz 4 Los 1;17020;RE 7;15:12;Lahr(Schwarzw);de:08317:12103;67,5;67,8;257,9;820,0;820;31,46%;Fahrplanfahrt (mit Fahrgastzahl);4688,60;18,18
2987983;21.01.2025;Mo-Fr S;12;ddb;Netz 4 Los 1;17020;RE 7;15:34;Offenburg;de:08317:14506;104,8;112,5;250,2;795,9;410;31,43%;Fahrplanfahrt (mit Fahrgastzahl);1888,08;7,55
2987984;21.01.2025;Mo-Fr S;13;ddb;Netz 4 Los 1;17020;RE 7;15:40;Appenweier;de:08317:14120;15,2;24,2;241,2;795,9;410;30,30%;Fahrplanfahrt (mit Fahrgastzahl);1511,21;6,27
2987985;21.01.2025;Mo-Fr S;14;ddb;Netz 4 Los 1;17020;RE 7;15:44;Renchen;de:08317:13554;2,8;13,1;230,9;795,9;410;29,02%;Fahrplanfahrt (mit Fahrgastzahl);1464,86;6,34
2987986;21.01.2025;Mo-Fr S;15;ddb;Netz 4 Los 1;17020;RE 7;15:49;Achern;de:08317:33013;14,3;34,5;210,8;795,9;410;26,48%;Fahrplanfahrt (mit Fahrgastzahl);1780,96;8,45
2987987;21.01.2025;Mo-Fr S;16;ddb;Netz 4 Los 1;17020;RE 7;15:54;Bühl(Baden);de:08216:32227;42,0;19,2;233,5;795,9;410;29,34%;Fahrplanfahrt (mit Fahrgastzahl);2691,66;11,53
2987988;21.01.2025;Mo-Fr S;17;ddb;Netz 4 Los 1;17020;RE 7;16:01;Baden-Baden;de:08211:1847;50,8;40,2;244,1;795,9;410;30,67%;Fahrplanfahrt (mit Fahrgastzahl);2088,66;8,56
2987989;21.01.2025;Mo-Fr S;18;ddb;Netz 4 Los 1;17020;RE 7;16:08;Rastatt;de:08216:1844;30,3;33,3;241,1;795,9;410;30,29%;Fahrplanfahrt (mit Fahrgastzahl);5007,76;20,77
2987990;21.01.2025;Mo-Fr S;19;ddb;Netz 4 Los 1;17020;RE 7;16:21;Karlsruhe Hbf;de:08212:90;0,0;241,1;0,0;;;;Fahrplanfahrt (mit Fahrgastzahl);;
2990455;21.01.2025;Mo-Fr S;0;ddb;Netz 4 Los 1;17022;RE 7;14:27;Basel Bad Bf;ch:23005:6;80,0;0,0;80,0;410;410;19,51%;Zählfahrt AFZS;247,52;3,09
2990456;21.01.2025;Mo-Fr S;1;ddb;Netz 4 Los 1;17022;RE 7;14:32;Weil am Rhein;de:08336:6639;43,0;5,0;118,0;410;410;28,78%;Zählfahrt AFZS;271,28;2,30
2990457;21.01.2025;Mo-Fr S;2;ddb;Netz 4 Los 1;17022;RE 7;14:35;Haltingen;de:08336:6638;7,0;2,0;123,0;410;410;30,00%;Zählfahrt AFZS;741,08;6,03
2990458;21.01.2025;Mo-Fr S;3;ddb;Netz 4 Los 1;17022;RE 7;14:41;Efringen-Kirchen;de:08336:6631;7,0;5,0;125,0;410;410;30,49%;Zählfahrt AFZS;1436,75;11,49
2990459;21.01.2025;Mo-Fr S;4;ddb;Netz 4 Los 1;17022;RE 7;14:51;Bad Bellingen;de:08336:6628;15,0;6,0;134,0;410;410;32,68%;Zählfahrt AFZS;485,75;3,63
2990460;21.01.2025;Mo-Fr S;5;ddb;Netz 4 Los 1;17022;RE 7;14:54;Schliengen;de:08336:6678;14,0;10,0;138,0;410;410;33,66%;Zählfahrt AFZS;472,24;3,42
2990461;21.01.2025;Mo-Fr S;6;ddb;Netz 4 Los 1;17022;RE 7;14:58;Auggen;de:08315:6642;14,0;0,0;152,0;410;410;37,07%;Zählfahrt AFZS;369,06;2,43
2990462;21.01.2025;Mo-Fr S;7;ddb;Netz 4 Los 1;17022;RE 7;15:01;Müllheim(Baden);de:08315:6522;84,0;18,0;218,0;410;410;53,17%;Zählfahrt AFZS;1190,72;5,46
2990463;21.01.2025;Mo-Fr S;8;ddb;Netz 4 Los 1;17022;RE 7;15:05;Buggingen;de:08315:6644;22,0;10,0;230,0;410;410;56,10%;Zählfahrt AFZS;697,82;3,03
2990464;21.01.2025;Mo-Fr S;9;ddb;Netz 4 Los 1;17022;RE 7;15:08;Heitersheim;de:08315:6665;65,0;7,0;288,0;410;410;70,24%;Zählfahrt AFZS;1717,34;5,96
2990465;21.01.2025;Mo-Fr S;10;ddb;Netz 4 Los 1;17022;RE 7;15:13;Bad Krozingen;de:08315:6501;122,0;41,0;369,0;410;410;90,00%;Zählfahrt AFZS;2164,92;5,87
2990466;21.01.2025;Mo-Fr S;11;ddb;Netz 4 Los 1;17022;RE 7;15:17;Schallstadt;de:08315:6677;21,0;23,0;367,0;410;410;89,51%;Zählfahrt AFZS;3184,09;8,68
2990467;21.01.2025;Mo-Fr S;12;ddb;Netz 4 Los 1;17022;RE 7;15:27;Freiburg(Breisgau) Hbf;de:08311:6508;433,0;299,0;501,0;410;820;122,20%;Zählfahrt AFZS;4260,00;8,50
2990468;21.01.2025;Mo-Fr S;13;ddb;Netz 4 Los 1;17022;RE 7;15:33;Denzlingen;de:08316:6505;28,0;44,0;485,0;410;820;118,29%;Zählfahrt AFZS;3470,18;7,16
2990469;21.01.2025;Mo-Fr S;14;ddb;Netz 4 Los 1;17022;RE 7;15:38;Emmendingen;de:08316:90;68,0;153,0;400,0;410;820;97,56%;Zählfahrt AFZS;2728,80;6,82
2990470;21.01.2025;Mo-Fr S;15;ddb;Netz 4 Los 1;17022;RE 7;15:43;Riegel-Malterdingen;de:08316:5290;4,0;72,0;332,0;410;820;80,98%;Zählfahrt AFZS;1622,15;4,89
2990471;21.01.2025;Mo-Fr S;16;ddb;Netz 4 Los 1;17022;RE 7;15:46;Kenzingen;de:08316:6518;2,0;66,0;268,0;410;820;65,37%;Zählfahrt AFZS;879,04;3,28
2990472;21.01.2025;Mo-Fr S;17;ddb;Netz 4 Los 1;17022;RE 7;15:50;Herbolzheim(Breisg);de:08316:6562;6,0;69,0;205,0;410;820;50,00%;Zählfahrt AFZS;596,14;2,91
2990473;21.01.2025;Mo-Fr S;18;ddb;Netz 4 Los 1;17022;RE 7;15:53;Ringsheim;de:08317:16700;1,0;8,0;198,0;410;820;48,29%;Zählfahrt AFZS;594,20;3,00
2990474;21.01.2025;Mo-Fr S;19;ddb;Netz 4 Los 1;17022;RE 7;15:56;Orschweier;de:08317:18601;19,0;35,0;182,0;410;820;44,39%;Zählfahrt AFZS;1475,11;8,11
2990475;21.01.2025;Mo-Fr S;20;ddb;Netz 4 Los 1;17022;RE 7;16:02;Lahr(Schwarzw);de:08317:12103;31,0;61,0;152,0;410;820;37,07%;Zählfahrt AFZS;2762,90;18,18
2990476;21.01.2025;Mo-Fr S;21;ddb;Netz 4 Los 1;17022;RE 7;16:34;Offenburg;de:08317:14506;137,0;101,0;188,0;410;410;45,85%;Zählfahrt AFZS;1418,84;7,55
2990477;21.01.2025;Mo-Fr S;22;ddb;Netz 4 Los 1;17022;RE 7;16:39;Appenweier;de:08317:14120;8,0;17,0;179,0;410;410;43,66%;Zählfahrt AFZS;1121,61;6,27
2990478;21.01.2025;Mo-Fr S;23;ddb;Netz 4 Los 1;17022;RE 7;16:44;Renchen;de:08317:13554;2,0;19,0;162,0;410;410;39,51%;Zählfahrt AFZS;1027,57;6,34
2990479;21.01.2025;Mo-Fr S;24;ddb;Netz 4 Los 1;17022;RE 7;16:49;Achern;de:08317:33013;16,0;46,0;132,0;410;410;32,20%;Zählfahrt AFZS;1115,40;8,45
2990480;21.01.2025;Mo-Fr S;25;ddb;Netz 4 Los 1;17022;RE 7;16:54;Bühl(Baden);de:08216:32227;43,0;34,0;141,0;410;410;34,39%;Zählfahrt AFZS;1625,17;11,53
2990481;21.01.2025;Mo-Fr S;26;ddb;Netz 4 Los 1;17022;RE 7;17:01;Baden-Baden;de:08211:1847;49,0;20,0;170,0;410;410;41,46%;Zählfahrt AFZS;1454,86;8,56
2990482;21.01.2025;Mo-Fr S;27;ddb;Netz 4 Los 1;17022;RE 7;17:08;Rastatt;de:08216:1844;38,0;28,0;180,0;410;410;43,90%;Zählfahrt AFZS;3739,32;20,77
2990483;21.01.2025;Mo-Fr S;28;ddb;Netz 4 Los 1;17022;RE 7;17:21;Karlsruhe Hbf;de:08212:90;0,0;180,0;0,0;0;;;Zählfahrt AFZS;;
2991227;21.01.2025;Mo-Fr S;0;ddb;Netz 4 Los 1;5337;RE 7;14:35;Offenburg;de:08317:14506;121,0;0,0;121,0;410;410;29,51%;Zählfahrt AFZS;2199,42;18,18
2991228;21.01.2025;Mo-Fr S;1;ddb;Netz 4 Los 1;5337;RE 7;14:45;Lahr(Schwarzw);de:08317:12103;28,0;54,0;95,0;410;410;23,17%;Zählfahrt AFZS;1331,33;14,01
2991229;21.01.2025;Mo-Fr S;2;ddb;Netz 4 Los 1;5337;RE 7;14:52;Herbolzheim(Breisg);de:08316:6562;35,0;13,0;117,0;410;410;28,54%;Zählfahrt AFZS;383,76;3,28
2991230;21.01.2025;Mo-Fr S;3;ddb;Netz 4 Los 1;5337;RE 7;14:55;Kenzingen;de:08316:6518;10,0;6,0;121,0;410;410;29,51%;Zählfahrt AFZS;591,21;4,89
2991231;21.01.2025;Mo-Fr S;4;ddb;Netz 4 Los 1;5337;RE 7;14:59;Riegel-Malterdingen;de:08316:5290;18,0;11,0;128,0;410;410;31,22%;Zählfahrt AFZS;873,22;6,82
2991232;21.01.2025;Mo-Fr S;5;ddb;Netz 4 Los 1;5337;RE 7;15:04;Emmendingen;de:08316:90;109,0;25,0;212,0;410;410;51,71%;Zählfahrt AFZS;1516,86;7,16
2991233;21.01.2025;Mo-Fr S;6;ddb;Netz 4 Los 1;5337;RE 7;15:09;Denzlingen;de:08316:6505;21,0;35,0;198,0;410;410;48,29%;Zählfahrt AFZS;1683,59;8,50
2991234;21.01.2025;Mo-Fr S;7;ddb;Netz 4 Los 1;5337;RE 7;15:18;Freiburg(Breisgau) Hbf;de:08311:6508;532,0;164,0;566,0;410;820;138,05%;Zählfahrt AFZS;8231,90;14,54
2991235;21.01.2025;Mo-Fr S;8;ddb;Netz 4 Los 1;5337;RE 7;15:27;Bad Krozingen;de:08315:6501;29,0;237,0;358,0;410;820;87,32%;Zählfahrt AFZS;2134,75;5,96
2991236;21.01.2025;Mo-Fr S;9;ddb;Netz 4 Los 1;5337;RE 7;15:31;Heitersheim;de:08315:6665;10,0;87,0;281,0;410;820;68,54%;Zählfahrt AFZS;2387,38;8,50
2991237;21.01.2025;Mo-Fr S;10;ddb;Netz 4 Los 1;5337;RE 7;15:37;Müllheim(Baden);de:08315:6522;25,0;145,0;161,0;410;410;39,27%;Zählfahrt AFZS;4716,17;29,29
2991238;21.01.2025;Mo-Fr S;11;ddb;Netz 4 Los 1;5337;RE 7;15:57;Weil am Rhein;de:08336:6639;7,0;68,0;100,0;410;410;24,39%;Zählfahrt AFZS;309,40;3,09
2991239;21.01.2025;Mo-Fr S;12;ddb;Netz 4 Los 1;5337;RE 7;16:12;Basel Bad Bf;ch:23005:6;5,0;87,0;18,0;410;410;4,39%;Zählfahrt AFZS;;
2991240;21.01.2025;Mo-Fr S;13;ddb;Netz 4 Los 1;5337;RE 7;16:19;Basel SBB;ch:23005:300;0,0;18,0;0,0;0;;;Zählfahrt AFZS;;
2991632;21.01.2025;Mo-Fr S;0;ddb;Netz 4 Los 1;17019;RE 7;14:39;Karlsruhe Hbf;de:08212:90;243,0;0,0;243,0;422,8;410;57,46%;Fahrplanfahrt (mit Fahrgastzahl);5047,43;20,77
2991633;21.01.2025;Mo-Fr S;1;ddb;Netz 4 Los 1;17019;RE 7;14:52;Rastatt;de:08216:1844;56,1;26,7;272,3;422,8;410;64,41%;Fahrplanfahrt (mit Fahrgastzahl);2330,45;8,56
2991634;21.01.2025;Mo-Fr S;2;ddb;Netz 4 Los 1;17019;RE 7;14:59;Baden-Baden;de:08211:1847;27,2;64,6;234,9;422,8;410;55,56%;Fahrplanfahrt (mit Fahrgastzahl);2707,53;11,53
2991635;21.01.2025;Mo-Fr S;3;ddb;Netz 4 Los 1;17019;RE 7;15:05;Bühl(Baden);de:08216:32227;23,8;46,7;212,0;422,8;410;50,14%;Fahrplanfahrt (mit Fahrgastzahl);1791,40;8,45
2991636;21.01.2025;Mo-Fr S;4;ddb;Netz 4 Los 1;17019;RE 7;15:11;Achern;de:08317:33013;29,2;31,0;210,2;422,8;410;49,71%;Fahrplanfahrt (mit Fahrgastzahl);1333,22;6,34
2991637;21.01.2025;Mo-Fr S;5;ddb;Netz 4 Los 1;17019;RE 7;15:16;Renchen;de:08317:13554;4,5;6,9;207,8;422,8;410;49,15%;Fahrplanfahrt (mit Fahrgastzahl);1302,15;6,27
2991638;21.01.2025;Mo-Fr S;6;ddb;Netz 4 Los 1;17019;RE 7;15:21;Appenweier;de:08317:14120;5,8;18,0;195,6;422,8;410;46,25%;Fahrplanfahrt (mit Fahrgastzahl);1475,91;7,55
2991639;21.01.2025;Mo-Fr S;7;ddb;Netz 4 Los 1;17019;RE 7;15:47;Offenburg;de:08317:14506;191,0;75,0;311,6;499,7;820;62,36%;Fahrplanfahrt (mit Fahrgastzahl);5663,84;18,18
2991640;21.01.2025;Mo-Fr S;8;ddb;Netz 4 Los 1;17019;RE 7;15:57;Lahr(Schwarzw);de:08317:12103;59,2;71,3;299,5;499,7;820;59,94%;Fahrplanfahrt (mit Fahrgastzahl);2427,45;8,11
2991641;21.01.2025;Mo-Fr S;9;ddb;Netz 4 Los 1;17019;RE 7;16:02;Orschweier;de:08317:18601;24,6;27,1;297,0;499,7;820;59,43%;Fahrplanfahrt (mit Fahrgastzahl);891,20;3,00
2991642;21.01.2025;Mo-Fr S;10;ddb;Netz 4 Los 1;17019;RE 7;16:05;Ringsheim;de:08317:16700;15,9;18,9;293,9;499,7;820;58,82%;Fahrplanfahrt (mit Fahrgastzahl);854,68;2,91
2991643;21.01.2025;Mo-Fr S;11;ddb;Netz 4 Los 1;17019;RE 7;16:08;Herbolzheim(Breisg);de:08316:6562;39,0;16,6;316,3;499,7;820;63,30%;Fahrplanfahrt (mit Fahrgastzahl);1037,51;3,28
2991644;21.01.2025;Mo-Fr S;12;ddb;Netz 4 Los 1;17019;RE 7;16:11;Kenzingen;de:08316:6518;27,6;24,5;319,4;499,7;820;63,92%;Fahrplanfahrt (mit Fahrgastzahl);1560,62;4,89
2991645;21.01.2025;Mo-Fr S;13;ddb;Netz 4 Los 1;17019;RE 7;16:15;Riegel-Malterdingen;de:08316:5290;53,7;33,2;340,0;499,7;820;68,04%;Fahrplanfahrt (mit Fahrgastzahl);2319,27;6,82
2991646;21.01.2025;Mo-Fr S;14;ddb;Netz 4 Los 1;17019;RE 7;16:20;Emmendingen;de:08316:90;163,6;49,6;454,0;499,7;820;90,86%;Fahrplanfahrt (mit Fahrgastzahl);3248,37;7,16
2991647;21.01.2025;Mo-Fr S;15;ddb;Netz 4 Los 1;17019;RE 7;16:24;Denzlingen;de:08316:6505;33,0;53,1;433,9;499,7;820;86,83%;Fahrplanfahrt (mit Fahrgastzahl);3689,24;8,50
2991648;21.01.2025;Mo-Fr S;16;ddb;Netz 4 Los 1;17019;RE 7;16:32;Freiburg(Breisgau) Hbf;de:08311:6508;389,1;323,7;499,3;512,5;820;97,42%;Fahrplanfahrt (mit Fahrgastzahl);4332,26;8,68
2991649;21.01.2025;Mo-Fr S;17;ddb;Netz 4 Los 1;17019;RE 7;16:37;Schallstadt;de:08315:6677;8,9;24,8;483,4;512,5;820;94,32%;Fahrplanfahrt (mit Fahrgastzahl);2835,96;5,87
2991650;21.01.2025;Mo-Fr S;18;ddb;Netz 4 Los 1;17019;RE 7;16:42;Bad Krozingen;de:08315:6501;32,7;130,7;385,3;512,5;820;75,19%;Fahrplanfahrt (mit Fahrgastzahl);2297,80;5,96
2991651;21.01.2025;Mo-Fr S;19;ddb;Netz 4 Los 1;17019;RE 7;16:46;Heitersheim;de:08315:6665;13,3;65,2;333,5;512,5;820;65,07%;Fahrplanfahrt (mit Fahrgastzahl);2833,42;8,50
2991652;21.01.2025;Mo-Fr S;20;ddb;Netz 4 Los 1;17019;RE 7;16:51;Müllheim(Baden);de:08315:6522;33,9;93,7;273,8;512,5;410;53,41%;Fahrplanfahrt (mit Fahrgastzahl);1601,44;5,85
2991653;21.01.2025;Mo-Fr S;21;ddb;Netz 4 Los 1;17019;RE 7;16:56;Schliengen;de:08336:6678;4,6;31,5;246,8;512,5;410;48,16%;Fahrplanfahrt (mit Fahrgastzahl);894,81;3,63
2991654;21.01.2025;Mo-Fr S;22;ddb;Netz 4 Los 1;17019;RE 7;16:59;Bad Bellingen;de:08336:6628;7,3;27,1;227,0;512,5;410;44,30%;Fahrplanfahrt (mit Fahrgastzahl);2609,50;11,49
2991655;21.01.2025;Mo-Fr S;23;ddb;Netz 4 Los 1;17019;RE 7;17:10;Efringen-Kirchen;de:08336:6631;12,5;23,1;216,5;512,5;410;42,24%;Fahrplanfahrt (mit Fahrgastzahl);1304,22;6,03
2991656;21.01.2025;Mo-Fr S;24;ddb;Netz 4 Los 1;17019;RE 7;17:15;Haltingen;de:08336:6638;8,5;17,2;207,7;512,5;410;40,53%;Fahrplanfahrt (mit Fahrgastzahl);477,55;2,30
2991657;21.01.2025;Mo-Fr S;25;ddb;Netz 4 Los 1;17019;RE 7;17:19;Weil am Rhein;de:08336:6639;9,7;89,7;127,7;512,5;410;24,92%;Fahrplanfahrt (mit Fahrgastzahl);395,16;3,09
2991658;21.01.2025;Mo-Fr S;26;ddb;Netz 4 Los 1;17019;RE 7;17:23;Basel Bad Bf;ch:23005:6;0,0;127,7;0,0;;;;Fahrplanfahrt (mit Fahrgastzahl);;
2996348;21.01.2025;Mo-Fr S;0;ddb;Netz 4 Los 1;5339;RE 7;15:39;Karlsruhe Hbf;de:08212:90;309,6;0,0;309,6;697,0;820;44,42%;Fahrplanfahrt (mit Fahrgastzahl);6431,63;20,77
2996349;21.01.2025;Mo-Fr S;1;ddb;Netz 4 Los 1;5339;RE 7;15:52;Rastatt;de:08216:1844;70,7;39,2;341,0;697,0;820;48,92%;Fahrplanfahrt (mit Fahrgastzahl);2918,28;8,56
2996350;21.01.2025;Mo-Fr S;2;ddb;Netz 4 Los 1;5339;RE 7;16:00;Baden-Baden;de:08211:1847;49,2;74,1;316,1;697,0;820;45,36%;Fahrplanfahrt (mit Fahrgastzahl);3643,94;11,53
2996351;21.01.2025;Mo-Fr S;3;ddb;Netz 4 Los 1;5339;RE 7;16:07;Bühl(Baden);de:08216:32227;25,4;64,0;277,5;697,0;820;39,82%;Fahrplanfahrt (mit Fahrgastzahl);2345,30;8,45
2996352;21.01.2025;Mo-Fr S;4;ddb;Netz 4 Los 1;5339;RE 7;16:12;Achern;de:08317:33013;32,9;40,2;270,3;697,0;820;38,78%;Fahrplanfahrt (mit Fahrgastzahl);1714,51;6,34
2996353;21.01.2025;Mo-Fr S;5;ddb;Netz 4 Los 1;5339;RE 7;16:16;Renchen;de:08317:13554;6,2;12,2;264,3;697,0;820;37,92%;Fahrplanfahrt (mit Fahrgastzahl);1656,10;6,27
2996354;21.01.2025;Mo-Fr S;6;ddb;Netz 4 Los 1;5339;RE 7;16:21;Appenweier;de:08317:14120;16,2;33,6;246,9;697,0;820;35,43%;Fahrplanfahrt (mit Fahrgastzahl);1863,73;7,55
2996355;21.01.2025;Mo-Fr S;7;ddb;Netz 4 Los 1;5339;RE 7;16:35;Offenburg;de:08317:14506;167,9;102,8;312,1;697,0;410;44,78%;Fahrplanfahrt (mit Fahrgastzahl);5673,04;18,18
2996356;21.01.2025;Mo-Fr S;8;ddb;Netz 4 Los 1;5339;RE 7;16:45;Lahr(Schwarzw);de:08317:12103;53,2;76,9;288,4;697,0;410;41,38%;Fahrplanfahrt (mit Fahrgastzahl);4041,64;14,01
2996357;21.01.2025;Mo-Fr S;9;ddb;Netz 4 Los 1;5339;RE 7;16:52;Herbolzheim(Breisg);de:08316:6562;42,8;24,1;307,0;697,0;410;44,05%;Fahrplanfahrt (mit Fahrgastzahl);1007,12;3,28
2996358;21.01.2025;Mo-Fr S;10;ddb;Netz 4 Los 1;5339;RE 7;16:55;Kenzingen;de:08316:6518;25,4;18,7;313,8;697,0;410;45,01%;Fahrplanfahrt (mit Fahrgastzahl);1532,98;4,89
2996359;21.01.2025;Mo-Fr S;11;ddb;Netz 4 Los 1;5339;RE 7;16:59;Riegel-Malterdingen;de:08316:5290;30,1;17,2;326,7;697,0;410;46,87%;Fahrplanfahrt (mit Fahrgastzahl);2228,75;6,82
2996360;21.01.2025;Mo-Fr S;12;ddb;Netz 4 Los 1;5339;RE 7;17:04;Emmendingen;de:08316:90;115,4;37,5;404,6;697,0;820;58,06%;Fahrplanfahrt (mit Fahrgastzahl);2895,27;7,16
2996361;21.01.2025;Mo-Fr S;13;ddb;Netz 4 Los 1;5339;RE 7;17:09;Denzlingen;de:08316:6505;43,0;51,8;395,8;697,0;820;56,78%;Fahrplanfahrt (mit Fahrgastzahl);3365,06;8,50
2996362;21.01.2025;Mo-Fr S;14;ddb;Netz 4 Los 1;5339;RE 7;17:18;Freiburg(Breisgau) Hbf;de:08311:6508;355,3;307,9;443,2;697,0;820;63,59%;Fahrplanfahrt (mit Fahrgastzahl);6445,90;14,54
2996363;21.01.2025;Mo-Fr S;15;ddb;Netz 4 Los 1;5339;RE 7;17:27;Bad Krozingen;de:08315:6501;20,5;131,8;331,9;697,0;820;47,62%;Fahrplanfahrt (mit Fahrgastzahl);1979,12;5,96
2996364;21.01.2025;Mo-Fr S;16;ddb;Netz 4 Los 1;5339;RE 7;17:31;Heitersheim;de:08315:6665;4,8;59,8;276,9;697,0;820;39,72%;Fahrplanfahrt (mit Fahrgastzahl);2352,12;8,50
2996365;21.01.2025;Mo-Fr S;17;ddb;Netz 4 Los 1;5339;RE 7;17:37;Müllheim(Baden);de:08315:6522;14,6;95,2;196,3;697,0;410;28,16%;Fahrplanfahrt (mit Fahrgastzahl);5750,22;29,29
2996366;21.01.2025;Mo-Fr S;18;ddb;Netz 4 Los 1;5339;RE 7;17:57;Weil am Rhein;de:08336:6639;7,3;73,8;129,9;697,0;410;18,64%;Fahrplanfahrt (mit Fahrgastzahl);401,91;3,09
2996367;21.01.2025;Mo-Fr S;19;ddb;Netz 4 Los 1;5339;RE 7;18:12;Basel Bad Bf;ch:23005:6;8,0;93,7;44,2;697,0;410;6,34%;Fahrplanfahrt (mit Fahrgastzahl);;
2996368;21.01.2025;Mo-Fr S;20;ddb;Netz 4 Los 1;5339;RE 7;18:19;Basel SBB;ch:23005:300;0,0;44,2;0,0;;;;Fahrplanfahrt (mit Fahrgastzahl);;
2997585;21.01.2025;Mo-Fr S;0;ddb;Netz 4 Los 1;17024;RE 7;15:58;Basel Bad Bf;ch:23005:6;180,9;0,0;180,9;523,9;410;34,53%;Fahrplanfahrt (mit Fahrgastzahl);559,67;3,09
2997586;21.01.2025;Mo-Fr S;1;ddb;Netz 4 Los 1;17024;RE 7;16:03;Weil am Rhein;de:08336:6639;82,7;12,9;250,6;523,9;410;47,84%;Fahrplanfahrt (mit Fahrgastzahl);7341,15;29,29
2997587;21.01.2025;Mo-Fr S;2;ddb;Netz 4 Los 1;17024;RE 7;16:22;Müllheim(Baden);de:08315:6522;94,3;29,7;315,3;523,9;820;60,18%;Fahrplanfahrt (mit Fahrgastzahl);2678,60;8,50
2997588;21.01.2025;Mo-Fr S;3;ddb;Netz 4 Los 1;17024;RE 7;16:27;Heitersheim;de:08315:6665;68,8;24,2;359,8;523,9;820;68,69%;Fahrplanfahrt (mit Fahrgastzahl);2145,69;5,96
2997589;21.01.2025;Mo-Fr S;4;ddb;Netz 4 Los 1;17024;RE 7;16:32;Bad Krozingen;de:08315:6501;114,8;52,1;422,6;523,9;820;80,66%;Fahrplanfahrt (mit Fahrgastzahl);6145,23;14,54
2997590;21.01.2025;Mo-Fr S;5;ddb;Netz 4 Los 1;17024;RE 7;16:42;Freiburg(Breisgau) Hbf;de:08311:6508;536,0;305,2;653,3;523,9;820;124,71%;Fahrplanfahrt (mit Fahrgastzahl);5555,29;8,50
2997591;21.01.2025;Mo-Fr S;6;ddb;Netz 4 Los 1;17024;RE 7;16:48;Denzlingen;de:08316:6505;49,2;55,4;647,2;523,9;820;123,53%;Fahrplanfahrt (mit Fahrgastzahl);4630,48;7,16
2997592;21.01.2025;Mo-Fr S;7;ddb;Netz 4 Los 1;17024;RE 7;16:53;Emmendingen;de:08316:90;63,5;176,2;534,5;523,9;820;102,03%;Fahrplanfahrt (mit Fahrgastzahl);3646,36;6,82
2997593;21.01.2025;Mo-Fr S;8;ddb;Netz 4 Los 1;17024;RE 7;16:57;Riegel-Malterdingen;de:08316:5290;14,5;62,8;486,2;523,9;820;92,81%;Fahrplanfahrt (mit Fahrgastzahl);2375,68;4,89
2997594;21.01.2025;Mo-Fr S;9;ddb;Netz 4 Los 1;17024;RE 7;17:01;Kenzingen;de:08316:6518;10,9;85,1;412,0;523,9;820;78,64%;Fahrplanfahrt (mit Fahrgastzahl);1351,36;3,28
2997595;21.01.2025;Mo-Fr S;10;ddb;Netz 4 Los 1;17024;RE 7;17:04;Herbolzheim(Breisg);de:08316:6562;14,4;101,9;324,5;523,9;820;61,94%;Fahrplanfahrt (mit Fahrgastzahl);4547,54;14,01
2997596;21.01.2025;Mo-Fr S;11;ddb;Netz 4 Los 1;17024;RE 7;17:11;Lahr(Schwarzw);de:08317:12103;43,0;90,6;276,9;523,9;820;52,86%;Fahrplanfahrt (mit Fahrgastzahl);5034,02;18,18
2997597;21.01.2025;Mo-Fr S;12;ddb;Netz 4 Los 1;17024;RE 7;17:34;Offenburg;de:08317:14506;115,1;152,8;239,2;410,0;410;58,35%;Fahrplanfahrt (mit Fahrgastzahl);1805,41;7,55
2997598;21.01.2025;Mo-Fr S;13;ddb;Netz 4 Los 1;17024;RE 7;17:40;Appenweier;de:08317:14120;21,6;12,3;248,4;410,0;410;60,60%;Fahrplanfahrt (mit Fahrgastzahl);1556,75;6,27
2997599;21.01.2025;Mo-Fr S;14;ddb;Netz 4 Los 1;17024;RE 7;17:44;Renchen;de:08317:13554;5,0;10,6;242,9;410,0;410;59,24%;Fahrplanfahrt (mit Fahrgastzahl);1540,64;6,34
2997600;21.01.2025;Mo-Fr S;15;ddb;Netz 4 Los 1;17024;RE 7;17:49;Achern;de:08317:33013;13,7;41,8;214,8;410,0;410;52,38%;Fahrplanfahrt (mit Fahrgastzahl);1814,87;8,45
2997601;21.01.2025;Mo-Fr S;16;ddb;Netz 4 Los 1;17024;RE 7;17:54;Bühl(Baden);de:08216:32227;27,3;19,7;222,4;410,0;410;54,24%;Fahrplanfahrt (mit Fahrgastzahl);2563,25;11,53
2997602;21.01.2025;Mo-Fr S;17;ddb;Netz 4 Los 1;17024;RE 7;18:01;Baden-Baden;de:08211:1847;45,9;37,6;230,7;410,0;410;56,27%;Fahrplanfahrt (mit Fahrgastzahl);1974,52;8,56
2997603;21.01.2025;Mo-Fr S;18;ddb;Netz 4 Los 1;17024;RE 7;18:08;Rastatt;de:08216:1844;14,3;28,8;216,2;410,0;410;52,74%;Fahrplanfahrt (mit Fahrgastzahl);4491,80;20,77
2997604;21.01.2025;Mo-Fr S;19;ddb;Netz 4 Los 1;17024;RE 7;18:21;Karlsruhe Hbf;de:08212:90;0,0;216,2;0,0;;;;Fahrplanfahrt (mit Fahrgastzahl);;
3000368;21.01.2025;Mo-Fr S;0;ddb;Netz 4 Los 1;5334;RE 7;16:28;Basel SBB;ch:23005:300;122,0;0,0;122,0;410;;29,76%;Zählfahrt AFZS;;
3000369;21.01.2025;Mo-Fr S;1;ddb;Netz 4 Los 1;5334;RE 7;16:38;Basel Bad Bf;ch:23005:6;218,0;13,0;327,0;410;410;79,76%;Zählfahrt AFZS;1011,74;3,09
3000370;21.01.2025;Mo-Fr S;2;ddb;Netz 4 Los 1;5334;RE 7;16:41;Weil am Rhein;de:08336:6639;126,0;12,0;441,0;410;410;107,56%;Zählfahrt AFZS;1013,86;2,30
3000371;21.01.2025;Mo-Fr S;3;ddb;Netz 4 Los 1;5334;RE 7;16:44;Haltingen;de:08336:6638;9,0;13,0;437,0;410;410;106,59%;Zählfahrt AFZS;2632,92;6,03
3000372;21.01.2025;Mo-Fr S;4;ddb;Netz 4 Los 1;5334;RE 7;16:49;Efringen-Kirchen;de:08336:6631;27,0;35,0;429,0;410;410;104,63%;Zählfahrt AFZS;4930,93;11,49
3000373;21.01.2025;Mo-Fr S;5;ddb;Netz 4 Los 1;5334;RE 7;16:58;Bad Bellingen;de:08336:6628;24,0;36,0;417,0;410;410;101,71%;Zählfahrt AFZS;1511,62;3,63
3000374;21.01.2025;Mo-Fr S;6;ddb;Netz 4 Los 1;5334;RE 7;17:01;Schliengen;de:08336:6678;15,0;33,0;399,0;410;410;97,32%;Zählfahrt AFZS;2334,15;5,85
3000375;21.01.2025;Mo-Fr S;7;ddb;Netz 4 Los 1;5334;RE 7;17:07;Müllheim(Baden);de:08315:6522;146,0;67,0;478,0;410;820;116,59%;Zählfahrt AFZS;4061,09;8,50
3000376;21.01.2025;Mo-Fr S;8;ddb;Netz 4 Los 1;5334;RE 7;17:12;Heitersheim;de:08315:6665;95,0;53,0;520,0;410;820;126,83%;Zählfahrt AFZS;3100,76;5,96
3000377;21.01.2025;Mo-Fr S;9;ddb;Netz 4 Los 1;5334;RE 7;17:17;Bad Krozingen;de:08315:6501;148,0;63,0;605,0;410;820;147,56%;Zählfahrt AFZS;3549,54;5,87
3000378;21.01.2025;Mo-Fr S;10;ddb;Netz 4 Los 1;5334;RE 7;17:21;Schallstadt;de:08315:6677;22,0;46,0;581,0;410;820;141,71%;Zählfahrt AFZS;5040,76;8,68
3000379;21.01.2025;Mo-Fr S;11;ddb;Netz 4 Los 1;5334;RE 7;17:29;Freiburg(Breisgau) Hbf;de:08311:6508;346,0;481,0;446,0;410;820;108,78%;Zählfahrt AFZS;3792,34;8,50
3000380;21.01.2025;Mo-Fr S;12;ddb;Netz 4 Los 1;5334;RE 7;17:34;Denzlingen;de:08316:6505;21,0;72,0;395,0;410;820;96,34%;Zählfahrt AFZS;2826,22;7,16
3000381;21.01.2025;Mo-Fr S;13;ddb;Netz 4 Los 1;5334;RE 7;17:40;Emmendingen;de:08316:90;52,0;112,0;335,0;410;820;81,71%;Zählfahrt AFZS;2285,37;6,82
3000382;21.01.2025;Mo-Fr S;14;ddb;Netz 4 Los 1;5334;RE 7;17:44;Riegel-Malterdingen;de:08316:5290;4,0;68,0;271,0;410;820;66,10%;Zählfahrt AFZS;1324,11;4,89
3000383;21.01.2025;Mo-Fr S;15;ddb;Netz 4 Los 1;5334;RE 7;17:48;Kenzingen;de:08316:6518;7,0;76,0;202,0;410;820;49,27%;Zählfahrt AFZS;662,56;3,28
3000384;21.01.2025;Mo-Fr S;16;ddb;Netz 4 Los 1;5334;RE 7;17:52;Herbolzheim(Breisg);de:08316:6562;9,0;69,0;142,0;410;820;34,63%;Zählfahrt AFZS;412,94;2,91
3000385;21.01.2025;Mo-Fr S;17;ddb;Netz 4 Los 1;5334;RE 7;17:55;Ringsheim;de:08317:16700;5,0;14,0;133,0;410;820;32,44%;Zählfahrt AFZS;399,13;3,00
3000386;21.01.2025;Mo-Fr S;18;ddb;Netz 4 Los 1;5334;RE 7;17:58;Orschweier;de:08317:18601;1,0;37,0;97,0;410;820;23,66%;Zählfahrt AFZS;786,18;8,11
3000387;21.01.2025;Mo-Fr S;19;ddb;Netz 4 Los 1;5334;RE 7;18:03;Lahr(Schwarzw);de:08317:12103;14,0;52,0;59,0;410;820;14,39%;Zählfahrt AFZS;1072,44;18,18
3000388;21.01.2025;Mo-Fr S;20;ddb;Netz 4 Los 1;5334;RE 7;18:14;Offenburg;de:08317:14506;0,0;59,0;0,0;0;;;Zählfahrt AFZS;;
3001577;21.01.2025;Mo-Fr S;0;ddb;Netz 4 Los 1;17021;RE 7;16:39;Karlsruhe Hbf;de:08212:90;394,6;0,0;394,6;794,4;820;49,68%;Fahrplanfahrt (mit Fahrgastzahl);8197,94;20,77
3001578;21.01.2025;Mo-Fr S;1;ddb;Netz 4 Los 1;17021;RE 7;16:52;Rastatt;de:08216:1844;73,8;45,8;422,6;794,4;820;53,20%;Fahrplanfahrt (mit Fahrgastzahl);3616,82;8,56
3001579;21.01.2025;Mo-Fr S;2;ddb;Netz 4 Los 1;17021;RE 7;16:59;Baden-Baden;de:08211:1847;53,5;91,9;384,2;794,4;820;48,36%;Fahrplanfahrt (mit Fahrgastzahl);4428,15;11,53
3001580;21.01.2025;Mo-Fr S;3;ddb;Netz 4 Los 1;17021;RE 7;17:05;Bühl(Baden);de:08216:32227;24,6;93,9;314,8;794,4;820;39,63%;Fahrplanfahrt (mit Fahrgastzahl);2660,17;8,45
3001581;21.01.2025;Mo-Fr S;4;ddb;Netz 4 Los 1;17021;RE 7;17:11;Achern;de:08317:33013;30,1;50,8;294,1;794,4;820;37,02%;Fahrplanfahrt (mit Fahrgastzahl);1865,24;6,34
3001582;21.01.2025;Mo-Fr S;5;ddb;Netz 4 Los 1;17021;RE 7;17:16;Renchen;de:08317:13554;6,2;16,0;284,3;794,4;820;35,79%;Fahrplanfahrt (mit Fahrgastzahl);1781,50;6,27
3001583;21.01.2025;Mo-Fr S;6;ddb;Netz 4 Los 1;17021;RE 7;17:21;Appenweier;de:08317:14120;8,7;46,1;246,9;794,4;820;31,09%;Fahrplanfahrt (mit Fahrgastzahl);1863,64;7,55
3001584;21.01.2025;Mo-Fr S;7;ddb;Netz 4 Los 1;17021;RE 7;17:47;Offenburg;de:08317:14506;159,8;111,6;295,2;794,4;410;37,16%;Fahrplanfahrt (mit Fahrgastzahl);5365,62;18,18
3001585;21.01.2025;Mo-Fr S;8;ddb;Netz 4 Los 1;17021;RE 7;17:57;Lahr(Schwarzw);de:08317:12103;38,3;59,4;274,1;794,4;410;34,50%;Fahrplanfahrt (mit Fahrgastzahl);2221,28;8,11
3001586;21.01.2025;Mo-Fr S;9;ddb;Netz 4 Los 1;17021;RE 7;18:02;Orschweier;de:08317:18601;10,0;21,4;262,6;794,4;410;33,06%;Fahrplanfahrt (mit Fahrgastzahl);788,14;3,00
3001587;21.01.2025;Mo-Fr S;10;ddb;Netz 4 Los 1;17021;RE 7;18:05;Ringsheim;de:08317:16700;31,2;13,8;280,1;794,4;410;35,26%;Fahrplanfahrt (mit Fahrgastzahl);814,42;2,91
3001588;21.01.2025;Mo-Fr S;11;ddb;Netz 4 Los 1;17021;RE 7;18:08;Herbolzheim(Breisg);de:08316:6562;20,0;18,4;281,6;794,4;410;35,45%;Fahrplanfahrt (mit Fahrgastzahl);923,73;3,28
3001589;21.01.2025;Mo-Fr S;12;ddb;Netz 4 Los 1;17021;RE 7;18:11;Kenzingen;de:08316:6518;19,4;14,1;286,9;794,4;410;36,12%;Fahrplanfahrt (mit Fahrgastzahl);1401,98;4,89
3001590;21.01.2025;Mo-Fr S;13;ddb;Netz 4 Los 1;17021;RE 7;18:15;Riegel-Malterdingen;de:08316:5290;26,6;20,2;293,3;794,4;410;36,92%;Fahrplanfahrt (mit Fahrgastzahl);2000,98;6,82
3001591;21.01.2025;Mo-Fr S;14;ddb;Netz 4 Los 1;17021;RE 7;18:20;Emmendingen;de:08316:90;78,9;36,4;335,8;794,4;410;42,27%;Fahrplanfahrt (mit Fahrgastzahl);2402,74;7,16
3001592;21.01.2025;Mo-Fr S;15;ddb;Netz 4 Los 1;17021;RE 7;18:24;Denzlingen;de:08316:6505;33,4;36,9;332,2;794,4;410;41,83%;Fahrplanfahrt (mit Fahrgastzahl);2825,12;8,50
3001593;21.01.2025;Mo-Fr S;16;ddb;Netz 4 Los 1;17021;RE 7;18:32;Freiburg(Breisgau) Hbf;de:08311:6508;357,0;244,6;444,6;768,8;820;57,84%;Fahrplanfahrt (mit Fahrgastzahl);3858,01;8,68
3001594;21.01.2025;Mo-Fr S;17;ddb;Netz 4 Los 1;17021;RE 7;18:37;Schallstadt;de:08315:6677;4,5;30,1;419,0;768,8;820;54,50%;Fahrplanfahrt (mit Fahrgastzahl);2458,27;5,87
3001595;21.01.2025;Mo-Fr S;18;ddb;Netz 4 Los 1;17021;RE 7;18:42;Bad Krozingen;de:08315:6501;19,1;132,0;306,1;768,8;820;39,82%;Fahrplanfahrt (mit Fahrgastzahl);1825,42;5,96
3001596;21.01.2025;Mo-Fr S;19;ddb;Netz 4 Los 1;17021;RE 7;18:46;Heitersheim;de:08315:6665;6,0;60,9;251,2;768,8;820;32,68%;Fahrplanfahrt (mit Fahrgastzahl);2134,62;8,50
3001597;21.01.2025;Mo-Fr S;20;ddb;Netz 4 Los 1;17021;RE 7;18:51;Müllheim(Baden);de:08315:6522;14,1;98,8;166,6;768,8;410;21,67%;Fahrplanfahrt (mit Fahrgastzahl);974,76;5,85
3001598;21.01.2025;Mo-Fr S;21;ddb;Netz 4 Los 1;17021;RE 7;18:56;Schliengen;de:08336:6678;2,9;20,3;149,2;768,8;410;19,41%;Fahrplanfahrt (mit Fahrgastzahl);540,80;3,63
3001599;21.01.2025;Mo-Fr S;22;ddb;Netz 4 Los 1;17021;RE 7;18:59;Bad Bellingen;de:08336:6628;4,5;15,6;138,1;768,8;410;17,96%;Fahrplanfahrt (mit Fahrgastzahl);1586,89;11,49
3001600;21.01.2025;Mo-Fr S;23;ddb;Netz 4 Los 1;17021;RE 7;19:10;Efringen-Kirchen;de:08336:6631;3,8;12,6;129,2;768,8;410;16,80%;Fahrplanfahrt (mit Fahrgastzahl);778,35;6,03
3001601;21.01.2025;Mo-Fr S;24;ddb;Netz 4 Los 1;17021;RE 7;19:15;Haltingen;de:08336:6638;4,4;12,0;121,6;768,8;410;15,82%;Fahrplanfahrt (mit Fahrgastzahl);279,62;2,30
3001602;21.01.2025;Mo-Fr S;25;ddb;Netz 4 Los 1;17021;RE 7;19:20;Weil am Rhein;de:08336:6639;6,7;44,2;84,1;768,8;410;10,94%;Fahrplanfahrt (mit Fahrgastzahl);260,28;3,09
3001603;21.01.2025;Mo-Fr S;26;ddb;Netz 4 Los 1;17021;RE 7;19:24;Basel Bad Bf;ch:23005:6;0,0;84,1;0,0;;;;Fahrplanfahrt (mit Fahrgastzahl);;
3006644;21.01.2025;Mo-Fr S;0;ddb;Netz 4 Los 1;17023;RE 7;17:39;Karlsruhe Hbf;de:08212:90;302,0;0,0;302,0;410;820;73,66%;Zählfahrt AFZS;6273,75;20,77
3006645;21.01.2025;Mo-Fr S;1;ddb;Netz 4 Los 1;17023;RE 7;17:52;Rastatt;de:08216:1844;37,0;41,0;298,0;410;820;72,68%;Zählfahrt AFZS;2550,28;8,56
3006646;21.01.2025;Mo-Fr S;2;ddb;Netz 4 Los 1;17023;RE 7;17:59;Baden-Baden;de:08211:1847;38,0;90,0;246,0;410;820;60,00%;Zählfahrt AFZS;2835,40;11,53
3006647;21.01.2025;Mo-Fr S;3;ddb;Netz 4 Los 1;17023;RE 7;18:05;Bühl(Baden);de:08216:32227;11,0;79,0;178,0;410;820;43,41%;Zählfahrt AFZS;1504,10;8,45
3006648;21.01.2025;Mo-Fr S;4;ddb;Netz 4 Los 1;17023;RE 7;18:11;Achern;de:08317:33013;16,0;33,0;161,0;410;820;39,27%;Zählfahrt AFZS;1021,22;6,34
3006649;21.01.2025;Mo-Fr S;5;ddb;Netz 4 Los 1;17023;RE 7;18:16;Renchen;de:08317:13554;1,0;9,0;153,0;410;820;37,32%;Zählfahrt AFZS;958,70;6,27
3006650;21.01.2025;Mo-Fr S;6;ddb;Netz 4 Los 1;17023;RE 7;18:21;Appenweier;de:08317:14120;2,0;29,0;126,0;410;820;30,73%;Zählfahrt AFZS;950,92;7,55
3006651;21.01.2025;Mo-Fr S;7;ddb;Netz 4 Los 1;17023;RE 7;18:36;Offenburg;de:08317:14506;90,0;60,0;156,0;410;410;38,05%;Zählfahrt AFZS;2835,61;18,18
3006652;21.01.2025;Mo-Fr S;8;ddb;Netz 4 Los 1;17023;RE 7;18:45;Lahr(Schwarzw);de:08317:12103;30,0;35,0;151,0;410;410;36,83%;Zählfahrt AFZS;2116,11;14,01
3006653;21.01.2025;Mo-Fr S;9;ddb;Netz 4 Los 1;17023;RE 7;18:52;Herbolzheim(Breisg);de:08316:6562;23,0;10,0;164,0;410;410;40,00%;Zählfahrt AFZS;537,92;3,28
3006654;21.01.2025;Mo-Fr S;10;ddb;Netz 4 Los 1;17023;RE 7;18:55;Kenzingen;de:08316:6518;12,0;11,0;165,0;410;410;40,24%;Zählfahrt AFZS;806,19;4,89
3006655;21.01.2025;Mo-Fr S;11;ddb;Netz 4 Los 1;17023;RE 7;18:59;Riegel-Malterdingen;de:08316:5290;7,0;6,0;166,0;410;410;40,49%;Zählfahrt AFZS;1132,45;6,82
3006656;21.01.2025;Mo-Fr S;12;ddb;Netz 4 Los 1;17023;RE 7;19:04;Emmendingen;de:08316:90;37,0;28,0;175,0;410;410;42,68%;Zählfahrt AFZS;1252,12;7,16
3006657;21.01.2025;Mo-Fr S;13;ddb;Netz 4 Los 1;17023;RE 7;19:09;Denzlingen;de:08316:6505;5,0;14,0;166,0;410;410;40,49%;Zählfahrt AFZS;1411,50;8,50
3006658;21.01.2025;Mo-Fr S;14;ddb;Netz 4 Los 1;17023;RE 7;19:18;Freiburg(Breisgau) Hbf;de:08311:6508;214,0;132,0;248,0;410;820;60,49%;Zählfahrt AFZS;3606,91;14,54
3006659;21.01.2025;Mo-Fr S;15;ddb;Netz 4 Los 1;17023;RE 7;19:27;Bad Krozingen;de:08315:6501;11,0;84,0;175,0;410;820;42,68%;Zählfahrt AFZS;1043,53;5,96
3006660;21.01.2025;Mo-Fr S;16;ddb;Netz 4 Los 1;17023;RE 7;19:31;Heitersheim;de:08315:6665;4,0;43,0;136,0;410;820;33,17%;Zählfahrt AFZS;1155,46;8,50
3006661;21.01.2025;Mo-Fr S;17;ddb;Netz 4 Los 1;17023;RE 7;19:37;Müllheim(Baden);de:08315:6522;4,0;62,0;78,0;410;410;19,02%;Zählfahrt AFZS;2284,85;29,29
3006662;21.01.2025;Mo-Fr S;18;ddb;Netz 4 Los 1;17023;RE 7;19:57;Weil am Rhein;de:08336:6639;4,0;23,0;59,0;410;410;14,39%;Zählfahrt AFZS;182,55;3,09
3006663;21.01.2025;Mo-Fr S;19;ddb;Netz 4 Los 1;17023;RE 7;20:01;Basel Bad Bf;ch:23005:6;0,0;59,0;0,0;0;;;Zählfahrt AFZS;;
3007927;21.01.2025;Mo-Fr S;0;ddb;Netz 4 Los 1;17026;RE 7;17:58;Basel Bad Bf;ch:23005:6;276,4;0,0;276,4;501,1;820;55,16%;Fahrplanfahrt (mit Fahrgastzahl);855,23;3,09
3007928;21.01.2025;Mo-Fr S;1;ddb;Netz 4 Los 1;17026;RE 7;18:02;Weil am Rhein;de:08336:6639;56,5;12,3;320,6;501,1;820;63,99%;Fahrplanfahrt (mit Fahrgastzahl);9392,47;29,29
3007929;21.01.2025;Mo-Fr S;2;ddb;Netz 4 Los 1;17026;RE 7;18:22;Müllheim(Baden);de:08315:6522;41,8;39,2;323,2;501,1;820;64,50%;Fahrplanfahrt (mit Fahrgastzahl);2745,86;8,50
3007930;21.01.2025;Mo-Fr S;3;ddb;Netz 4 Los 1;17026;RE 7;18:27;Heitersheim;de:08315:6665;22,8;24,5;321,5;501,1;820;64,16%;Fahrplanfahrt (mit Fahrgastzahl);1917,10;5,96
3007931;21.01.2025;Mo-Fr S;4;ddb;Netz 4 Los 1;17026;RE 7;18:32;Bad Krozingen;de:08315:6501;59,3;57,4;323,4;501,1;820;64,53%;Fahrplanfahrt (mit Fahrgastzahl);4702,64;14,54
3007932;21.01.2025;Mo-Fr S;5;ddb;Netz 4 Los 1;17026;RE 7;18:42;Freiburg(Breisgau) Hbf;de:08311:6508;265,4;259,0;329,7;501,1;820;65,80%;Fahrplanfahrt (mit Fahrgastzahl);2803,63;8,50
3007933;21.01.2025;Mo-Fr S;6;ddb;Netz 4 Los 1;17026;RE 7;18:48;Denzlingen;de:08316:6505;22,3;40,6;311,4;501,1;820;62,15%;Fahrplanfahrt (mit Fahrgastzahl);2228,39;7,16
3007934;21.01.2025;Mo-Fr S;7;ddb;Netz 4 Los 1;17026;RE 7;18:53;Emmendingen;de:08316:90;25,5;111,5;225,4;501,1;820;44,99%;Fahrplanfahrt (mit Fahrgastzahl);1537,98;6,82
3007935;21.01.2025;Mo-Fr S;8;ddb;Netz 4 Los 1;17026;RE 7;18:57;Riegel-Malterdingen;de:08316:5290;4,6;30,2;199,8;501,1;820;39,88%;Fahrplanfahrt (mit Fahrgastzahl);976,39;4,89
3007936;21.01.2025;Mo-Fr S;9;ddb;Netz 4 Los 1;17026;RE 7;19:01;Kenzingen;de:08316:6518;4,1;42,1;161,9;501,1;820;32,30%;Fahrplanfahrt (mit Fahrgastzahl);530,90;3,28
3007937;21.01.2025;Mo-Fr S;10;ddb;Netz 4 Los 1;17026;RE 7;19:05;Herbolzheim(Breisg);de:08316:6562;13,6;50,4;125,1;501,1;820;24,96%;Fahrplanfahrt (mit Fahrgastzahl);1752,92;14,01
3007938;21.01.2025;Mo-Fr S;11;ddb;Netz 4 Los 1;17026;RE 7;19:12;Lahr(Schwarzw);de:08317:12103;11,7;52,5;84,3;501,1;820;16,83%;Fahrplanfahrt (mit Fahrgastzahl);1532,93;18,18
3007939;21.01.2025;Mo-Fr S;12;ddb;Netz 4 Los 1;17026;RE 7;19:21;Offenburg;de:08317:14506;0,0;84,3;0,0;;;;Fahrplanfahrt (mit Fahrgastzahl);;
3010459;21.01.2025;Mo-Fr S;0;ddb;Netz 4 Los 1;5336;RE 7;18:28;Basel SBB;ch:23005:300;66,3;0,0;66,3;697,0;410;9,52%;Fahrplanfahrt (mit Fahrgastzahl);;
3010460;21.01.2025;Mo-Fr S;1;ddb;Netz 4 Los 1;5336;RE 7;18:37;Basel Bad Bf;ch:23005:6;84,3;6,1;144,6;697,0;410;20,75%;Fahrplanfahrt (mit Fahrgastzahl);447,39;3,09
3010461;21.01.2025;Mo-Fr S;2;ddb;Netz 4 Los 1;5336;RE 7;18:41;Weil am Rhein;de:08336:6639;37,7;8,6;173,7;697,0;410;24,92%;Fahrplanfahrt (mit Fahrgastzahl);399,34;2,30
3010462;21.01.2025;Mo-Fr S;3;ddb;Netz 4 Los 1;5336;RE 7;18:44;Haltingen;de:08336:6638;4,4;7,8;170,3;697,0;410;24,43%;Fahrplanfahrt (mit Fahrgastzahl);1026,06;6,03
3010463;21.01.2025;Mo-Fr S;4;ddb;Netz 4 Los 1;5336;RE 7;18:49;Efringen-Kirchen;de:08336:6631;4,4;10,8;163,9;697,0;410;23,52%;Fahrplanfahrt (mit Fahrgastzahl);1883,87;11,49
3010464;21.01.2025;Mo-Fr S;5;ddb;Netz 4 Los 1;5336;RE 7;18:58;Bad Bellingen;de:08336:6628;2,2;9,5;156,6;697,0;410;22,47%;Fahrplanfahrt (mit Fahrgastzahl);567,86;3,63
3010465;21.01.2025;Mo-Fr S;6;ddb;Netz 4 Los 1;5336;RE 7;19:01;Schliengen;de:08336:6678;2,9;8,6;150,9;697,0;410;21,66%;Fahrplanfahrt (mit Fahrgastzahl);883,06;5,85
3010466;21.01.2025;Mo-Fr S;7;ddb;Netz 4 Los 1;5336;RE 7;19:07;Müllheim(Baden);de:08315:6522;24,5;15,7;159,7;697,0;410;22,91%;Fahrplanfahrt (mit Fahrgastzahl);1356,81;8,50
3010467;21.01.2025;Mo-Fr S;8;ddb;Netz 4 Los 1;5336;RE 7;19:12;Heitersheim;de:08315:6665;11,2;7,9;163,0;697,0;410;23,39%;Fahrplanfahrt (mit Fahrgastzahl);971,97;5,96
3010468;21.01.2025;Mo-Fr S;9;ddb;Netz 4 Los 1;5336;RE 7;19:17;Bad Krozingen;de:08315:6501;30,2;19,7;173,6;697,0;410;24,90%;Fahrplanfahrt (mit Fahrgastzahl);1018,22;5,87
3010469;21.01.2025;Mo-Fr S;10;ddb;Netz 4 Los 1;5336;RE 7;19:21;Schallstadt;de:08315:6677;6,2;6,4;173,4;697,0;410;24,87%;Fahrplanfahrt (mit Fahrgastzahl);1503,98;8,68
3010470;21.01.2025;Mo-Fr S;11;ddb;Netz 4 Los 1;5336;RE 7;19:29;Freiburg(Breisgau) Hbf;de:08311:6508;240,4;128,8;285,0;430,5;410;66,21%;Fahrplanfahrt (mit Fahrgastzahl);2423,78;8,50
3010471;21.01.2025;Mo-Fr S;12;ddb;Netz 4 Los 1;5336;RE 7;19:34;Denzlingen;de:08316:6505;9,6;47,4;247,2;430,5;410;57,43%;Fahrplanfahrt (mit Fahrgastzahl);1769,07;7,16
3010472;21.01.2025;Mo-Fr S;13;ddb;Netz 4 Los 1;5336;RE 7;19:40;Emmendingen;de:08316:90;14,3;68,1;193,5;430,5;410;44,95%;Fahrplanfahrt (mit Fahrgastzahl);1320,06;6,82
3010473;21.01.2025;Mo-Fr S;14;ddb;Netz 4 Los 1;5336;RE 7;19:44;Riegel-Malterdingen;de:08316:5290;2,2;21,6;174,0;430,5;410;40,42%;Fahrplanfahrt (mit Fahrgastzahl);850,16;4,89
3010474;21.01.2025;Mo-Fr S;15;ddb;Netz 4 Los 1;5336;RE 7;19:48;Kenzingen;de:08316:6518;4,0;22,8;155,2;430,5;410;36,05%;Fahrplanfahrt (mit Fahrgastzahl);509,06;3,28
3010475;21.01.2025;Mo-Fr S;16;ddb;Netz 4 Los 1;5336;RE 7;19:52;Herbolzheim(Breisg);de:08316:6562;4,2;29,3;130,1;430,5;410;30,23%;Fahrplanfahrt (mit Fahrgastzahl);378,48;2,91
3010476;21.01.2025;Mo-Fr S;17;ddb;Netz 4 Los 1;5336;RE 7;19:55;Ringsheim;de:08317:16700;7,8;7,7;130,2;430,5;410;30,26%;Fahrplanfahrt (mit Fahrgastzahl);390,88;3,00
3010477;21.01.2025;Mo-Fr S;18;ddb;Netz 4 Los 1;5336;RE 7;19:58;Orschweier;de:08317:18601;3,0;7,3;125,9;430,5;410;29,25%;Fahrplanfahrt (mit Fahrgastzahl);1020,42;8,11
3010478;21.01.2025;Mo-Fr S;19;ddb;Netz 4 Los 1;5336;RE 7;20:03;Lahr(Schwarzw);de:08317:12103;9,9;25,6;110,2;430,5;410;25,60%;Fahrplanfahrt (mit Fahrgastzahl);2003,11;18,18
3010479;21.01.2025;Mo-Fr S;20;ddb;Netz 4 Los 1;5336;RE 7;20:34;Offenburg;de:08317:14506;35,4;47,2;98,4;410,0;410;24,00%;Fahrplanfahrt (mit Fahrgastzahl);742,62;7,55
3010480;21.01.2025;Mo-Fr S;21;ddb;Netz 4 Los 1;5336;RE 7;20:39;Appenweier;de:08317:14120;1,8;5,5;94,7;410,0;410;23,10%;Fahrplanfahrt (mit Fahrgastzahl);593,39;6,27
3010481;21.01.2025;Mo-Fr S;22;ddb;Netz 4 Los 1;5336;RE 7;20:43;Renchen;de:08317:13554;1,0;4,1;91,7;410,0;410;22,35%;Fahrplanfahrt (mit Fahrgastzahl);581,34;6,34
3010482;21.01.2025;Mo-Fr S;23;ddb;Netz 4 Los 1;5336;RE 7;20:48;Achern;de:08317:33013;4,1;10,8;84,9;410,0;410;20,71%;Fahrplanfahrt (mit Fahrgastzahl);717,41;8,45
3010483;21.01.2025;Mo-Fr S;24;ddb;Netz 4 Los 1;5336;RE 7;20:53;Bühl(Baden);de:08216:32227;8,2;7,2;85,9;410,0;410;20,95%;Fahrplanfahrt (mit Fahrgastzahl);990,08;11,53
3010484;21.01.2025;Mo-Fr S;25;ddb;Netz 4 Los 1;5336;RE 7;21:00;Baden-Baden;de:08211:1847;22,8;8,4;100,2;410,0;410;24,45%;Fahrplanfahrt (mit Fahrgastzahl);857,94;8,56
3010485;21.01.2025;Mo-Fr S;26;ddb;Netz 4 Los 1;5336;RE 7;21:07;Rastatt;de:08216:1844;11,0;18,2;93,0;410,0;410;22,68%;Fahrplanfahrt (mit Fahrgastzahl);1931,98;20,77
3010486;21.01.2025;Mo-Fr S;27;ddb;Netz 4 Los 1;5336;RE 7;21:21;Karlsruhe Hbf;de:08212:90;0,0;93,0;0,0;;;;Fahrplanfahrt (mit Fahrgastzahl);;
3011594;21.01.2025;Mo-Fr S;0;ddb;Netz 4 Los 1;17025;RE 7;18:39;Karlsruhe Hbf;de:08212:90;227,9;0,0;227,9;410,0;410;55,59%;Fahrplanfahrt (mit Fahrgastzahl);4734,46;20,77
3011595;21.01.2025;Mo-Fr S;1;ddb;Netz 4 Los 1;17025;RE 7;18:52;Rastatt;de:08216:1844;19,3;33,4;213,8;410,0;410;52,15%;Fahrplanfahrt (mit Fahrgastzahl);1829,76;8,56
3011596;21.01.2025;Mo-Fr S;2;ddb;Netz 4 Los 1;17025;RE 7;18:59;Baden-Baden;de:08211:1847;23,7;42,0;195,5;410,0;410;47,67%;Fahrplanfahrt (mit Fahrgastzahl);2252,78;11,53
3011597;21.01.2025;Mo-Fr S;3;ddb;Netz 4 Los 1;17025;RE 7;19:05;Bühl(Baden);de:08216:32227;7,2;37,5;165,2;410,0;410;40,30%;Fahrplanfahrt (mit Fahrgastzahl);1396,16;8,45
3011598;21.01.2025;Mo-Fr S;4;ddb;Netz 4 Los 1;17025;RE 7;19:11;Achern;de:08317:33013;12,5;21,5;156,3;410,0;410;38,11%;Fahrplanfahrt (mit Fahrgastzahl);991,14;6,34
3011599;21.01.2025;Mo-Fr S;5;ddb;Netz 4 Los 1;17025;RE 7;19:16;Renchen;de:08317:13554;1,7;4,4;153,6;410,0;410;37,47%;Fahrplanfahrt (mit Fahrgastzahl);962,54;6,27
3011600;21.01.2025;Mo-Fr S;6;ddb;Netz 4 Los 1;17025;RE 7;19:21;Appenweier;de:08317:14120;3,3;11,5;145,5;410,0;410;35,48%;Fahrplanfahrt (mit Fahrgastzahl);1097,72;7,55
3011601;21.01.2025;Mo-Fr S;7;ddb;Netz 4 Los 1;17025;RE 7;19:37;Offenburg;de:08317:14506;58,8;53,7;150,5;410,0;410;36,72%;Fahrplanfahrt (mit Fahrgastzahl);2736,52;18,18
3011602;21.01.2025;Mo-Fr S;8;ddb;Netz 4 Los 1;17025;RE 7;19:47;Lahr(Schwarzw);de:08317:12103;13,3;29,9;133,9;410,0;410;32,67%;Fahrplanfahrt (mit Fahrgastzahl);1085,55;8,11
3011603;21.01.2025;Mo-Fr S;9;ddb;Netz 4 Los 1;17025;RE 7;20:04;Orschweier;de:08317:18601;3,5;7,2;130,2;410,0;410;31,76%;Fahrplanfahrt (mit Fahrgastzahl);390,81;3,00
3011604;21.01.2025;Mo-Fr S;10;ddb;Netz 4 Los 1;17025;RE 7;20:07;Ringsheim;de:08317:16700;15,2;6,3;139,1;410,0;410;33,93%;Fahrplanfahrt (mit Fahrgastzahl);404,49;2,91
3011605;21.01.2025;Mo-Fr S;11;ddb;Netz 4 Los 1;17025;RE 7;20:10;Herbolzheim(Breisg);de:08316:6562;15,5;7,4;147,2;410,0;410;35,90%;Fahrplanfahrt (mit Fahrgastzahl);482,79;3,28
3011606;21.01.2025;Mo-Fr S;12;ddb;Netz 4 Los 1;17025;RE 7;20:13;Kenzingen;de:08316:6518;9,4;9,4;147,2;410,0;410;35,89%;Fahrplanfahrt (mit Fahrgastzahl);719,03;4,89
3011607;21.01.2025;Mo-Fr S;13;ddb;Netz 4 Los 1;17025;RE 7;20:17;Riegel-Malterdingen;de:08316:5290;10,6;11,2;146,6;410,0;410;35,76%;Fahrplanfahrt (mit Fahrgastzahl);1000,19;6,82
3011608;21.01.2025;Mo-Fr S;14;ddb;Netz 4 Los 1;17025;RE 7;20:22;Emmendingen;de:08316:90;39,1;18,1;167,6;410,0;410;40,87%;Fahrplanfahrt (mit Fahrgastzahl);1199,04;7,16
3011609;21.01.2025;Mo-Fr S;15;ddb;Netz 4 Los 1;17025;RE 7;20:26;Denzlingen;de:08316:6505;9,9;18,5;159,0;410,0;410;38,79%;Fahrplanfahrt (mit Fahrgastzahl);1352,25;8,50
3011610;21.01.2025;Mo-Fr S;16;ddb;Netz 4 Los 1;17025;RE 7;20:33;Freiburg(Breisgau) Hbf;de:08311:6508;211,1;110,2;259,9;410,0;410;63,40%;Fahrplanfahrt (mit Fahrgastzahl);2255,46;8,68
3011611;21.01.2025;Mo-Fr S;17;ddb;Netz 4 Los 1;17025;RE 7;20:38;Schallstadt;de:08315:6677;3,5;16,7;246,6;410,0;410;60,16%;Fahrplanfahrt (mit Fahrgastzahl);1447,07;5,87
3011612;21.01.2025;Mo-Fr S;18;ddb;Netz 4 Los 1;17025;RE 7;20:43;Bad Krozingen;de:08315:6501;12,5;81,7;177,4;410,0;410;43,27%;Fahrplanfahrt (mit Fahrgastzahl);1057,95;5,96
3011613;21.01.2025;Mo-Fr S;19;ddb;Netz 4 Los 1;17025;RE 7;20:47;Heitersheim;de:08315:6665;2,7;36,7;143,5;410,0;410;35,00%;Fahrplanfahrt (mit Fahrgastzahl);1219,04;8,50
3011614;21.01.2025;Mo-Fr S;20;ddb;Netz 4 Los 1;17025;RE 7;20:52;Müllheim(Baden);de:08315:6522;9,2;49,7;102,9;410,0;410;25,11%;Fahrplanfahrt (mit Fahrgastzahl);249,93;2,43
3011615;21.01.2025;Mo-Fr S;21;ddb;Netz 4 Los 1;17025;RE 7;20:55;Auggen;de:08315:6642;0,6;4,5;99,0;410,0;410;24,15%;Fahrplanfahrt (mit Fahrgastzahl);338,78;3,42
3011616;21.01.2025;Mo-Fr S;22;ddb;Netz 4 Los 1;17025;RE 7;20:58;Schliengen;de:08336:6678;1,5;9,6;90,8;410,0;410;22,16%;Fahrplanfahrt (mit Fahrgastzahl);329,29;3,63
3011617;21.01.2025;Mo-Fr S;23;ddb;Netz 4 Los 1;17025;RE 7;21:02;Bad Bellingen;de:08336:6628;3,0;10,6;83,2;410,0;410;20,29%;Fahrplanfahrt (mit Fahrgastzahl);265,14;3,19
3011618;21.01.2025;Mo-Fr S;24;ddb;Netz 4 Los 1;17025;RE 7;21:06;Rheinweiler;de:08336:6629;0,7;3,2;80,6;410,0;410;19,67%;Fahrplanfahrt (mit Fahrgastzahl);228,06;2,83
3011619;21.01.2025;Mo-Fr S;25;ddb;Netz 4 Los 1;17025;RE 7;21:09;Kleinkems;de:08336:6633;0,2;0,4;80,4;410,0;410;19,61%;Fahrplanfahrt (mit Fahrgastzahl);289,47;3,60
3011620;21.01.2025;Mo-Fr S;26;ddb;Netz 4 Los 1;17025;RE 7;21:13;Istein;de:08336:6632;1,6;2,0;79,9;410,0;410;19,50%;Fahrplanfahrt (mit Fahrgastzahl);150,12;1,88
3011621;21.01.2025;Mo-Fr S;27;ddb;Netz 4 Los 1;17025;RE 7;21:16;Efringen-Kirchen;de:08336:6631;3,2;5,8;77,3;410,0;410;18,84%;Fahrplanfahrt (mit Fahrgastzahl);306,02;3,96
3011622;21.01.2025;Mo-Fr S;28;ddb;Netz 4 Los 1;17025;RE 7;21:19;Eimeldingen;de:08336:6634;4,4;4,7;77,0;410,0;410;18,77%;Fahrplanfahrt (mit Fahrgastzahl);158,86;2,06
3011623;21.01.2025;Mo-Fr S;29;ddb;Netz 4 Los 1;17025;RE 7;21:22;Haltingen;de:08336:6638;2,7;6,4;73,3;410,0;410;17,88%;Fahrplanfahrt (mit Fahrgastzahl);168,49;2,30
3011624;21.01.2025;Mo-Fr S;30;ddb;Netz 4 Los 1;17025;RE 7;21:26;Weil am Rhein;de:08336:6639;5,0;22,6;55,7;410,0;410;13,60%;Fahrplanfahrt (mit Fahrgastzahl);172,47;3,09
3011625;21.01.2025;Mo-Fr S;31;ddb;Netz 4 Los 1;17025;RE 7;21:29;Basel Bad Bf;ch:23005:6;0,0;55,7;0,0;;;;Fahrplanfahrt (mit Fahrgastzahl);;
3016868;21.01.2025;Mo-Fr S;0;ddb;Netz 4 Los 1;17028;RE 7;19:58;Basel Bad Bf;ch:23005:6;81,1;0,0;81,1;432,2;410;18,76%;Fahrplanfahrt (mit Fahrgastzahl);250,86;3,09
3016869;21.01.2025;Mo-Fr S;1;ddb;Netz 4 Los 1;17028;RE 7;20:02;Weil am Rhein;de:08336:6639;26,7;7,4;100,4;432,2;410;23,23%;Fahrplanfahrt (mit Fahrgastzahl);2940,38;29,29
3016870;21.01.2025;Mo-Fr S;2;ddb;Netz 4 Los 1;17028;RE 7;20:21;Müllheim(Baden);de:08315:6522;17,8;11,4;106,7;432,2;410;24,70%;Fahrplanfahrt (mit Fahrgastzahl);906,78;8,50
3016871;21.01.2025;Mo-Fr S;3;ddb;Netz 4 Los 1;17028;RE 7;20:26;Heitersheim;de:08315:6665;7,6;6,5;107,9;432,2;410;24,96%;Fahrplanfahrt (mit Fahrgastzahl);643,20;5,96
3016872;21.01.2025;Mo-Fr S;4;ddb;Netz 4 Los 1;17028;RE 7;20:31;Bad Krozingen;de:08315:6501;26,4;10,5;123,7;432,2;410;28,63%;Fahrplanfahrt (mit Fahrgastzahl);1799,40;14,54
3016873;21.01.2025;Mo-Fr S;5;ddb;Netz 4 Los 1;17028;RE 7;20:42;Freiburg(Breisgau) Hbf;de:08311:6508;146,2;95,9;174,0;421,1;410;41,33%;Fahrplanfahrt (mit Fahrgastzahl);1479,75;8,50
3016874;21.01.2025;Mo-Fr S;6;ddb;Netz 4 Los 1;17028;RE 7;20:48;Denzlingen;de:08316:6505;14,4;16,3;172,1;421,1;410;40,88%;Fahrplanfahrt (mit Fahrgastzahl);1231,63;7,16
3016875;21.01.2025;Mo-Fr S;7;ddb;Netz 4 Los 1;17028;RE 7;20:53;Emmendingen;de:08316:90;17,1;62,9;126,3;421,1;410;29,99%;Fahrplanfahrt (mit Fahrgastzahl);861,60;6,82
3016876;21.01.2025;Mo-Fr S;8;ddb;Netz 4 Los 1;17028;RE 7;20:57;Riegel-Malterdingen;de:08316:5290;2,5;19,7;109,1;421,1;410;25,92%;Fahrplanfahrt (mit Fahrgastzahl);533,23;4,89
3016877;21.01.2025;Mo-Fr S;9;ddb;Netz 4 Los 1;17028;RE 7;21:00;Kenzingen;de:08316:6518;3,1;23,2;89,1;421,1;410;21,15%;Fahrplanfahrt (mit Fahrgastzahl);292,10;3,28
3016878;21.01.2025;Mo-Fr S;10;ddb;Netz 4 Los 1;17028;RE 7;21:03;Herbolzheim(Breisg);de:08316:6562;5,1;26,9;67,3;421,1;410;15,98%;Fahrplanfahrt (mit Fahrgastzahl);943,10;14,01
3016879;21.01.2025;Mo-Fr S;11;ddb;Netz 4 Los 1;17028;RE 7;21:11;Lahr(Schwarzw);de:08317:12103;15,1;26,6;55,7;421,1;410;13,23%;Fahrplanfahrt (mit Fahrgastzahl);1013,00;18,18
3016880;21.01.2025;Mo-Fr S;12;ddb;Netz 4 Los 1;17028;RE 7;21:21;Offenburg;de:08317:14506;0,0;55,7;0,0;;;;Fahrplanfahrt (mit Fahrgastzahl);;
3018772;21.01.2025;Mo-Fr S;0;ddb;Netz 4 Los 1;17030;RE 7;20:28;Basel Bad Bf;ch:23005:6;64,0;0,0;64,0;410;820;15,61%;Zählfahrt AFZS;198,02;3,09
3018773;21.01.2025;Mo-Fr S;1;ddb;Netz 4 Los 1;17030;RE 7;20:32;Weil am Rhein;de:08336:6639;41,0;12,0;93,0;410;820;22,68%;Zählfahrt AFZS;213,81;2,30
3018774;21.01.2025;Mo-Fr S;2;ddb;Netz 4 Los 1;17030;RE 7;20:35;Haltingen;de:08336:6638;5,0;14,0;84,0;410;820;20,49%;Zählfahrt AFZS;173,38;2,06
3018775;21.01.2025;Mo-Fr S;3;ddb;Netz 4 Los 1;17030;RE 7;20:38;Eimeldingen;de:08336:6634;2,0;7,0;79,0;410;820;19,27%;Zählfahrt AFZS;312,92;3,96
3018776;21.01.2025;Mo-Fr S;4;ddb;Netz 4 Los 1;17030;RE 7;20:41;Efringen-Kirchen;de:08336:6631;1,0;11,0;69,0;410;820;16,83%;Zählfahrt AFZS;129,58;1,88
3018777;21.01.2025;Mo-Fr S;5;ddb;Netz 4 Los 1;17030;RE 7;20:44;Istein;de:08336:6632;0,0;4,0;65,0;410;820;15,85%;Zählfahrt AFZS;234,06;3,60
3018778;21.01.2025;Mo-Fr S;6;ddb;Netz 4 Los 1;17030;RE 7;20:48;Kleinkems;de:08336:6633;0,0;3,0;62,0;410;820;15,12%;Zählfahrt AFZS;175,34;2,83
3018779;21.01.2025;Mo-Fr S;7;ddb;Netz 4 Los 1;17030;RE 7;20:51;Rheinweiler;de:08336:6629;0,0;2,0;60,0;410;820;14,63%;Zählfahrt AFZS;191,22;3,19
3018780;21.01.2025;Mo-Fr S;8;ddb;Netz 4 Los 1;17030;RE 7;20:54;Bad Bellingen;de:08336:6628;2,0;15,0;47,0;410;820;11,46%;Zählfahrt AFZS;170,38;3,63
3018781;21.01.2025;Mo-Fr S;9;ddb;Netz 4 Los 1;17030;RE 7;20:57;Schliengen;de:08336:6678;3,0;5,0;45,0;410;820;10,98%;Zählfahrt AFZS;153,99;3,42
3018782;21.01.2025;Mo-Fr S;10;ddb;Netz 4 Los 1;17030;RE 7;21:01;Auggen;de:08315:6642;1,0;3,0;43,0;410;820;10,49%;Zählfahrt AFZS;104,40;2,43
3018783;21.01.2025;Mo-Fr S;11;ddb;Netz 4 Los 1;17030;RE 7;21:04;Müllheim(Baden);de:08315:6522;25,0;8,0;60,0;410;820;14,63%;Zählfahrt AFZS;509,76;8,50
3018784;21.01.2025;Mo-Fr S;12;ddb;Netz 4 Los 1;17030;RE 7;21:10;Heitersheim;de:08315:6665;1,0;11,0;50,0;410;820;12,20%;Zählfahrt AFZS;298,15;5,96
3018785;21.01.2025;Mo-Fr S;13;ddb;Netz 4 Los 1;17030;RE 7;21:14;Bad Krozingen;de:08315:6501;32,0;7,0;75,0;410;820;18,29%;Zählfahrt AFZS;440,02;5,87
3018786;21.01.2025;Mo-Fr S;14;ddb;Netz 4 Los 1;17030;RE 7;21:18;Schallstadt;de:08315:6677;9,0;7,0;77,0;410;820;18,78%;Zählfahrt AFZS;668,05;8,68
3018787;21.01.2025;Mo-Fr S;15;ddb;Netz 4 Los 1;17030;RE 7;21:27;Freiburg(Breisgau) Hbf;de:08311:6508;86,0;62,0;101,0;410;820;24,63%;Zählfahrt AFZS;858,80;8,50
3018788;21.01.2025;Mo-Fr S;16;ddb;Netz 4 Los 1;17030;RE 7;21:33;Denzlingen;de:08316:6505;3,0;26,0;78,0;410;820;19,02%;Zählfahrt AFZS;558,09;7,16
3018789;21.01.2025;Mo-Fr S;17;ddb;Netz 4 Los 1;17030;RE 7;21:38;Emmendingen;de:08316:90;14,0;18,0;74,0;410;820;18,05%;Zählfahrt AFZS;504,83;6,82
3018790;21.01.2025;Mo-Fr S;18;ddb;Netz 4 Los 1;17030;RE 7;21:43;Riegel-Malterdingen;de:08316:5290;2,0;14,0;62,0;410;820;15,12%;Zählfahrt AFZS;302,93;4,89
3018791;21.01.2025;Mo-Fr S;19;ddb;Netz 4 Los 1;17030;RE 7;21:46;Kenzingen;de:08316:6518;1,0;10,0;53,0;410;820;12,93%;Zählfahrt AFZS;173,84;3,28
3018792;21.01.2025;Mo-Fr S;20;ddb;Netz 4 Los 1;17030;RE 7;21:50;Herbolzheim(Breisg);de:08316:6562;3,0;8,0;48,0;410;820;11,71%;Zählfahrt AFZS;139,58;2,91
3018793;21.01.2025;Mo-Fr S;21;ddb;Netz 4 Los 1;17030;RE 7;21:53;Ringsheim;de:08317:16700;0,0;3,0;45,0;410;820;10,98%;Zählfahrt AFZS;135,04;3,00
3018794;21.01.2025;Mo-Fr S;22;ddb;Netz 4 Los 1;17030;RE 7;21:56;Orschweier;de:08317:18601;4,0;4,0;45,0;410;820;10,98%;Zählfahrt AFZS;364,72;8,11
3018795;21.01.2025;Mo-Fr S;23;ddb;Netz 4 Los 1;17030;RE 7;22:02;Lahr(Schwarzw);de:08317:12103;2,0;23,0;24,0;410;820;5,85%;Zählfahrt AFZS;436,25;18,18
3018796;21.01.2025;Mo-Fr S;24;ddb;Netz 4 Los 1;17030;RE 7;22:13;Offenburg;de:08317:14506;0,0;24,0;0,0;0;;;Zählfahrt AFZS;;
3020082;21.01.2025;Mo-Fr S;0;ddb;Netz 4 Los 1;5341;RE 7;20:46;Offenburg;de:08317:14506;45,3;0,0;45,3;220,0;410;20,61%;Fahrplanfahrt (mit Fahrgastzahl);824,02;18,18
3020083;21.01.2025;Mo-Fr S;1;ddb;Netz 4 Los 1;5341;RE 7;20:56;Lahr(Schwarzw);de:08317:12103;15,7;13,3;47,7;220,0;410;21,67%;Fahrplanfahrt (mit Fahrgastzahl);386,34;8,11
3020084;21.01.2025;Mo-Fr S;2;ddb;Netz 4 Los 1;5341;RE 7;21:01;Orschweier;de:08317:18601;1,0;3,7;45,0;220,0;410;20,45%;Fahrplanfahrt (mit Fahrgastzahl);135,04;3,00
3020085;21.01.2025;Mo-Fr S;3;ddb;Netz 4 Los 1;5341;RE 7;21:05;Ringsheim;de:08317:16700;3,0;4,0;44,0;220,0;410;20,00%;Fahrplanfahrt (mit Fahrgastzahl);127,95;2,91
3020086;21.01.2025;Mo-Fr S;4;ddb;Netz 4 Los 1;5341;RE 7;21:08;Herbolzheim(Breisg);de:08316:6562;9,7;5,7;48,0;220,0;410;21,82%;Fahrplanfahrt (mit Fahrgastzahl);157,44;3,28
3020087;21.01.2025;Mo-Fr S;5;ddb;Netz 4 Los 1;5341;RE 7;21:11;Kenzingen;de:08316:6518;5,7;5,0;48,7;220,0;410;22,12%;Fahrplanfahrt (mit Fahrgastzahl);237,79;4,89
3020088;21.01.2025;Mo-Fr S;6;ddb;Netz 4 Los 1;5341;RE 7;21:15;Riegel-Malterdingen;de:08316:5290;8,0;4,3;52,3;220,0;410;23,79%;Fahrplanfahrt (mit Fahrgastzahl);357,02;6,82
3020089;21.01.2025;Mo-Fr S;7;ddb;Netz 4 Los 1;5341;RE 7;21:20;Emmendingen;de:08316:90;33,0;8,7;76,7;220,0;410;34,85%;Fahrplanfahrt (mit Fahrgastzahl);548,55;7,16
3020090;21.01.2025;Mo-Fr S;8;ddb;Netz 4 Los 1;5341;RE 7;21:24;Denzlingen;de:08316:6505;8,3;11,0;74,0;220,0;410;33,64%;Fahrplanfahrt (mit Fahrgastzahl);629,22;8,50
3020091;21.01.2025;Mo-Fr S;9;ddb;Netz 4 Los 1;5341;RE 7;21:32;Freiburg(Breisgau) Hbf;de:08311:6508;156,0;55,7;174,3;220,0;410;79,24%;Fahrplanfahrt (mit Fahrgastzahl);1512,69;8,68
3020092;21.01.2025;Mo-Fr S;10;ddb;Netz 4 Los 1;5341;RE 7;21:37;Schallstadt;de:08315:6677;1,3;10,0;165,7;220,0;410;75,30%;Fahrplanfahrt (mit Fahrgastzahl);971,97;5,87
3020093;21.01.2025;Mo-Fr S;11;ddb;Netz 4 Los 1;5341;RE 7;21:42;Bad Krozingen;de:08315:6501;9,7;59,7;115,7;220,0;410;52,58%;Fahrplanfahrt (mit Fahrgastzahl);689,72;5,96
3020094;21.01.2025;Mo-Fr S;12;ddb;Netz 4 Los 1;5341;RE 7;21:46;Heitersheim;de:08315:6665;1,3;25,3;91,7;220,0;410;41,67%;Fahrplanfahrt (mit Fahrgastzahl);778,80;8,50
3020095;21.01.2025;Mo-Fr S;13;ddb;Netz 4 Los 1;5341;RE 7;21:51;Müllheim(Baden);de:08315:6522;7,3;40,7;58,3;220,0;410;26,52%;Fahrplanfahrt (mit Fahrgastzahl);341,25;5,85
3020096;21.01.2025;Mo-Fr S;14;ddb;Netz 4 Los 1;5341;RE 7;21:56;Schliengen;de:08336:6678;0,3;5,0;53,7;220,0;410;24,39%;Fahrplanfahrt (mit Fahrgastzahl);194,54;3,63
3020097;21.01.2025;Mo-Fr S;15;ddb;Netz 4 Los 1;5341;RE 7;21:59;Bad Bellingen;de:08336:6628;1,7;6,0;49,3;220,0;410;22,42%;Fahrplanfahrt (mit Fahrgastzahl);567,04;11,49
3020098;21.01.2025;Mo-Fr S;16;ddb;Netz 4 Los 1;5341;RE 7;22:10;Efringen-Kirchen;de:08336:6631;2,3;7,0;44,7;220,0;410;20,30%;Fahrplanfahrt (mit Fahrgastzahl);269,12;6,03
3020099;21.01.2025;Mo-Fr S;17;ddb;Netz 4 Los 1;5341;RE 7;22:15;Haltingen;de:08336:6638;1,0;6,3;39,3;220,0;410;17,88%;Fahrplanfahrt (mit Fahrgastzahl);90,43;2,30
3020100;21.01.2025;Mo-Fr S;18;ddb;Netz 4 Los 1;5341;RE 7;22:20;Weil am Rhein;de:08336:6639;3,7;16,7;26,3;220,0;410;11,97%;Fahrplanfahrt (mit Fahrgastzahl);81,48;3,09
3020101;21.01.2025;Mo-Fr S;19;ddb;Netz 4 Los 1;5341;RE 7;22:23;Basel Bad Bf;ch:23005:6;0,0;26,3;0,0;;;;Fahrplanfahrt (mit Fahrgastzahl);;
3022581;21.01.2025;Mo-Fr S;0;ddb;Netz 4 Los 1;17029;RE 7;21:41;Offenburg;de:08317:14506;47,3;0,0;47,3;441,5;410;10,71%;Fahrplanfahrt (mit Fahrgastzahl);859,21;18,18
3022582;21.01.2025;Mo-Fr S;1;ddb;Netz 4 Los 1;17029;RE 7;21:58;Lahr(Schwarzw);de:08317:12103;15,6;18,4;44,5;441,5;410;10,08%;Fahrplanfahrt (mit Fahrgastzahl);360,67;8,11
3022583;21.01.2025;Mo-Fr S;2;ddb;Netz 4 Los 1;17029;RE 7;22:04;Orschweier;de:08317:18601;2,7;4,5;42,7;441,5;410;9,66%;Fahrplanfahrt (mit Fahrgastzahl);128,00;3,00
3022584;21.01.2025;Mo-Fr S;3;ddb;Netz 4 Los 1;17029;RE 7;22:07;Ringsheim;de:08317:16700;3,1;4,2;41,5;441,5;410;9,41%;Fahrplanfahrt (mit Fahrgastzahl);120,79;2,91
3022585;21.01.2025;Mo-Fr S;4;ddb;Netz 4 Los 1;17029;RE 7;22:10;Herbolzheim(Breisg);de:08316:6562;9,6;3,7;47,5;441,5;410;10,76%;Fahrplanfahrt (mit Fahrgastzahl);155,80;3,28
3022586;21.01.2025;Mo-Fr S;5;ddb;Netz 4 Los 1;17029;RE 7;22:13;Kenzingen;de:08316:6518;5,6;4,4;48,7;441,5;410;11,04%;Fahrplanfahrt (mit Fahrgastzahl);238,10;4,89
3022587;21.01.2025;Mo-Fr S;6;ddb;Netz 4 Los 1;17029;RE 7;22:17;Riegel-Malterdingen;de:08316:5290;8,0;4,0;52,8;441,5;410;11,95%;Fahrplanfahrt (mit Fahrgastzahl);359,99;6,82
3022588;21.01.2025;Mo-Fr S;7;ddb;Netz 4 Los 1;17029;RE 7;22:21;Emmendingen;de:08316:90;19,0;8,6;63,1;441,5;410;14,29%;Fahrplanfahrt (mit Fahrgastzahl);451,59;7,16
3022589;21.01.2025;Mo-Fr S;8;ddb;Netz 4 Los 1;17029;RE 7;22:26;Denzlingen;de:08316:6505;6,9;7,8;62,2;441,5;410;14,08%;Fahrplanfahrt (mit Fahrgastzahl);528,49;8,50
3022590;21.01.2025;Mo-Fr S;9;ddb;Netz 4 Los 1;17029;RE 7;22:34;Freiburg(Breisgau) Hbf;de:08311:6508;101,0;46,8;116,3;441,5;410;26,34%;Fahrplanfahrt (mit Fahrgastzahl);1009,20;8,68
3022591;21.01.2025;Mo-Fr S;10;ddb;Netz 4 Los 1;17029;RE 7;22:39;Schallstadt;de:08315:6677;0,9;8,3;108,9;441,5;410;24,66%;Fahrplanfahrt (mit Fahrgastzahl);638,83;5,87
3022592;21.01.2025;Mo-Fr S;11;ddb;Netz 4 Los 1;17029;RE 7;22:44;Bad Krozingen;de:08315:6501;3,9;39,9;72,9;441,5;410;16,52%;Fahrplanfahrt (mit Fahrgastzahl);434,84;5,96
3022593;21.01.2025;Mo-Fr S;12;ddb;Netz 4 Los 1;17029;RE 7;22:48;Heitersheim;de:08315:6665;2,4;17,0;58,3;441,5;410;13,21%;Fahrplanfahrt (mit Fahrgastzahl);495,71;8,50
3022594;21.01.2025;Mo-Fr S;13;ddb;Netz 4 Los 1;17029;RE 7;22:53;Müllheim(Baden);de:08315:6522;2,8;30,1;31,1;441,5;410;7,04%;Fahrplanfahrt (mit Fahrgastzahl);294,45;9,48
3022595;21.01.2025;Mo-Fr S;14;ddb;Netz 4 Los 1;17029;RE 7;23:00;Bad Bellingen;de:08336:6628;1,0;4,7;27,4;441,5;410;6,21%;Fahrplanfahrt (mit Fahrgastzahl);315,20;11,49
3022596;21.01.2025;Mo-Fr S;15;ddb;Netz 4 Los 1;17029;RE 7;23:11;Efringen-Kirchen;de:08336:6631;1,0;3,2;25,2;441,5;410;5,71%;Fahrplanfahrt (mit Fahrgastzahl);151,78;6,03
3022597;21.01.2025;Mo-Fr S;16;ddb;Netz 4 Los 1;17029;RE 7;23:16;Haltingen;de:08336:6638;0,8;5,0;21,0;441,5;410;4,75%;Fahrplanfahrt (mit Fahrgastzahl);48,19;2,30
3022598;21.01.2025;Mo-Fr S;17;ddb;Netz 4 Los 1;17029;RE 7;23:19;Weil am Rhein;de:08336:6639;1,5;6,2;16,2;441,5;410;3,68%;Fahrplanfahrt (mit Fahrgastzahl);50,22;3,09
3022599;21.01.2025;Mo-Fr S;18;ddb;Netz 4 Los 1;17029;RE 7;23:23;Basel Bad Bf;ch:23005:6;0,0;16,2;0,0;;;;Fahrplanfahrt (mit Fahrgastzahl);;
3023472;21.01.2025;Mo-Fr S;0;ddb;Netz 4 Los 1;17034;RE 7;21:58;Basel Bad Bf;ch:23005:6;41,7;0,0;41,7;410,0;410;10,18%;Fahrplanfahrt (mit Fahrgastzahl);129,12;3,09
3023473;21.01.2025;Mo-Fr S;1;ddb;Netz 4 Los 1;17034;RE 7;22:02;Weil am Rhein;de:08336:6639;11,0;6,2;46,5;410,0;410;11,35%;Fahrplanfahrt (mit Fahrgastzahl);1363,25;29,29
3023474;21.01.2025;Mo-Fr S;2;ddb;Netz 4 Los 1;17034;RE 7;22:22;Müllheim(Baden);de:08315:6522;14,3;4,6;56,3;410,0;410;13,72%;Fahrplanfahrt (mit Fahrgastzahl);478,06;8,50
3023475;21.01.2025;Mo-Fr S;3;ddb;Netz 4 Los 1;17034;RE 7;22:27;Heitersheim;de:08315:6665;9,7;5,1;60,9;410,0;410;14,85%;Fahrplanfahrt (mit Fahrgastzahl);363,05;5,96
3023476;21.01.2025;Mo-Fr S;4;ddb;Netz 4 Los 1;17034;RE 7;22:32;Bad Krozingen;de:08315:6501;13,3;9,8;64,3;410,0;410;15,69%;Fahrplanfahrt (mit Fahrgastzahl);935,79;14,54
3023477;21.01.2025;Mo-Fr S;5;ddb;Netz 4 Los 1;17034;RE 7;22:42;Freiburg(Breisgau) Hbf;de:08311:6508;119,0;47,2;136,2;410,0;410;33,23%;Fahrplanfahrt (mit Fahrgastzahl);1158,37;8,50
3023478;21.01.2025;Mo-Fr S;6;ddb;Netz 4 Los 1;17034;RE 7;22:48;Denzlingen;de:08316:6505;9,0;17,4;127,8;410,0;410;31,17%;Fahrplanfahrt (mit Fahrgastzahl);914,46;7,16
3023479;21.01.2025;Mo-Fr S;7;ddb;Netz 4 Los 1;17034;RE 7;22:53;Emmendingen;de:08316:90;5,1;44,0;89,0;410,0;410;21,70%;Fahrplanfahrt (mit Fahrgastzahl);606,90;6,82
3023480;21.01.2025;Mo-Fr S;8;ddb;Netz 4 Los 1;17034;RE 7;22:57;Riegel-Malterdingen;de:08316:5290;1,6;11,9;78,7;410,0;410;19,18%;Fahrplanfahrt (mit Fahrgastzahl);384,30;4,89
3023481;21.01.2025;Mo-Fr S;9;ddb;Netz 4 Los 1;17034;RE 7;23:00;Kenzingen;de:08316:6518;1,8;15,3;65,2;410,0;410;15,90%;Fahrplanfahrt (mit Fahrgastzahl);213,83;3,28
3023482;21.01.2025;Mo-Fr S;10;ddb;Netz 4 Los 1;17034;RE 7;23:03;Herbolzheim(Breisg);de:08316:6562;2,3;14,7;52,8;410,0;410;12,88%;Fahrplanfahrt (mit Fahrgastzahl);740,05;14,01
3023483;21.01.2025;Mo-Fr S;11;ddb;Netz 4 Los 1;17034;RE 7;23:11;Lahr(Schwarzw);de:08317:12103;5,3;18,7;39,4;410,0;410;9,62%;Fahrplanfahrt (mit Fahrgastzahl);716,59;18,18
3023484;21.01.2025;Mo-Fr S;12;ddb;Netz 4 Los 1;17034;RE 7;23:34;Offenburg;de:08317:14506;13,6;25,8;27,2;410,0;410;6,63%;Fahrplanfahrt (mit Fahrgastzahl);205,22;7,55
3023485;21.01.2025;Mo-Fr S;13;ddb;Netz 4 Los 1;17034;RE 7;23:40;Appenweier;de:08317:14120;2,3;2,0;27,5;410,0;410;6,70%;Fahrplanfahrt (mit Fahrgastzahl);172,07;6,27
3023486;21.01.2025;Mo-Fr S;14;ddb;Netz 4 Los 1;17034;RE 7;23:44;Renchen;de:08317:13554;0,6;1,7;26,3;410,0;410;6,43%;Fahrplanfahrt (mit Fahrgastzahl);167,11;6,34
3023487;21.01.2025;Mo-Fr S;15;ddb;Netz 4 Los 1;17034;RE 7;23:49;Achern;de:08317:33013;1,1;4,0;23,4;410,0;410;5,70%;Fahrplanfahrt (mit Fahrgastzahl);197,60;8,45
3023488;21.01.2025;Mo-Fr S;16;ddb;Netz 4 Los 1;17034;RE 7;23:54;Bühl(Baden);de:08216:32227;2,1;2,5;23,0;410,0;410;5,61%;Fahrplanfahrt (mit Fahrgastzahl);265,10;11,53
3023489;21.01.2025;Mo-Fr S;17;ddb;Netz 4 Los 1;17034;RE 7;24:01;Baden-Baden;de:08211:1847;8,8;4,5;27,3;410,0;410;6,67%;Fahrplanfahrt (mit Fahrgastzahl);234,03;8,56
3023490;21.01.2025;Mo-Fr S;18;ddb;Netz 4 Los 1;17034;RE 7;24:08;Rastatt;de:08216:1844;3,1;4,0;26,4;410,0;410;6,44%;Fahrplanfahrt (mit Fahrgastzahl);548,91;20,77
3023491;21.01.2025;Mo-Fr S;19;ddb;Netz 4 Los 1;17034;RE 7;24:21;Karlsruhe Hbf;de:08212:90;0,0;26,4;0,0;;;;Fahrplanfahrt (mit Fahrgastzahl);;
3026286;21.01.2025;Mo-Fr S;0;ddb;Netz 4 Los 1;17032;RE 7;23:02;Offenburg;de:08317:14506;27,1;0,0;27,1;404,9;410;6,68%;Fahrplanfahrt (mit Fahrgastzahl);204,18;7,55
3026287;21.01.2025;Mo-Fr S;1;ddb;Netz 4 Los 1;17032;RE 7;23:07;Appenweier;de:08317:14120;4,6;4,3;27,4;404,9;410;6,78%;Fahrplanfahrt (mit Fahrgastzahl);171,89;6,27
3026288;21.01.2025;Mo-Fr S;2;ddb;Netz 4 Los 1;17032;RE 7;23:11;Renchen;de:08317:13554;1,1;1,5;27,1;404,9;410;6,69%;Fahrplanfahrt (mit Fahrgastzahl);171,78;6,34
3026289;21.01.2025;Mo-Fr S;3;ddb;Netz 4 Los 1;17032;RE 7;23:16;Achern;de:08317:33013;2,0;5,8;23,3;404,9;410;5,75%;Fahrplanfahrt (mit Fahrgastzahl);196,63;8,45
3026290;21.01.2025;Mo-Fr S;4;ddb;Netz 4 Los 1;17032;RE 7;23:21;Bühl(Baden);de:08216:32227;4,3;4,2;23,4;404,9;410;5,78%;Fahrplanfahrt (mit Fahrgastzahl);269,77;11,53
3026291;21.01.2025;Mo-Fr S;5;ddb;Netz 4 Los 1;17032;RE 7;23:28;Baden-Baden;de:08211:1847;13,1;4,5;32,0;404,9;410;7,91%;Fahrplanfahrt (mit Fahrgastzahl);274,09;8,56
3026292;21.01.2025;Mo-Fr S;6;ddb;Netz 4 Los 1;17032;RE 7;23:34;Rastatt;de:08216:1844;13,2;5,2;40,0;404,9;410;9,89%;Fahrplanfahrt (mit Fahrgastzahl);831,52;20,77
3026293;21.01.2025;Mo-Fr S;7;ddb;Netz 4 Los 1;17032;RE 7;23:49;Karlsruhe Hbf;de:08212:90;0,0;40,0;0,0;;;;Fahrplanfahrt (mit Fahrgastzahl);;
3026573;21.01.2025;Mo-Fr S;0;ddb;Netz 4 Los 1;17031;RE 7;23:09;Karlsruhe Hbf;de:08212:90;74,9;0,0;74,9;410,0;410;18,27%;Fahrplanfahrt (mit Fahrgastzahl);427,41;5,71
3026574;21.01.2025;Mo-Fr S;1;ddb;Netz 4 Los 1;17031;RE 7;23:13;Ettlingen West;de:08215:1840;1,5;1,7;74,7;410,0;410;18,21%;Fahrplanfahrt (mit Fahrgastzahl);215,86;2,89
3026575;21.01.2025;Mo-Fr S;2;ddb;Netz 4 Los 1;17031;RE 7;23:16;Bruchhausen(b Ettlingen);de:08215:1841;0,3;2,0;73,0;410,0;410;17,80%;Fahrplanfahrt (mit Fahrgastzahl);388,65;5,32
3026576;21.01.2025;Mo-Fr S;3;ddb;Netz 4 Los 1;17031;RE 7;23:20;Malsch;de:08215:8306;3,1;3,2;72,9;410,0;410;17,77%;Fahrplanfahrt (mit Fahrgastzahl);282,61;3,88
3026577;21.01.2025;Mo-Fr S;4;ddb;Netz 4 Los 1;17031;RE 7;23:24;Muggensturm;de:08216:1843;2,9;1,2;74,6;410,0;410;18,19%;Fahrplanfahrt (mit Fahrgastzahl);354,96;4,76
3026578;21.01.2025;Mo-Fr S;5;ddb;Netz 4 Los 1;17031;RE 7;23:29;Rastatt;de:08216:1844;20,6;14,8;80,4;410,0;410;19,61%;Fahrplanfahrt (mit Fahrgastzahl);687,90;8,56
3026579;21.01.2025;Mo-Fr S;6;ddb;Netz 4 Los 1;17031;RE 7;23:35;Baden-Baden;de:08211:1847;6,4;18,3;68,4;410,0;410;16,69%;Fahrplanfahrt (mit Fahrgastzahl);788,71;11,53
3026580;21.01.2025;Mo-Fr S;7;ddb;Netz 4 Los 1;17031;RE 7;23:42;Bühl(Baden);de:08216:32227;2,2;18,7;52,0;410,0;410;12,67%;Fahrplanfahrt (mit Fahrgastzahl);439,00;8,45
3026581;21.01.2025;Mo-Fr S;8;ddb;Netz 4 Los 1;17031;RE 7;23:47;Achern;de:08317:33013;2,0;7,5;46,4;410,0;410;11,31%;Fahrplanfahrt (mit Fahrgastzahl);294,19;6,34
3026582;21.01.2025;Mo-Fr S;9;ddb;Netz 4 Los 1;17031;RE 7;23:52;Renchen;de:08317:13554;0,3;1,7;45,0;410,0;410;10,98%;Fahrplanfahrt (mit Fahrgastzahl);281,97;6,27
3026583;21.01.2025;Mo-Fr S;10;ddb;Netz 4 Los 1;17031;RE 7;23:57;Appenweier;de:08317:14120;1,6;3,2;43,4;410,0;410;10,58%;Fahrplanfahrt (mit Fahrgastzahl);327,40;7,55
3026584;21.01.2025;Mo-Fr S;11;ddb;Netz 4 Los 1;17031;RE 7;24:07;Offenburg;de:08317:14506;13,3;16,9;39,8;410,0;410;9,71%;Fahrplanfahrt (mit Fahrgastzahl);723,62;18,18
3026585;21.01.2025;Mo-Fr S;12;ddb;Netz 4 Los 1;17031;RE 7;24:17;Lahr(Schwarzw);de:08317:12103;3,8;7,4;36,2;410,0;410;8,83%;Fahrplanfahrt (mit Fahrgastzahl);293,32;8,11
3026586;21.01.2025;Mo-Fr S;13;ddb;Netz 4 Los 1;17031;RE 7;24:23;Orschweier;de:08317:18601;0,8;3,0;34,0;410,0;410;8,28%;Fahrplanfahrt (mit Fahrgastzahl);101,89;3,00
3026587;21.01.2025;Mo-Fr S;14;ddb;Netz 4 Los 1;17031;RE 7;24:26;Ringsheim;de:08317:16700;2,0;0,9;35,1;410,0;410;8,57%;Fahrplanfahrt (mit Fahrgastzahl);102,20;2,91
3026588;21.01.2025;Mo-Fr S;15;ddb;Netz 4 Los 1;17031;RE 7;24:29;Herbolzheim(Breisg);de:08316:6562;2,3;2,3;35,1;410,0;410;8,56%;Fahrplanfahrt (mit Fahrgastzahl);115,11;3,28
3026589;21.01.2025;Mo-Fr S;16;ddb;Netz 4 Los 1;17031;RE 7;24:33;Kenzingen;de:08316:6518;1,6;1,7;35,0;410,0;410;8,54%;Fahrplanfahrt (mit Fahrgastzahl);171,01;4,89
3026590;21.01.2025;Mo-Fr S;17;ddb;Netz 4 Los 1;17031;RE 7;24:37;Riegel-Malterdingen;de:08316:5290;0,9;1,7;34,2;410,0;410;8,34%;Fahrplanfahrt (mit Fahrgastzahl);233,25;6,82
3026591;21.01.2025;Mo-Fr S;18;ddb;Netz 4 Los 1;17031;RE 7;24:41;Emmendingen;de:08316:90;3,2;3,3;34,1;410,0;410;8,32%;Fahrplanfahrt (mit Fahrgastzahl);243,95;7,16
3026592;21.01.2025;Mo-Fr S;19;ddb;Netz 4 Los 1;17031;RE 7;24:46;Denzlingen;de:08316:6505;1,3;3,9;31,5;410,0;410;7,68%;Fahrplanfahrt (mit Fahrgastzahl);267,64;8,50
3026593;21.01.2025;Mo-Fr S;20;ddb;Netz 4 Los 1;17031;RE 7;24:51;Freiburg(Breisgau) Hbf;de:08311:6508;0,0;31,5;0,0;;;;Fahrplanfahrt (mit Fahrgastzahl);;
3028235;21.01.2025;Mo-Fr S;0;ddb;Netz 4 Los 1;5338;RE 7;24:10;Freiburg(Breisgau) Hbf;de:08311:6508;21,5;0,0;21,5;440,0;;4,89%;Fahrplanfahrt (mit Fahrgastzahl);29,09;1,35
3028236;21.01.2025;Mo-Fr S;1;ddb;Netz 4 Los 1;5338;RE 7;24:12;Freiburg-Herdern;de:08311:6510;1,4;0,0;23,0;440,0;;5,22%;Fahrplanfahrt (mit Fahrgastzahl);45,78;1,99
3028237;21.01.2025;Mo-Fr S;2;ddb;Netz 4 Los 1;5338;RE 7;24:14;Freiburg-Zähringen;de:08311:6512;2,0;0,8;24,1;440,0;;5,49%;Fahrplanfahrt (mit Fahrgastzahl);58,47;2,42
3028238;21.01.2025;Mo-Fr S;3;ddb;Netz 4 Los 1;5338;RE 7;24:17;Gundelfingen(Breisgau);de:08315:6514;1,8;0,3;25,7;440,0;;5,83%;Fahrplanfahrt (mit Fahrgastzahl);70,19;2,74
3028239;21.01.2025;Mo-Fr S;4;ddb;Netz 4 Los 1;5338;RE 7;24:20;Denzlingen;de:08316:6505;12,8;2,3;36,2;440,0;;8,22%;Fahrplanfahrt (mit Fahrgastzahl);121,11;3,35
3028240;21.01.2025;Mo-Fr S;5;ddb;Netz 4 Los 1;5338;RE 7;24:23;Kollmarsreute;de:08316:6667;1,3;0,6;37,0;440,0;;8,40%;Fahrplanfahrt (mit Fahrgastzahl);140,74;3,81
3028241;21.01.2025;Mo-Fr S;6;ddb;Netz 4 Los 1;5338;RE 7;24:26;Emmendingen;de:08316:90;12,5;8,3;41,2;440,0;;9,37%;Fahrplanfahrt (mit Fahrgastzahl);100,67;2,44
3028242;21.01.2025;Mo-Fr S;7;ddb;Netz 4 Los 1;5338;RE 7;24:29;Teningen-Mundingen;de:08316:729;5,6;1,5;45,2;440,0;;10,28%;Fahrplanfahrt (mit Fahrgastzahl);65,88;1,46
3028243;21.01.2025;Mo-Fr S;8;ddb;Netz 4 Los 1;5338;RE 7;24:31;Köndringen;de:08316:6668;7,1;1,6;50,8;440,0;;11,54%;Fahrplanfahrt (mit Fahrgastzahl);148,41;2,92
3028244;21.01.2025;Mo-Fr S;9;ddb;Netz 4 Los 1;5338;RE 7;24:34;Riegel-Malterdingen;de:08316:5290;7,9;9,0;49,6;440,0;;11,28%;Fahrplanfahrt (mit Fahrgastzahl);242,51;4,89
3028245;21.01.2025;Mo-Fr S;10;ddb;Netz 4 Los 1;5338;RE 7;24:38;Kenzingen;de:08316:6518;8,7;2,6;55,7;440,0;;12,66%;Fahrplanfahrt (mit Fahrgastzahl);182,74;3,28
3028246;21.01.2025;Mo-Fr S;11;ddb;Netz 4 Los 1;5338;RE 7;24:41;Herbolzheim(Breisg);de:08316:6562;10,0;20,5;45,2;440,0;;10,27%;Fahrplanfahrt (mit Fahrgastzahl);131,39;2,91
3028247;21.01.2025;Mo-Fr S;12;ddb;Netz 4 Los 1;5338;RE 7;24:44;Ringsheim;de:08317:16700;5,3;3,1;47,4;440,0;;10,77%;Fahrplanfahrt (mit Fahrgastzahl);142,15;3,00
3028248;21.01.2025;Mo-Fr S;13;ddb;Netz 4 Los 1;5338;RE 7;24:48;Orschweier;de:08317:18601;13,8;7,2;54,0;440,0;;12,27%;Fahrplanfahrt (mit Fahrgastzahl);437,50;8,11
3028249;21.01.2025;Mo-Fr S;14;ddb;Netz 4 Los 1;5338;RE 7;24:54;Lahr(Schwarzw);de:08317:12103;23,4;24,9;52,4;440,0;;11,92%;Fahrplanfahrt (mit Fahrgastzahl);262,40;5,00
3028250;21.01.2025;Mo-Fr S;15;ddb;Netz 4 Los 1;5338;RE 7;24:57;Friesenheim(Baden);de:08317:16220;2,4;2,9;51,9;440,0;;11,80%;Fahrplanfahrt (mit Fahrgastzahl);684,24;13,17
3028251;21.01.2025;Mo-Fr S;16;ddb;Netz 4 Los 1;5338;RE 7;25:06;Offenburg;de:08317:14506;0,0;51,9;0,0;;;;Fahrplanfahrt (mit Fahrgastzahl);;
